image,label
2008_003496_jpg.rf.8f88eec3b16c745af1690235794e6926.jpg,2008_003496_jpg.rf.8f88eec3b16c745af1690235794e6926.txt
2008_007913_jpg.rf.1deeb931b73e3c9a437cd3a3aaf3c344.jpg,2008_007913_jpg.rf.1deeb931b73e3c9a437cd3a3aaf3c344.txt
2009_003508_jpg.rf.dc38cf33e80c9e41cef7fa95aae90589.jpg,2009_003508_jpg.rf.dc38cf33e80c9e41cef7fa95aae90589.txt
2009_004213_jpg.rf.fd3a56b7bcf4a8988e6b699aca02a25e.jpg,2009_004213_jpg.rf.fd3a56b7bcf4a8988e6b699aca02a25e.txt
2009_002698_jpg.rf.be4fc66ffacb174f5639e50c9562fbd3.jpg,2009_002698_jpg.rf.be4fc66ffacb174f5639e50c9562fbd3.txt
2009_003806_jpg.rf.baa514a810e870c70345b918757b7d0a.jpg,2009_003806_jpg.rf.baa514a810e870c70345b918757b7d0a.txt
2011_003419_jpg.rf.c6d33fe99caa0c37a5f8ceeb1fd1f6e5.jpg,2011_003419_jpg.rf.c6d33fe99caa0c37a5f8ceeb1fd1f6e5.txt
2011_004687_jpg.rf.aa380f2f4360611fbe62dc643d6ba0bf.jpg,2011_004687_jpg.rf.aa380f2f4360611fbe62dc643d6ba0bf.txt
2008_003170_jpg.rf.61f6ee9e0b0e272e05f7b5a2e0539c8d.jpg,2008_003170_jpg.rf.61f6ee9e0b0e272e05f7b5a2e0539c8d.txt
2009_003977_jpg.rf.f9a1bb1e075449ae920b13dd7d6d41ff.jpg,2009_003977_jpg.rf.f9a1bb1e075449ae920b13dd7d6d41ff.txt
2009_005158_jpg.rf.217c29e56d096771c8b3f4a1266cea46.jpg,2009_005158_jpg.rf.217c29e56d096771c8b3f4a1266cea46.txt
2008_008302_jpg.rf.a2138aea577ac0522c659a3aa15fb049.jpg,2008_008302_jpg.rf.a2138aea577ac0522c659a3aa15fb049.txt
2011_004028_jpg.rf.4801890b521edfe8e0910418c3a6cc48.jpg,2011_004028_jpg.rf.4801890b521edfe8e0910418c3a6cc48.txt
2011_003943_jpg.rf.f408e2a1dadf626479b48ab26321cb78.jpg,2011_003943_jpg.rf.f408e2a1dadf626479b48ab26321cb78.txt
2009_004073_jpg.rf.8b56273f800943d891fbcbd07319e147.jpg,2009_004073_jpg.rf.8b56273f800943d891fbcbd07319e147.txt
2008_003545_jpg.rf.c181cd62d92878f15345ef3c255516ea.jpg,2008_003545_jpg.rf.c181cd62d92878f15345ef3c255516ea.txt
2011_004836_jpg.rf.4f51d878563bd6db250f72d4a520979f.jpg,2011_004836_jpg.rf.4f51d878563bd6db250f72d4a520979f.txt
2008_007165_jpg.rf.263424a74db4320aff0ac34914eeb721.jpg,2008_007165_jpg.rf.263424a74db4320aff0ac34914eeb721.txt
2008_003796_jpg.rf.9ceaee2771d70e4173dfe82bfb11df37.jpg,2008_003796_jpg.rf.9ceaee2771d70e4173dfe82bfb11df37.txt
2011_004741_jpg.rf.64ab93a3c50fbaafeebbb31b6512bf7d.jpg,2011_004741_jpg.rf.64ab93a3c50fbaafeebbb31b6512bf7d.txt
2009_004020_jpg.rf.a634da47e6ab3b57f7589d6b0ac1eb86.jpg,2009_004020_jpg.rf.a634da47e6ab3b57f7589d6b0ac1eb86.txt
2011_003642_jpg.rf.260e9feaa4acbde40a8cf6ecaaa09048.jpg,2011_003642_jpg.rf.260e9feaa4acbde40a8cf6ecaaa09048.txt
2008_003684_jpg.rf.1f100cefffc000d4ef92eb4e873caa5e.jpg,2008_003684_jpg.rf.1f100cefffc000d4ef92eb4e873caa5e.txt
2011_004686_jpg.rf.395a4845d2b7f3741847e622ac07402e.jpg,2011_004686_jpg.rf.395a4845d2b7f3741847e622ac07402e.txt
2009_003895_jpg.rf.2230f4e2b60a1e8da98d28c0c11ea3ed.jpg,2009_003895_jpg.rf.2230f4e2b60a1e8da98d28c0c11ea3ed.txt
2008_007424_jpg.rf.ca6443923cd14d000b3d7787bf4dc211.jpg,2008_007424_jpg.rf.ca6443923cd14d000b3d7787bf4dc211.txt
2009_004228_jpg.rf.d1cca9508aa5a02f8cdef9b36ba4cbb5.jpg,2009_004228_jpg.rf.d1cca9508aa5a02f8cdef9b36ba4cbb5.txt
2008_008091_jpg.rf.a8b479fdde065ca0ae6b07a184858749.jpg,2008_008091_jpg.rf.a8b479fdde065ca0ae6b07a184858749.txt
2011_003719_jpg.rf.f5e8bb75635a64418f8eb838d628a88c.jpg,2011_003719_jpg.rf.f5e8bb75635a64418f8eb838d628a88c.txt
2011_003973_jpg.rf.066a8b7fd009f38bbb1ce75796cb26ca.jpg,2011_003973_jpg.rf.066a8b7fd009f38bbb1ce75796cb26ca.txt
2011_004102_jpg.rf.5fca7f85305fa8fada45132f92dcf982.jpg,2011_004102_jpg.rf.5fca7f85305fa8fada45132f92dcf982.txt
2008_003924_jpg.rf.6bb76ed170e02ea8d53f53fb8ee2060d.jpg,2008_003924_jpg.rf.6bb76ed170e02ea8d53f53fb8ee2060d.txt
2011_004606_jpg.rf.4d78ac5577d1b254191e327c4d5e12a0.jpg,2011_004606_jpg.rf.4d78ac5577d1b254191e327c4d5e12a0.txt
2011_005097_jpg.rf.18e342cd0d8fd128880ee17095675326.jpg,2011_005097_jpg.rf.18e342cd0d8fd128880ee17095675326.txt
2011_003921_jpg.rf.d96aa54b3067f7cc22887119e81487fd.jpg,2011_003921_jpg.rf.d96aa54b3067f7cc22887119e81487fd.txt
2009_002424_jpg.rf.ea45fac56f43e08b8407fe76ca497a8d.jpg,2009_002424_jpg.rf.ea45fac56f43e08b8407fe76ca497a8d.txt
2008_006837_jpg.rf.277467d26cb50ddf76e91606f2e5d053.jpg,2008_006837_jpg.rf.277467d26cb50ddf76e91606f2e5d053.txt
2009_005094_jpg.rf.69c77df9150ad39a07867dc3be0d30dd.jpg,2009_005094_jpg.rf.69c77df9150ad39a07867dc3be0d30dd.txt
2009_004926_jpg.rf.9df7bb1ecd0772cb0354fb46909be622.jpg,2009_004926_jpg.rf.9df7bb1ecd0772cb0354fb46909be622.txt
2009_002785_jpg.rf.91dfed5bb35bf5fe7fb5b252923c6ac7.jpg,2009_002785_jpg.rf.91dfed5bb35bf5fe7fb5b252923c6ac7.txt
2009_002441_jpg.rf.85d682b2db0f165f2d710c73cbaba60d.jpg,2009_002441_jpg.rf.85d682b2db0f165f2d710c73cbaba60d.txt
2008_008453_jpg.rf.12dc905bc75e7765c2cdd1d776fd0b95.jpg,2008_008453_jpg.rf.12dc905bc75e7765c2cdd1d776fd0b95.txt
2011_003909_jpg.rf.b2ee4fab7d2d606e7076a45f503934c5.jpg,2011_003909_jpg.rf.b2ee4fab7d2d606e7076a45f503934c5.txt
2011_005026_jpg.rf.59edea1db77fb5af027109d0e563369c.jpg,2011_005026_jpg.rf.59edea1db77fb5af027109d0e563369c.txt
2008_007374_jpg.rf.95dafe183f060e06d4964aed6e7dba01.jpg,2008_007374_jpg.rf.95dafe183f060e06d4964aed6e7dba01.txt
2009_004661_jpg.rf.9bb13707f2cd796e548c155e0b6d05e1.jpg,2009_004661_jpg.rf.9bb13707f2cd796e548c155e0b6d05e1.txt
2008_006802_jpg.rf.509301f2d5ad953b99d1c07b08667e6b.jpg,2008_006802_jpg.rf.509301f2d5ad953b99d1c07b08667e6b.txt
2011_003425_jpg.rf.55440311523c1ba00dff09adec7c3fdf.jpg,2011_003425_jpg.rf.55440311523c1ba00dff09adec7c3fdf.txt
2009_002824_jpg.rf.bbe57483bce47672a5f389b68bba37ee.jpg,2009_002824_jpg.rf.bbe57483bce47672a5f389b68bba37ee.txt
2011_004759_jpg.rf.ccfbf167a84b96ba1529cff8d1e6f6f3.jpg,2011_004759_jpg.rf.ccfbf167a84b96ba1529cff8d1e6f6f3.txt
2008_003321_jpg.rf.2bb8f5e84a612e9a4e448e23db1c8416.jpg,2008_003321_jpg.rf.2bb8f5e84a612e9a4e448e23db1c8416.txt
2009_002910_jpg.rf.187f237389f9519ac9be35fa5e5f727a.jpg,2009_002910_jpg.rf.187f237389f9519ac9be35fa5e5f727a.txt
2009_004917_jpg.rf.d2360f963b5bba6f2b9a58246e89bb0a.jpg,2009_004917_jpg.rf.d2360f963b5bba6f2b9a58246e89bb0a.txt
2008_002835_jpg.rf.3485fbc2550c5f9fffa2e36184c8dfb8.jpg,2008_002835_jpg.rf.3485fbc2550c5f9fffa2e36184c8dfb8.txt
2008_003842_jpg.rf.b7d0368d7eb5c788d3ee30185797ed88.jpg,2008_003842_jpg.rf.b7d0368d7eb5c788d3ee30185797ed88.txt
2008_003107_jpg.rf.68ee01220e8548ad8c85b7fa1dda2698.jpg,2008_003107_jpg.rf.68ee01220e8548ad8c85b7fa1dda2698.txt
2009_005103_jpg.rf.8419cc9a2dd300d2693f562b21b802e1.jpg,2009_005103_jpg.rf.8419cc9a2dd300d2693f562b21b802e1.txt
2008_003621_jpg.rf.67880f44389e3b6f74d54df5d4ab3f23.jpg,2008_003621_jpg.rf.67880f44389e3b6f74d54df5d4ab3f23.txt
2009_003265_jpg.rf.9ef8b9e112e65ac48f47a8fb60e07644.jpg,2009_003265_jpg.rf.9ef8b9e112e65ac48f47a8fb60e07644.txt
2008_003037_jpg.rf.83dfe54d2406b20645a0a6d8795bccf2.jpg,2008_003037_jpg.rf.83dfe54d2406b20645a0a6d8795bccf2.txt
2008_003766_jpg.rf.47aa20aac1aa2e50b4498ff3a7652cf2.jpg,2008_003766_jpg.rf.47aa20aac1aa2e50b4498ff3a7652cf2.txt
2008_007393_jpg.rf.d49b8895ffc18141980f9f17fce88e80.jpg,2008_007393_jpg.rf.d49b8895ffc18141980f9f17fce88e80.txt
2011_003515_jpg.rf.8b28c9c17b46ffd22252efe0942dd765.jpg,2011_003515_jpg.rf.8b28c9c17b46ffd22252efe0942dd765.txt
2009_003456_jpg.rf.ff82b1474530e9150e7b178c6f9ed433.jpg,2009_003456_jpg.rf.ff82b1474530e9150e7b178c6f9ed433.txt
2009_002845_jpg.rf.adde18cf214efd5b4f212d754a19d35e.jpg,2009_002845_jpg.rf.adde18cf214efd5b4f212d754a19d35e.txt
2011_003306_jpg.rf.590ce53f12d8b75a51fcb5e8577c9495.jpg,2011_003306_jpg.rf.590ce53f12d8b75a51fcb5e8577c9495.txt
2009_003697_jpg.rf.3f7db609bf01e50fd01b0e8dd40d9c16.jpg,2009_003697_jpg.rf.3f7db609bf01e50fd01b0e8dd40d9c16.txt
2011_003783_jpg.rf.90d2efec281e32b6118ff31bc50ed252.jpg,2011_003783_jpg.rf.90d2efec281e32b6118ff31bc50ed252.txt
2009_004124_jpg.rf.e45939301f978a32dbbb59d942d5f583.jpg,2009_004124_jpg.rf.e45939301f978a32dbbb59d942d5f583.txt
2008_008145_jpg.rf.8d9588cb9d93d590d63f07fabe15414e.jpg,2008_008145_jpg.rf.8d9588cb9d93d590d63f07fabe15414e.txt
2009_004016_jpg.rf.7be1701d2754e968ead62e5ea6c0e3c5.jpg,2009_004016_jpg.rf.7be1701d2754e968ead62e5ea6c0e3c5.txt
2009_004108_jpg.rf.33e602f97d3fb3c08c3c5fcbf60dd87d.jpg,2009_004108_jpg.rf.33e602f97d3fb3c08c3c5fcbf60dd87d.txt
2011_003879_jpg.rf.cc91d6e2cf5fbc91088481e125d45a29.jpg,2011_003879_jpg.rf.cc91d6e2cf5fbc91088481e125d45a29.txt
2011_004156_jpg.rf.86e37f5d428b3db6d272d8443bf6d181.jpg,2011_004156_jpg.rf.86e37f5d428b3db6d272d8443bf6d181.txt
2009_002456_jpg.rf.08e87d463087b3cf3b1a6a944f3c3701.jpg,2009_002456_jpg.rf.08e87d463087b3cf3b1a6a944f3c3701.txt
2009_002685_jpg.rf.557c9ea4ef6a614523cffa9d790c44fc.jpg,2009_002685_jpg.rf.557c9ea4ef6a614523cffa9d790c44fc.txt
2008_006991_jpg.rf.c45b3c2005b2ed99bdf486a265f283f8.jpg,2008_006991_jpg.rf.c45b3c2005b2ed99bdf486a265f283f8.txt
2009_004186_jpg.rf.6603f4ef6c3a13c173f6be74816ddb2f.jpg,2009_004186_jpg.rf.6603f4ef6c3a13c173f6be74816ddb2f.txt
2008_007378_jpg.rf.e7672fff8e4f537077776901bba546a2.jpg,2008_007378_jpg.rf.e7672fff8e4f537077776901bba546a2.txt
2008_003104_jpg.rf.b18e89f5b585868c3a46ebae2718225b.jpg,2008_003104_jpg.rf.b18e89f5b585868c3a46ebae2718225b.txt
2011_004157_jpg.rf.035984ef8c82c1eda78cca95dff987cb.jpg,2011_004157_jpg.rf.035984ef8c82c1eda78cca95dff987cb.txt
2011_003724_jpg.rf.d36cc41206a2d7366a2f74d397613da8.jpg,2011_003724_jpg.rf.d36cc41206a2d7366a2f74d397613da8.txt
2008_006827_jpg.rf.3dbe341a05a97034b0a0ab3c8733a6ac.jpg,2008_006827_jpg.rf.3dbe341a05a97034b0a0ab3c8733a6ac.txt
2009_004191_jpg.rf.1811a2e5acf4d703eb99d810cc9518bc.jpg,2009_004191_jpg.rf.1811a2e5acf4d703eb99d810cc9518bc.txt
2009_003035_jpg.rf.ae13893e09b5a75e6c0ce778ac4e066d.jpg,2009_003035_jpg.rf.ae13893e09b5a75e6c0ce778ac4e066d.txt
2009_002401_jpg.rf.dd202ac817c3e0a3ea7c13428031cba3.jpg,2009_002401_jpg.rf.dd202ac817c3e0a3ea7c13428031cba3.txt
2009_003010_jpg.rf.bfff1bc530d2a3abfd0473b5d986db00.jpg,2009_003010_jpg.rf.bfff1bc530d2a3abfd0473b5d986db00.txt
2011_003518_jpg.rf.f0bff682197d9a106258a2373b8afcd2.jpg,2011_003518_jpg.rf.f0bff682197d9a106258a2373b8afcd2.txt
2011_004262_jpg.rf.ea6e8f23cea9656d2d07acbbc3ac4268.jpg,2011_004262_jpg.rf.ea6e8f23cea9656d2d07acbbc3ac4268.txt
2009_003690_jpg.rf.9af32b80bcf3ee2682b90ce8cbc162f1.jpg,2009_003690_jpg.rf.9af32b80bcf3ee2682b90ce8cbc162f1.txt
2011_004757_jpg.rf.1664e172c0a06d9d2e736086258b019f.jpg,2011_004757_jpg.rf.1664e172c0a06d9d2e736086258b019f.txt
2008_003157_jpg.rf.451846ba2fd605d2ece4ac95918e5450.jpg,2008_003157_jpg.rf.451846ba2fd605d2ece4ac95918e5450.txt
2011_004011_jpg.rf.44ea77144031242e6c5ab9e7d77150bb.jpg,2011_004011_jpg.rf.44ea77144031242e6c5ab9e7d77150bb.txt
2008_008578_jpg.rf.2ee33c639e30ff1ac18a854f3addaf08.jpg,2008_008578_jpg.rf.2ee33c639e30ff1ac18a854f3addaf08.txt
2008_006487_jpg.rf.4a23ef4ce71e86fdb93e7c28948faf47.jpg,2008_006487_jpg.rf.4a23ef4ce71e86fdb93e7c28948faf47.txt
2011_003920_jpg.rf.9fae341d76fa67bcfe7a0fe7c81c6d7f.jpg,2011_003920_jpg.rf.9fae341d76fa67bcfe7a0fe7c81c6d7f.txt
2008_008373_jpg.rf.fcaa5ca1aa4275b6be3e3c6e64d1431b.jpg,2008_008373_jpg.rf.fcaa5ca1aa4275b6be3e3c6e64d1431b.txt
2008_008346_jpg.rf.9b1b49711143d1380363b245c80bb275.jpg,2008_008346_jpg.rf.9b1b49711143d1380363b245c80bb275.txt
2008_008410_jpg.rf.f539437ae26f06a4c69c956701362ade.jpg,2008_008410_jpg.rf.f539437ae26f06a4c69c956701362ade.txt
2011_004556_jpg.rf.fe911906b0a94b847a80852c51ef2fd6.jpg,2011_004556_jpg.rf.fe911906b0a94b847a80852c51ef2fd6.txt
2009_004790_jpg.rf.a606af1e50cb9e28aaaa1c71ba64a6b9.jpg,2009_004790_jpg.rf.a606af1e50cb9e28aaaa1c71ba64a6b9.txt
2011_003836_jpg.rf.fb4dbbbd5218c83461bc353dab29e5b1.jpg,2011_003836_jpg.rf.fb4dbbbd5218c83461bc353dab29e5b1.txt
2009_002407_jpg.rf.f30854a54111d8a8d93f7c4f06b933d3.jpg,2009_002407_jpg.rf.f30854a54111d8a8d93f7c4f06b933d3.txt
2008_003618_jpg.rf.f96b3a5453cf5560749fe1100e09c9c6.jpg,2008_003618_jpg.rf.f96b3a5453cf5560749fe1100e09c9c6.txt
2009_003667_jpg.rf.3d66eacaa38985f263822605a89fc37d.jpg,2009_003667_jpg.rf.3d66eacaa38985f263822605a89fc37d.txt
2008_006434_jpg.rf.fd3d105fdca6b9cb577b04a81434d4f0.jpg,2008_006434_jpg.rf.fd3d105fdca6b9cb577b04a81434d4f0.txt
2009_004170_jpg.rf.e4937c8bf678d0ae8747578d35c8e9d5.jpg,2009_004170_jpg.rf.e4937c8bf678d0ae8747578d35c8e9d5.txt
2009_002844_jpg.rf.ce22e11e2dc6b91af263578eb1f19e1e.jpg,2009_002844_jpg.rf.ce22e11e2dc6b91af263578eb1f19e1e.txt
2009_003654_jpg.rf.d0ff8001a51b0576bfd18bc0c12e112b.jpg,2009_003654_jpg.rf.d0ff8001a51b0576bfd18bc0c12e112b.txt
2011_004115_jpg.rf.d664e9310e6eacb8e468fcda7949bec3.jpg,2011_004115_jpg.rf.d664e9310e6eacb8e468fcda7949bec3.txt
2009_003290_jpg.rf.0acbcca361dbb53a24149bbaaca71315.jpg,2009_003290_jpg.rf.0acbcca361dbb53a24149bbaaca71315.txt
2009_003663_jpg.rf.8e6f2a88845c74bdf9d2896aa4f8a195.jpg,2009_003663_jpg.rf.8e6f2a88845c74bdf9d2896aa4f8a195.txt
2009_004138_jpg.rf.56bfa03c453c7144a1dd24bbc48d5218.jpg,2009_004138_jpg.rf.56bfa03c453c7144a1dd24bbc48d5218.txt
2009_005076_jpg.rf.c56f119d95fce093e6bc309f965e60d9.jpg,2009_005076_jpg.rf.c56f119d95fce093e6bc309f965e60d9.txt
2009_005033_jpg.rf.927c709d583b4b5a6703165bf5cb5deb.jpg,2009_005033_jpg.rf.927c709d583b4b5a6703165bf5cb5deb.txt
2011_003609_jpg.rf.6015ba6d053d23f7bb6f48ae8ce4a0b2.jpg,2011_003609_jpg.rf.6015ba6d053d23f7bb6f48ae8ce4a0b2.txt
2009_003510_jpg.rf.f3f97d95ec0edd517590fe1e1a777c2d.jpg,2009_003510_jpg.rf.f3f97d95ec0edd517590fe1e1a777c2d.txt
2009_002317_jpg.rf.86ede6fb6c65c278ad76ef2c7c4174a7.jpg,2009_002317_jpg.rf.86ede6fb6c65c278ad76ef2c7c4174a7.txt
2009_003376_jpg.rf.458c60913f1cd1e2550bf8da507f26de.jpg,2009_003376_jpg.rf.458c60913f1cd1e2550bf8da507f26de.txt
2008_007791_jpg.rf.d70a4d3f9918a2cf8e05f43dff5aa99d.jpg,2008_007791_jpg.rf.d70a4d3f9918a2cf8e05f43dff5aa99d.txt
2008_006973_jpg.rf.ae2c2e2c61f6e5199d23060ebf0b0ee8.jpg,2008_006973_jpg.rf.ae2c2e2c61f6e5199d23060ebf0b0ee8.txt
2008_007221_jpg.rf.06ddcbea49ee6698ff93fe21df6b8981.jpg,2008_007221_jpg.rf.06ddcbea49ee6698ff93fe21df6b8981.txt
2008_007026_jpg.rf.da0a570fab0eff105707be85583aee80.jpg,2008_007026_jpg.rf.da0a570fab0eff105707be85583aee80.txt
2008_007081_jpg.rf.ecda072b14fc812814e26737c6332bec.jpg,2008_007081_jpg.rf.ecda072b14fc812814e26737c6332bec.txt
2008_006654_jpg.rf.9cf27fa55f2cfdf3e1cd4b0ba5d94e94.jpg,2008_006654_jpg.rf.9cf27fa55f2cfdf3e1cd4b0ba5d94e94.txt
2008_002883_jpg.rf.998d766d8bd2d102008bcc927407895d.jpg,2008_002883_jpg.rf.998d766d8bd2d102008bcc927407895d.txt
2009_002464_jpg.rf.1cded7bb0f417fa939b209d5cdb6729a.jpg,2009_002464_jpg.rf.1cded7bb0f417fa939b209d5cdb6729a.txt
2011_003331_jpg.rf.bf6d4bbeea617738e8a563d957925cf2.jpg,2011_003331_jpg.rf.bf6d4bbeea617738e8a563d957925cf2.txt
2011_003874_jpg.rf.98628ea653f7506acceea83382f15853.jpg,2011_003874_jpg.rf.98628ea653f7506acceea83382f15853.txt
2009_003867_jpg.rf.1add85ab16d56efbf2a29fa4c5b87f0e.jpg,2009_003867_jpg.rf.1add85ab16d56efbf2a29fa4c5b87f0e.txt
2009_002465_jpg.rf.61c98876ca604084e02ca182ac17f38f.jpg,2009_002465_jpg.rf.61c98876ca604084e02ca182ac17f38f.txt
2009_002203_jpg.rf.761f5d71340803a9b051f377635c8f55.jpg,2009_002203_jpg.rf.761f5d71340803a9b051f377635c8f55.txt
2011_004193_jpg.rf.d1fbd9f403b30524a265ea735ace0ede.jpg,2011_004193_jpg.rf.d1fbd9f403b30524a265ea735ace0ede.txt
2011_005111_jpg.rf.0ce860fa38f951b62eca05a94b389c4f.jpg,2011_005111_jpg.rf.0ce860fa38f951b62eca05a94b389c4f.txt
2009_003208_jpg.rf.e2ebc7250d489bf57e5a37b3c545ccbb.jpg,2009_003208_jpg.rf.e2ebc7250d489bf57e5a37b3c545ccbb.txt
2008_007902_jpg.rf.23774e7c0345daa0070194005ed39f14.jpg,2008_007902_jpg.rf.23774e7c0345daa0070194005ed39f14.txt
2008_006691_jpg.rf.106409d688b669ed73387b97f27a698d.jpg,2008_006691_jpg.rf.106409d688b669ed73387b97f27a698d.txt
2008_006511_jpg.rf.568e1c5779f103220b965e6940e372dd.jpg,2008_006511_jpg.rf.568e1c5779f103220b965e6940e372dd.txt
2008_007252_jpg.rf.ef773d1f14b3795730c35115b573f15e.jpg,2008_007252_jpg.rf.ef773d1f14b3795730c35115b573f15e.txt
2008_006733_jpg.rf.a50874f730f63be220103f424c460f12.jpg,2008_006733_jpg.rf.a50874f730f63be220103f424c460f12.txt
2008_003472_jpg.rf.2a61616bf14bde5c9666a244cb811611.jpg,2008_003472_jpg.rf.2a61616bf14bde5c9666a244cb811611.txt
2008_006811_jpg.rf.c3ee484cd40e37992ff39e9b762df805.jpg,2008_006811_jpg.rf.c3ee484cd40e37992ff39e9b762df805.txt
2011_003285_jpg.rf.b8cda9a6ff5a59d7fbdee2b9ad8e034d.jpg,2011_003285_jpg.rf.b8cda9a6ff5a59d7fbdee2b9ad8e034d.txt
2008_007693_jpg.rf.b36fe7f07297fc44dabfbc7d24663109.jpg,2008_007693_jpg.rf.b36fe7f07297fc44dabfbc7d24663109.txt
2008_003694_jpg.rf.ba34663569e5649af0161bfcf8911e43.jpg,2008_003694_jpg.rf.ba34663569e5649af0161bfcf8911e43.txt
2008_003488_jpg.rf.7ffa6e8c735167dfa3eeecad9c91757e.jpg,2008_003488_jpg.rf.7ffa6e8c735167dfa3eeecad9c91757e.txt
2011_004443_jpg.rf.444d23016113ce25c505e7ac2b0c5e92.jpg,2011_004443_jpg.rf.444d23016113ce25c505e7ac2b0c5e92.txt
2011_004101_jpg.rf.1207f7d60099141612e310916d26daf2.jpg,2011_004101_jpg.rf.1207f7d60099141612e310916d26daf2.txt
2008_003101_jpg.rf.7f1408e8f5da060e523f0d9a852379b1.jpg,2008_003101_jpg.rf.7f1408e8f5da060e523f0d9a852379b1.txt
2008_007103_jpg.rf.a350e4de720ebf1a2fe3a1e929c9d9a0.jpg,2008_007103_jpg.rf.a350e4de720ebf1a2fe3a1e929c9d9a0.txt
2009_004062_jpg.rf.4162888e22553eba4d74b6cfe31c6c16.jpg,2009_004062_jpg.rf.4162888e22553eba4d74b6cfe31c6c16.txt
2009_002155_jpg.rf.fdfd5eb7e4e24033ef73677162e27942.jpg,2009_002155_jpg.rf.fdfd5eb7e4e24033ef73677162e27942.txt
2009_003606_jpg.rf.aa51c361fd2e372c942cfac69f3d3b2a.jpg,2009_003606_jpg.rf.aa51c361fd2e372c942cfac69f3d3b2a.txt
2008_003772_jpg.rf.c4c10c14f996bf2775c7d60186aed94b.jpg,2008_003772_jpg.rf.c4c10c14f996bf2775c7d60186aed94b.txt
2011_003413_jpg.rf.f32681857507dd093cadf957125e6ad4.jpg,2011_003413_jpg.rf.f32681857507dd093cadf957125e6ad4.txt
2008_007498_jpg.rf.db9c9d7394996f217dac7555f817604a.jpg,2008_007498_jpg.rf.db9c9d7394996f217dac7555f817604a.txt
2009_003305_jpg.rf.f6be949612862850935091ee7de20332.jpg,2009_003305_jpg.rf.f6be949612862850935091ee7de20332.txt
2011_003272_jpg.rf.6085e9eda54e53e7dbf9b641f74e06af.jpg,2011_003272_jpg.rf.6085e9eda54e53e7dbf9b641f74e06af.txt
2008_003136_jpg.rf.ac9250c1f561a305c8dd144ff71d3242.jpg,2008_003136_jpg.rf.ac9250c1f561a305c8dd144ff71d3242.txt
2011_003960_jpg.rf.99cb3b860f400867163d7365f4ff2394.jpg,2011_003960_jpg.rf.99cb3b860f400867163d7365f4ff2394.txt
2011_003638_jpg.rf.dbfd6d8f79eaf866f4d8e57f9ae8ae24.jpg,2011_003638_jpg.rf.dbfd6d8f79eaf866f4d8e57f9ae8ae24.txt
2011_003427_jpg.rf.7a91e7b559b28ccb09babc4048669229.jpg,2011_003427_jpg.rf.7a91e7b559b28ccb09babc4048669229.txt
2008_002830_jpg.rf.f961432c4d2389084d32685419030896.jpg,2008_002830_jpg.rf.f961432c4d2389084d32685419030896.txt
2008_006919_jpg.rf.d69a2f4b062165bca9b97f43b68edd82.jpg,2008_006919_jpg.rf.d69a2f4b062165bca9b97f43b68edd82.txt
2009_002712_jpg.rf.2f3e242820c91857742ffc30d8bc8b80.jpg,2009_002712_jpg.rf.2f3e242820c91857742ffc30d8bc8b80.txt
2009_003827_jpg.rf.e3b048661a93d3e1dfa3f5fc112b9dac.jpg,2009_003827_jpg.rf.e3b048661a93d3e1dfa3f5fc112b9dac.txt
2008_007446_jpg.rf.007be34efb9e340ff6d5bc9a41559a37.jpg,2008_007446_jpg.rf.007be34efb9e340ff6d5bc9a41559a37.txt
2008_007293_jpg.rf.67d3a34fd229c1b383b9fe21c5e6d23c.jpg,2008_007293_jpg.rf.67d3a34fd229c1b383b9fe21c5e6d23c.txt
2011_004455_jpg.rf.ba47c5fae0c9d3310dc6277924a9fc02.jpg,2011_004455_jpg.rf.ba47c5fae0c9d3310dc6277924a9fc02.txt
2009_003273_jpg.rf.ab2a30d9a19e1a4e5b16a829068205b1.jpg,2009_003273_jpg.rf.ab2a30d9a19e1a4e5b16a829068205b1.txt
2008_006624_jpg.rf.c89e6bf8feb065259dac36a4915ade9a.jpg,2008_006624_jpg.rf.c89e6bf8feb065259dac36a4915ade9a.txt
2011_003898_jpg.rf.3e4352cf9ec7ed4d5578ee727cddec6c.jpg,2011_003898_jpg.rf.3e4352cf9ec7ed4d5578ee727cddec6c.txt
2008_003754_jpg.rf.3019c747be8c8adeee2f5f48029cfdf1.jpg,2008_003754_jpg.rf.3019c747be8c8adeee2f5f48029cfdf1.txt
2008_007138_jpg.rf.bd1073a48767856677a823644dfde65f.jpg,2008_007138_jpg.rf.bd1073a48767856677a823644dfde65f.txt
2011_004998_jpg.rf.c3abc870a07849e707aa75b5ae771995.jpg,2011_004998_jpg.rf.c3abc870a07849e707aa75b5ae771995.txt
2009_003507_jpg.rf.cb26db5edec0be1fcc073ebc45feea00.jpg,2009_003507_jpg.rf.cb26db5edec0be1fcc073ebc45feea00.txt
2009_002242_jpg.rf.731ad97b9f423d96ed9521f25c407f43.jpg,2009_002242_jpg.rf.731ad97b9f423d96ed9521f25c407f43.txt
2008_006416_jpg.rf.a2f84750d945c455f16c59edd1ba856b.jpg,2008_006416_jpg.rf.a2f84750d945c455f16c59edd1ba856b.txt
2009_004224_jpg.rf.b6bf09a6b2311d230a18f8c90f51799f.jpg,2009_004224_jpg.rf.b6bf09a6b2311d230a18f8c90f51799f.txt
2011_004474_jpg.rf.3613c99457351de5292c6448391b267a.jpg,2011_004474_jpg.rf.3613c99457351de5292c6448391b267a.txt
2008_003761_jpg.rf.39a1f55295af1c5245f8e7f8b9d5aa24.jpg,2008_003761_jpg.rf.39a1f55295af1c5245f8e7f8b9d5aa24.txt
2008_006839_jpg.rf.f90df40ae5584cbe559f217778c743e4.jpg,2008_006839_jpg.rf.f90df40ae5584cbe559f217778c743e4.txt
2008_007471_jpg.rf.7b13a70737d8232fa5dd0d326b573b66.jpg,2008_007471_jpg.rf.7b13a70737d8232fa5dd0d326b573b66.txt
2009_004820_jpg.rf.c4841d815aec3147d2d3531a85d380f2.jpg,2009_004820_jpg.rf.c4841d815aec3147d2d3531a85d380f2.txt
2008_003611_jpg.rf.14cc5918052b40a39e751d39cf7233ea.jpg,2008_003611_jpg.rf.14cc5918052b40a39e751d39cf7233ea.txt
2011_004620_jpg.rf.5606dda3bc4d39731aa2e9f5909aa32d.jpg,2011_004620_jpg.rf.5606dda3bc4d39731aa2e9f5909aa32d.txt
2008_007168_jpg.rf.8036fb06900602b96b3955c9ea0b8a4c.jpg,2008_007168_jpg.rf.8036fb06900602b96b3955c9ea0b8a4c.txt
2011_004864_jpg.rf.173a59eb3b8a9b77fa7e70f4d64c2648.jpg,2011_004864_jpg.rf.173a59eb3b8a9b77fa7e70f4d64c2648.txt
2008_007441_jpg.rf.fcd499d85147a28927ed7c8ec722632b.jpg,2008_007441_jpg.rf.fcd499d85147a28927ed7c8ec722632b.txt
2008_003542_jpg.rf.26404b065e1e1133a46124e669c98e9d.jpg,2008_003542_jpg.rf.26404b065e1e1133a46124e669c98e9d.txt
2008_008268_jpg.rf.20cf1c357e606e9e471fb995847357b4.jpg,2008_008268_jpg.rf.20cf1c357e606e9e471fb995847357b4.txt
2009_004181_jpg.rf.883ca23b984799dd29291289e3dce9d8.jpg,2009_004181_jpg.rf.883ca23b984799dd29291289e3dce9d8.txt
2008_007677_jpg.rf.2b48ac1ee7f4680130a2ea46a3268edd.jpg,2008_007677_jpg.rf.2b48ac1ee7f4680130a2ea46a3268edd.txt
2009_004554_jpg.rf.1aa2d7773a7fccf366eab69c62e567e2.jpg,2009_004554_jpg.rf.1aa2d7773a7fccf366eab69c62e567e2.txt
2009_003191_jpg.rf.b1bfa994d8e48f5cd580392d285e6f6e.jpg,2009_003191_jpg.rf.b1bfa994d8e48f5cd580392d285e6f6e.txt
2011_003604_jpg.rf.2e4de3ea0a726f30b5015e8387e2b55b.jpg,2011_003604_jpg.rf.2e4de3ea0a726f30b5015e8387e2b55b.txt
2008_007434_jpg.rf.7fa391ec2b20f0f9c5b51ba0353809fd.jpg,2008_007434_jpg.rf.7fa391ec2b20f0f9c5b51ba0353809fd.txt
2008_007683_jpg.rf.36e1377a19933c1e27ea1851ab66d769.jpg,2008_007683_jpg.rf.36e1377a19933c1e27ea1851ab66d769.txt
2008_006881_jpg.rf.1dee82f28683a6abedfe2f57fdb5cb06.jpg,2008_006881_jpg.rf.1dee82f28683a6abedfe2f57fdb5cb06.txt
2011_003763_jpg.rf.1d79977b9faabe650f568ad504b12d34.jpg,2011_003763_jpg.rf.1d79977b9faabe650f568ad504b12d34.txt
2008_003591_jpg.rf.bb2589b81b479f8c5351bb788d80c103.jpg,2008_003591_jpg.rf.bb2589b81b479f8c5351bb788d80c103.txt
2011_003463_jpg.rf.a28742a84784e2c36899f428ac6c759c.jpg,2011_003463_jpg.rf.a28742a84784e2c36899f428ac6c759c.txt
2008_007021_jpg.rf.a628da3709887aa2b11d4acfbda6105e.jpg,2008_007021_jpg.rf.a628da3709887aa2b11d4acfbda6105e.txt
2009_004984_jpg.rf.38be406579c874f518ba37434aefead1.jpg,2009_004984_jpg.rf.38be406579c874f518ba37434aefead1.txt
2011_004981_jpg.rf.edb76ce80a72492d6b03c7c42e26acca.jpg,2011_004981_jpg.rf.edb76ce80a72492d6b03c7c42e26acca.txt
2011_004323_jpg.rf.d3249e95675cfa70b12b5fe5ae8b590c.jpg,2011_004323_jpg.rf.d3249e95675cfa70b12b5fe5ae8b590c.txt
2008_008105_jpg.rf.30198504dee48a7cc2d9d0bd1cb5708f.jpg,2008_008105_jpg.rf.30198504dee48a7cc2d9d0bd1cb5708f.txt
2008_003805_jpg.rf.adc67fb73a56eb987e822ae57ee0f80e.jpg,2008_003805_jpg.rf.adc67fb73a56eb987e822ae57ee0f80e.txt
2008_007613_jpg.rf.bc51cfe0a697b03c6ea6ab7a2ac67c3b.jpg,2008_007613_jpg.rf.bc51cfe0a697b03c6ea6ab7a2ac67c3b.txt
2009_003520_jpg.rf.ae7a3607ddabf7870a2e541ad62e17ed.jpg,2009_003520_jpg.rf.ae7a3607ddabf7870a2e541ad62e17ed.txt
2011_004082_jpg.rf.bfdb94f27961cecaa4d7d4de5d58b9a5.jpg,2011_004082_jpg.rf.bfdb94f27961cecaa4d7d4de5d58b9a5.txt
2011_003391_jpg.rf.8fc4813c485de65a4c8b28adab5e4a7f.jpg,2011_003391_jpg.rf.8fc4813c485de65a4c8b28adab5e4a7f.txt
2011_003871_jpg.rf.e1f60c5517b7d07e1ba3bb3dd5bb59b3.jpg,2011_003871_jpg.rf.e1f60c5517b7d07e1ba3bb3dd5bb59b3.txt
2008_003791_jpg.rf.565f6bd5351db319c64227b689e77fbb.jpg,2008_003791_jpg.rf.565f6bd5351db319c64227b689e77fbb.txt
2008_006694_jpg.rf.8e17142ca29922e70de28ff60031bf6c.jpg,2008_006694_jpg.rf.8e17142ca29922e70de28ff60031bf6c.txt
2009_004552_jpg.rf.cf68a62f353ff677c66b615e4ba3cb63.jpg,2009_004552_jpg.rf.cf68a62f353ff677c66b615e4ba3cb63.txt
2008_007163_jpg.rf.50da5ce06a48094370a0e85712ddcf64.jpg,2008_007163_jpg.rf.50da5ce06a48094370a0e85712ddcf64.txt
2009_004536_jpg.rf.dc5eb1cc893b1a3070b164597d669a56.jpg,2009_004536_jpg.rf.dc5eb1cc893b1a3070b164597d669a56.txt
2009_002542_jpg.rf.7c7a08b5b580bdd93825fe5bf455b1bb.jpg,2009_002542_jpg.rf.7c7a08b5b580bdd93825fe5bf455b1bb.txt
2008_003210_jpg.rf.5c5365cea1b8a199194ca07c9e73d523.jpg,2008_003210_jpg.rf.5c5365cea1b8a199194ca07c9e73d523.txt
2009_004084_jpg.rf.523857e3a5cca12f302aa52334a35fc8.jpg,2009_004084_jpg.rf.523857e3a5cca12f302aa52334a35fc8.txt
2009_002784_jpg.rf.ac0b329c622a5ec435697d31820fdb10.jpg,2009_002784_jpg.rf.ac0b329c622a5ec435697d31820fdb10.txt
2008_006686_jpg.rf.39c9572093e60d0a767ed8a2ac5de8c3.jpg,2008_006686_jpg.rf.39c9572093e60d0a767ed8a2ac5de8c3.txt
2011_004385_jpg.rf.66050e85ceb6b558dc8bcb306683f1a8.jpg,2011_004385_jpg.rf.66050e85ceb6b558dc8bcb306683f1a8.txt
2011_004905_jpg.rf.7e9bcd3e8678b209a15f3467e9371c72.jpg,2011_004905_jpg.rf.7e9bcd3e8678b209a15f3467e9371c72.txt
2009_005083_jpg.rf.7003c3cbf1a79f2839f6655c562465b7.jpg,2009_005083_jpg.rf.7003c3cbf1a79f2839f6655c562465b7.txt
2008_003492_jpg.rf.d5759baf78b9590b45d8573d768dbacc.jpg,2008_003492_jpg.rf.d5759baf78b9590b45d8573d768dbacc.txt
2008_008461_jpg.rf.203dcbfb490235316edec50e2b01422b.jpg,2008_008461_jpg.rf.203dcbfb490235316edec50e2b01422b.txt
2009_004872_jpg.rf.1caa5dad15a4a61b304fcf81ed12c788.jpg,2009_004872_jpg.rf.1caa5dad15a4a61b304fcf81ed12c788.txt
2009_004889_jpg.rf.fec098af0e9ed907ab570ada24de1653.jpg,2009_004889_jpg.rf.fec098af0e9ed907ab570ada24de1653.txt
2009_003904_jpg.rf.091a38399d9e86329015a9fdd690d2fe.jpg,2009_003904_jpg.rf.091a38399d9e86329015a9fdd690d2fe.txt
2011_004920_jpg.rf.e62aa28b5ed90dea29dd78a85a07ec38.jpg,2011_004920_jpg.rf.e62aa28b5ed90dea29dd78a85a07ec38.txt
2008_006436_jpg.rf.6af79975cd4517e084419632eb95d534.jpg,2008_006436_jpg.rf.6af79975cd4517e084419632eb95d534.txt
2011_004697_jpg.rf.990e11ec86ff910d6e06e1f82a3259e3.jpg,2011_004697_jpg.rf.990e11ec86ff910d6e06e1f82a3259e3.txt
2009_002400_jpg.rf.63de981e61ee011aedbb406e726de942.jpg,2009_002400_jpg.rf.63de981e61ee011aedbb406e726de942.txt
2008_008480_jpg.rf.55de3a32c0bd668e3be4faecccc8273b.jpg,2008_008480_jpg.rf.55de3a32c0bd668e3be4faecccc8273b.txt
2008_003782_jpg.rf.c33c36bf796a2eccc7ca7e8e9c294d1d.jpg,2008_003782_jpg.rf.c33c36bf796a2eccc7ca7e8e9c294d1d.txt
2008_003849_jpg.rf.b127b6af083f47a216060c8fd453ed96.jpg,2008_003849_jpg.rf.b127b6af083f47a216060c8fd453ed96.txt
2008_003856_jpg.rf.ff76d41ea44a846c0a89a70c899c39a6.jpg,2008_003856_jpg.rf.ff76d41ea44a846c0a89a70c899c39a6.txt
2008_007004_jpg.rf.99b91877d69a806140a4c80bfbd508c4.jpg,2008_007004_jpg.rf.99b91877d69a806140a4c80bfbd508c4.txt
2009_003317_jpg.rf.95b954059853b20f11a5e0325b507e20.jpg,2009_003317_jpg.rf.95b954059853b20f11a5e0325b507e20.txt
2009_004990_jpg.rf.c25352371fd6568f3555f7f4994c75bb.jpg,2009_004990_jpg.rf.c25352371fd6568f3555f7f4994c75bb.txt
2011_004765_jpg.rf.334e168ac86631c95df9d5562b87b93b.jpg,2011_004765_jpg.rf.334e168ac86631c95df9d5562b87b93b.txt
2009_003956_jpg.rf.e7c00e0ac562a6c648f41e5f1858a279.jpg,2009_003956_jpg.rf.e7c00e0ac562a6c648f41e5f1858a279.txt
2009_003577_jpg.rf.87396d2b8582d36b3c92d87c089efe41.jpg,2009_003577_jpg.rf.87396d2b8582d36b3c92d87c089efe41.txt
2011_004503_jpg.rf.3858824d3731f36c9176a679af728ce9.jpg,2011_004503_jpg.rf.3858824d3731f36c9176a679af728ce9.txt
2009_004078_jpg.rf.3c71c8be9e09ec4eb9d86c7293c48db3.jpg,2009_004078_jpg.rf.3c71c8be9e09ec4eb9d86c7293c48db3.txt
2009_003848_jpg.rf.8b1211a0c568a3396dd093159961a0de.jpg,2009_003848_jpg.rf.8b1211a0c568a3396dd093159961a0de.txt
2009_003929_jpg.rf.06eac1be97c41103ba8b61d418493749.jpg,2009_003929_jpg.rf.06eac1be97c41103ba8b61d418493749.txt
2009_003640_jpg.rf.78861b120885e656a43244b68088b2a6.jpg,2009_003640_jpg.rf.78861b120885e656a43244b68088b2a6.txt
2009_003266_jpg.rf.5cd6db161ebe4ae428201bdb9a33b8c8.jpg,2009_003266_jpg.rf.5cd6db161ebe4ae428201bdb9a33b8c8.txt
2009_002883_jpg.rf.81e71de27ab5c07a8e55eab298f5dc71.jpg,2009_002883_jpg.rf.81e71de27ab5c07a8e55eab298f5dc71.txt
2008_007491_jpg.rf.b10114428b30fa656e834a7eafa901e8.jpg,2008_007491_jpg.rf.b10114428b30fa656e834a7eafa901e8.txt
2009_004648_jpg.rf.4bc2eab087fda0866804d25d76bc1ba4.jpg,2009_004648_jpg.rf.4bc2eab087fda0866804d25d76bc1ba4.txt
2008_003577_jpg.rf.1d1339e7d189f98a1ed0faef460ad55c.jpg,2008_003577_jpg.rf.1d1339e7d189f98a1ed0faef460ad55c.txt
2008_003439_jpg.rf.84d3535ce21523244223b7280a684a17.jpg,2008_003439_jpg.rf.84d3535ce21523244223b7280a684a17.txt
2008_007694_jpg.rf.9bc92d86c37584bb7527024a6c73a44a.jpg,2008_007694_jpg.rf.9bc92d86c37584bb7527024a6c73a44a.txt
2009_002164_jpg.rf.b2425cab72bd2289561080fa806635fa.jpg,2009_002164_jpg.rf.b2425cab72bd2289561080fa806635fa.txt
2009_004273_jpg.rf.46ad5f33288119ea1f9157aa2176372b.jpg,2009_004273_jpg.rf.46ad5f33288119ea1f9157aa2176372b.txt
2009_002762_jpg.rf.8e9c195b3a761459b9f68dd4ac30ffd8.jpg,2009_002762_jpg.rf.8e9c195b3a761459b9f68dd4ac30ffd8.txt
2009_004242_jpg.rf.b7fba3753f36bacd836dd9f24ac4a0b4.jpg,2009_004242_jpg.rf.b7fba3753f36bacd836dd9f24ac4a0b4.txt
2008_003378_jpg.rf.f873eff84812944e4da003d85c52d665.jpg,2008_003378_jpg.rf.f873eff84812944e4da003d85c52d665.txt
2008_003858_jpg.rf.e91e7fa2837836db26a2cd741dc15b85.jpg,2008_003858_jpg.rf.e91e7fa2837836db26a2cd741dc15b85.txt
2008_007770_jpg.rf.db9b71c297031128ba9a83437874bd3b.jpg,2008_007770_jpg.rf.db9b71c297031128ba9a83437874bd3b.txt
2008_007070_jpg.rf.2b2ad7c447a6731e97caf46cf9e47e5b.jpg,2008_007070_jpg.rf.2b2ad7c447a6731e97caf46cf9e47e5b.txt
2011_004315_jpg.rf.26722fb5d9527b34370d282da5631edc.jpg,2011_004315_jpg.rf.26722fb5d9527b34370d282da5631edc.txt
2008_003489_jpg.rf.2008426c43b01a5e1a2803bce2f66fae.jpg,2008_003489_jpg.rf.2008426c43b01a5e1a2803bce2f66fae.txt
2008_008247_jpg.rf.0b7db0ed722f1f6df85563158986f528.jpg,2008_008247_jpg.rf.0b7db0ed722f1f6df85563158986f528.txt
2008_008521_jpg.rf.aedafa1f6a7058726b84a66063056ea2.jpg,2008_008521_jpg.rf.aedafa1f6a7058726b84a66063056ea2.txt
2011_004086_jpg.rf.895a71205e95ebf29c8360244f8e37ec.jpg,2011_004086_jpg.rf.895a71205e95ebf29c8360244f8e37ec.txt
2009_002838_jpg.rf.6ad0f18b340a1ff6a85d3be0251f85a2.jpg,2009_002838_jpg.rf.6ad0f18b340a1ff6a85d3be0251f85a2.txt
2011_003769_jpg.rf.ec3ca76ffc299dcde9f25f30ceb846e6.jpg,2011_003769_jpg.rf.ec3ca76ffc299dcde9f25f30ceb846e6.txt
2008_007334_jpg.rf.b6bccc99787700b6d7eab65a1debd7a2.jpg,2008_007334_jpg.rf.b6bccc99787700b6d7eab65a1debd7a2.txt
2011_004638_jpg.rf.9eb55c57427a44835defd61c6d04126b.jpg,2011_004638_jpg.rf.9eb55c57427a44835defd61c6d04126b.txt
2011_003346_jpg.rf.2974e24a10613c6234c2c43d0baf6b09.jpg,2011_003346_jpg.rf.2974e24a10613c6234c2c43d0baf6b09.txt
2011_004677_jpg.rf.ab4e6ce5ba9b52e3fdd87149f75f3645.jpg,2011_004677_jpg.rf.ab4e6ce5ba9b52e3fdd87149f75f3645.txt
2009_004444_jpg.rf.32a8894f8c2a223ca5366140e0d32a20.jpg,2009_004444_jpg.rf.32a8894f8c2a223ca5366140e0d32a20.txt
2008_002891_jpg.rf.238d8341837b6af93159ab9c073a0a41.jpg,2008_002891_jpg.rf.238d8341837b6af93159ab9c073a0a41.txt
2009_002510_jpg.rf.85f9185291a86090d841b250bf4ec4ad.jpg,2009_002510_jpg.rf.85f9185291a86090d841b250bf4ec4ad.txt
2008_003193_jpg.rf.7d2857095cac592726f727b24a417d55.jpg,2008_003193_jpg.rf.7d2857095cac592726f727b24a417d55.txt
2008_008284_jpg.rf.f23372b91884487921f6d022981f0f98.jpg,2008_008284_jpg.rf.f23372b91884487921f6d022981f0f98.txt
2008_003582_jpg.rf.2ecbf30d1d744d86f004a4d0f97fbdc9.jpg,2008_003582_jpg.rf.2ecbf30d1d744d86f004a4d0f97fbdc9.txt
2009_002452_jpg.rf.88d4709c7251f27bb8d59949f34acdbe.jpg,2009_002452_jpg.rf.88d4709c7251f27bb8d59949f34acdbe.txt
2008_008525_jpg.rf.22282ee52907722bcdc8408ae64588b9.jpg,2008_008525_jpg.rf.22282ee52907722bcdc8408ae64588b9.txt
2008_006489_jpg.rf.7a7387bb73978f555170e9cd4cd518b8.jpg,2008_006489_jpg.rf.7a7387bb73978f555170e9cd4cd518b8.txt
2008_002951_jpg.rf.71c6c6bd2a8c21f79d436dff8a31aebd.jpg,2008_002951_jpg.rf.71c6c6bd2a8c21f79d436dff8a31aebd.txt
2011_003740_jpg.rf.331d8750754a63970d2fd14470c87996.jpg,2011_003740_jpg.rf.331d8750754a63970d2fd14470c87996.txt
2008_003414_jpg.rf.19e0af2d2cae86b26a36c8f9fdf83031.jpg,2008_003414_jpg.rf.19e0af2d2cae86b26a36c8f9fdf83031.txt
2011_004796_jpg.rf.0cf75739622b767ce5cdce300d18c73b.jpg,2011_004796_jpg.rf.0cf75739622b767ce5cdce300d18c73b.txt
2009_003884_jpg.rf.d4d3387bc9ff12888a8abaa3033f2303.jpg,2009_003884_jpg.rf.d4d3387bc9ff12888a8abaa3033f2303.txt
2008_002947_jpg.rf.ea812467fec71c7e2e40c7f3f749deca.jpg,2008_002947_jpg.rf.ea812467fec71c7e2e40c7f3f749deca.txt
2011_003562_jpg.rf.e2845e410da3b15c455faef0dbf36768.jpg,2011_003562_jpg.rf.e2845e410da3b15c455faef0dbf36768.txt
2009_004440_jpg.rf.8000da681e0f3676da0b60bad09fe91c.jpg,2009_004440_jpg.rf.8000da681e0f3676da0b60bad09fe91c.txt
2009_003007_jpg.rf.8bdfbff36857873ebefdbde768a6b6d2.jpg,2009_003007_jpg.rf.8bdfbff36857873ebefdbde768a6b6d2.txt
2011_004226_jpg.rf.f03997b47289357f7879ed5d7bf64694.jpg,2011_004226_jpg.rf.f03997b47289357f7879ed5d7bf64694.txt
2009_002525_jpg.rf.d53f01f6a7eb214a02a1f380bb3a3990.jpg,2009_002525_jpg.rf.d53f01f6a7eb214a02a1f380bb3a3990.txt
2009_004681_jpg.rf.fc9edd74ba6bd2c49bfef45d5606a82a.jpg,2009_004681_jpg.rf.fc9edd74ba6bd2c49bfef45d5606a82a.txt
2008_003127_jpg.rf.bd38f1041016fc3fd15f656a5d269cdf.jpg,2008_003127_jpg.rf.bd38f1041016fc3fd15f656a5d269cdf.txt
2009_002755_jpg.rf.6bf1e15d76a6ac92cb7ba4de0fd92800.jpg,2009_002755_jpg.rf.6bf1e15d76a6ac92cb7ba4de0fd92800.txt
2009_003462_jpg.rf.b949789e13c7e1f9a22186cd0c196a6d.jpg,2009_003462_jpg.rf.b949789e13c7e1f9a22186cd0c196a6d.txt
2009_004871_jpg.rf.a5daa610cddf0ab92cf8580343de1f18.jpg,2009_004871_jpg.rf.a5daa610cddf0ab92cf8580343de1f18.txt
2008_007883_jpg.rf.1eec6bb8c90021c58a09096be7a9d237.jpg,2008_007883_jpg.rf.1eec6bb8c90021c58a09096be7a9d237.txt
2009_003534_jpg.rf.7ab54136ae5c18f504625b3a8658be2b.jpg,2009_003534_jpg.rf.7ab54136ae5c18f504625b3a8658be2b.txt
2009_002588_jpg.rf.68910c7020d3d90657d4fd91f54bbdc7.jpg,2009_002588_jpg.rf.68910c7020d3d90657d4fd91f54bbdc7.txt
2008_007410_jpg.rf.6558602c0c8f360cf19be07f441865e9.jpg,2008_007410_jpg.rf.6558602c0c8f360cf19be07f441865e9.txt
2008_002866_jpg.rf.d84ab802499f3a68343d0274c9cc0def.jpg,2008_002866_jpg.rf.d84ab802499f3a68343d0274c9cc0def.txt
2009_002580_jpg.rf.4f024a617b662ea1439b718807b5a407.jpg,2009_002580_jpg.rf.4f024a617b662ea1439b718807b5a407.txt
2009_003353_jpg.rf.745d6c063b5b41523685eacb2fd8dbf7.jpg,2009_003353_jpg.rf.745d6c063b5b41523685eacb2fd8dbf7.txt
2011_005070_jpg.rf.43859490c012c94f757bb29c84301e50.jpg,2011_005070_jpg.rf.43859490c012c94f757bb29c84301e50.txt
2009_002998_jpg.rf.21bdecba27935c6d1d1a9941084f8a6c.jpg,2009_002998_jpg.rf.21bdecba27935c6d1d1a9941084f8a6c.txt
2011_005061_jpg.rf.ba9c2968fb1ce493c776f025b1c5ccae.jpg,2011_005061_jpg.rf.ba9c2968fb1ce493c776f025b1c5ccae.txt
2008_003289_jpg.rf.bf247e557fb6eb6aecdd7bb930f109c6.jpg,2008_003289_jpg.rf.bf247e557fb6eb6aecdd7bb930f109c6.txt
2008_002879_jpg.rf.fe3427329755982d42fcf2a65aa49771.jpg,2008_002879_jpg.rf.fe3427329755982d42fcf2a65aa49771.txt
2009_004263_jpg.rf.09e9d0a93b5c46763712064317eb7e34.jpg,2009_004263_jpg.rf.09e9d0a93b5c46763712064317eb7e34.txt
2008_007527_jpg.rf.a8919c34cfb1115910f60db7f528d074.jpg,2008_007527_jpg.rf.a8919c34cfb1115910f60db7f528d074.txt
2009_005025_jpg.rf.da391f58b9b6f307c05138b067dd39f9.jpg,2009_005025_jpg.rf.da391f58b9b6f307c05138b067dd39f9.txt
2009_003201_jpg.rf.a2df93cc1e08c65490921e7fe6cacbe6.jpg,2009_003201_jpg.rf.a2df93cc1e08c65490921e7fe6cacbe6.txt
2009_004152_jpg.rf.02f6417fecb40562efdc8b965a4150ca.jpg,2009_004152_jpg.rf.02f6417fecb40562efdc8b965a4150ca.txt
2008_008278_jpg.rf.0e4d2f5506666a819e11d2a834f35727.jpg,2008_008278_jpg.rf.0e4d2f5506666a819e11d2a834f35727.txt
2009_002727_jpg.rf.dfe2099f27d965bd3e0cde0bf347ef85.jpg,2009_002727_jpg.rf.dfe2099f27d965bd3e0cde0bf347ef85.txt
2008_008411_jpg.rf.1abd5c4fc13445a34d5beb1b9b7be288.jpg,2008_008411_jpg.rf.1abd5c4fc13445a34d5beb1b9b7be288.txt
2009_002230_jpg.rf.92808fe045925a5e89553a98185cc274.jpg,2009_002230_jpg.rf.92808fe045925a5e89553a98185cc274.txt
2011_004980_jpg.rf.0aec0dc536d7498398bbb360823291b0.jpg,2011_004980_jpg.rf.0aec0dc536d7498398bbb360823291b0.txt
2009_003892_jpg.rf.91082f6518cec5c1e4b2133a40be44b9.jpg,2009_003892_jpg.rf.91082f6518cec5c1e4b2133a40be44b9.txt
2008_006449_jpg.rf.e91055766b0f1bba9cc626c70a98ae88.jpg,2008_006449_jpg.rf.e91055766b0f1bba9cc626c70a98ae88.txt
2008_003482_jpg.rf.e671158fb86e5ff0d56ca95fdce95304.jpg,2008_003482_jpg.rf.e671158fb86e5ff0d56ca95fdce95304.txt
2009_002268_jpg.rf.c9d7804668f7a5a408ac77631b838da5.jpg,2009_002268_jpg.rf.c9d7804668f7a5a408ac77631b838da5.txt
2009_002877_jpg.rf.cef0bc21d4d07fe0245db5a9d5921e34.jpg,2009_002877_jpg.rf.cef0bc21d4d07fe0245db5a9d5921e34.txt
2009_004402_jpg.rf.0450a63f0fa597d71a6edba1865af291.jpg,2009_004402_jpg.rf.0450a63f0fa597d71a6edba1865af291.txt
2011_003497_jpg.rf.5e733f39e58b9ec8a7e5f855974a16e9.jpg,2011_003497_jpg.rf.5e733f39e58b9ec8a7e5f855974a16e9.txt
2009_002214_jpg.rf.39d70c246184acf4a3f6f2f0bb351fc5.jpg,2009_002214_jpg.rf.39d70c246184acf4a3f6f2f0bb351fc5.txt
2008_006587_jpg.rf.68506f849d5c203649d31b666a3ee728.jpg,2008_006587_jpg.rf.68506f849d5c203649d31b666a3ee728.txt
2009_002471_jpg.rf.f178f988dfe86a0a9e6ff06d6b2a6006.jpg,2009_002471_jpg.rf.f178f988dfe86a0a9e6ff06d6b2a6006.txt
2008_008536_jpg.rf.69d2bc0be1970ab74a260781d73a9557.jpg,2008_008536_jpg.rf.69d2bc0be1970ab74a260781d73a9557.txt
2009_002872_jpg.rf.d863554d4f36a0c3bc76fe7aa3bac253.jpg,2009_002872_jpg.rf.d863554d4f36a0c3bc76fe7aa3bac253.txt
2011_004513_jpg.rf.a047a40e3e1e8810a5ecb5f3c3357f8c.jpg,2011_004513_jpg.rf.a047a40e3e1e8810a5ecb5f3c3357f8c.txt
2009_002362_jpg.rf.7b2cfc3a8cd20929db4582adbf710bdd.jpg,2009_002362_jpg.rf.7b2cfc3a8cd20929db4582adbf710bdd.txt
2008_003053_jpg.rf.f4ef13ae575bc60e43e2f09c0a05b6fc.jpg,2008_003053_jpg.rf.f4ef13ae575bc60e43e2f09c0a05b6fc.txt
2008_006631_jpg.rf.6d1dfab54672182571b07bed64172519.jpg,2008_006631_jpg.rf.6d1dfab54672182571b07bed64172519.txt
2011_004025_jpg.rf.ec2afc70e61e522ebc1f3dc08e34f72e.jpg,2011_004025_jpg.rf.ec2afc70e61e522ebc1f3dc08e34f72e.txt
2008_002848_jpg.rf.837635a17e79385681aafd112bd294c7.jpg,2008_002848_jpg.rf.837635a17e79385681aafd112bd294c7.txt
2008_006716_jpg.rf.9f991d5f07eb7b405e2787e57660f967.jpg,2008_006716_jpg.rf.9f991d5f07eb7b405e2787e57660f967.txt
2008_002728_jpg.rf.fe0143f47025d4ed44124cfacdaeceb0.jpg,2008_002728_jpg.rf.fe0143f47025d4ed44124cfacdaeceb0.txt
2011_004057_jpg.rf.ea5032dd0ec41deff6256133a2f84242.jpg,2011_004057_jpg.rf.ea5032dd0ec41deff6256133a2f84242.txt
2009_003214_jpg.rf.dfc3ac41b218895127c7552b5b45cf4a.jpg,2009_003214_jpg.rf.dfc3ac41b218895127c7552b5b45cf4a.txt
2009_004856_jpg.rf.09105ceb74e7d3049bf7ec411e15cc58.jpg,2009_004856_jpg.rf.09105ceb74e7d3049bf7ec411e15cc58.txt
2009_002986_jpg.rf.c2a24939c6deddcf1d51b5affe29ced3.jpg,2009_002986_jpg.rf.c2a24939c6deddcf1d51b5affe29ced3.txt
2008_006954_jpg.rf.6c611e1c00ea8eb8d843b399b8521ff8.jpg,2008_006954_jpg.rf.6c611e1c00ea8eb8d843b399b8521ff8.txt
2009_002259_jpg.rf.ec6cba916beca82d44dfe3a5d4794591.jpg,2009_002259_jpg.rf.ec6cba916beca82d44dfe3a5d4794591.txt
2011_003991_jpg.rf.96f5c0a502538024aabd2311f2c9adbb.jpg,2011_003991_jpg.rf.96f5c0a502538024aabd2311f2c9adbb.txt
2008_003683_jpg.rf.e776aeb9688089c08bf53988547fd936.jpg,2008_003683_jpg.rf.e776aeb9688089c08bf53988547fd936.txt
2009_004451_jpg.rf.f90a84e56d5f5e61b2e9b2f377291149.jpg,2009_004451_jpg.rf.f90a84e56d5f5e61b2e9b2f377291149.txt
2008_003055_jpg.rf.01f892fcdf49987ae54c8b0409821a49.jpg,2008_003055_jpg.rf.01f892fcdf49987ae54c8b0409821a49.txt
2008_006796_jpg.rf.d6c3334cda79e45c91d5a5835646bfd6.jpg,2008_006796_jpg.rf.d6c3334cda79e45c91d5a5835646bfd6.txt
2008_008335_jpg.rf.cd3ee633881cb841e5c600d301e4f8ce.jpg,2008_008335_jpg.rf.cd3ee633881cb841e5c600d301e4f8ce.txt
2008_007189_jpg.rf.dccec15d6824631f0af0c1b793dc437b.jpg,2008_007189_jpg.rf.dccec15d6824631f0af0c1b793dc437b.txt
2009_003386_jpg.rf.d3e07e2fbf55156a0783cc60c6a1f77a.jpg,2009_003386_jpg.rf.d3e07e2fbf55156a0783cc60c6a1f77a.txt
2008_003005_jpg.rf.c7ec71c4f621c57f36d6590a0a732b35.jpg,2008_003005_jpg.rf.c7ec71c4f621c57f36d6590a0a732b35.txt
2008_007673_jpg.rf.a05aa8cde862b17b25f6af6b756b96ee.jpg,2008_007673_jpg.rf.a05aa8cde862b17b25f6af6b756b96ee.txt
2008_007665_jpg.rf.ab183487969412691d5d9563320a32a2.jpg,2008_007665_jpg.rf.ab183487969412691d5d9563320a32a2.txt
2011_004929_jpg.rf.3488bfcdc5dad2977d8b9dfc2933b643.jpg,2011_004929_jpg.rf.3488bfcdc5dad2977d8b9dfc2933b643.txt
2008_007106_jpg.rf.12f135042e616936dc4e9a08e177dbe0.jpg,2008_007106_jpg.rf.12f135042e616936dc4e9a08e177dbe0.txt
2011_004176_jpg.rf.aa8d1cc6810bc31408f0acc5a65a2ef2.jpg,2011_004176_jpg.rf.aa8d1cc6810bc31408f0acc5a65a2ef2.txt
2008_006520_jpg.rf.fac501a944d21a67d84bc546d80d8f26.jpg,2008_006520_jpg.rf.fac501a944d21a67d84bc546d80d8f26.txt
2008_006778_jpg.rf.7ae1c4910e915b692ceec25805c8c51f.jpg,2008_006778_jpg.rf.7ae1c4910e915b692ceec25805c8c51f.txt
2011_003455_jpg.rf.98e3f33bb8ab2b5df659a3556eb5652e.jpg,2011_003455_jpg.rf.98e3f33bb8ab2b5df659a3556eb5652e.txt
2011_003352_jpg.rf.d06f071c4b56dd3c2d788d4fd6ecdcb2.jpg,2011_003352_jpg.rf.d06f071c4b56dd3c2d788d4fd6ecdcb2.txt
2009_002151_jpg.rf.80036d37f80d0b7d7675cb1973854576.jpg,2009_002151_jpg.rf.80036d37f80d0b7d7675cb1973854576.txt
2009_005008_jpg.rf.708c4db0aa3977aa8baa48bf66f09530.jpg,2009_005008_jpg.rf.708c4db0aa3977aa8baa48bf66f09530.txt
2008_007179_jpg.rf.d52b741becfe11e779d9e4965903646c.jpg,2008_007179_jpg.rf.d52b741becfe11e779d9e4965903646c.txt
2011_003727_jpg.rf.025f53074450ecf5dc3ac3bba80fc4d8.jpg,2011_003727_jpg.rf.025f53074450ecf5dc3ac3bba80fc4d8.txt
2008_007287_jpg.rf.8ed135ed6a09416c123401b7ac0074a5.jpg,2008_007287_jpg.rf.8ed135ed6a09416c123401b7ac0074a5.txt
2009_003153_jpg.rf.e4adabedaa9484582a8639adaa787ae0.jpg,2009_003153_jpg.rf.e4adabedaa9484582a8639adaa787ae0.txt
2011_004527_jpg.rf.7c895a0b11d12174dee62dc6ba803463.jpg,2011_004527_jpg.rf.7c895a0b11d12174dee62dc6ba803463.txt
2008_007285_jpg.rf.d6d6d773977752f2b03ba6680987230b.jpg,2008_007285_jpg.rf.d6d6d773977752f2b03ba6680987230b.txt
2009_003669_jpg.rf.a08c4b2611ca96929011f0543e029713.jpg,2009_003669_jpg.rf.a08c4b2611ca96929011f0543e029713.txt
2009_003860_jpg.rf.6d72156f1f12c9b5d51f1b202521278c.jpg,2009_003860_jpg.rf.6d72156f1f12c9b5d51f1b202521278c.txt
2008_003151_jpg.rf.bb3cc95491be07cc794c04dd443e4bb3.jpg,2008_003151_jpg.rf.bb3cc95491be07cc794c04dd443e4bb3.txt
2009_004141_jpg.rf.254c76c3cbef583400e2b957722f8e99.jpg,2009_004141_jpg.rf.254c76c3cbef583400e2b957722f8e99.txt
2009_004813_jpg.rf.6f3ade9a67f5b022562329c2f3bf9105.jpg,2009_004813_jpg.rf.6f3ade9a67f5b022562329c2f3bf9105.txt
2009_004502_jpg.rf.30e889cc6513cf76012ab2be501a1df1.jpg,2009_004502_jpg.rf.30e889cc6513cf76012ab2be501a1df1.txt
2009_005165_jpg.rf.0123b427d2df2ac80ee32349d8a9b737.jpg,2009_005165_jpg.rf.0123b427d2df2ac80ee32349d8a9b737.txt
2009_003074_jpg.rf.1dcd4b68d6d0ce7ef53966bff7d2571d.jpg,2009_003074_jpg.rf.1dcd4b68d6d0ce7ef53966bff7d2571d.txt
2009_003560_jpg.rf.ea6012bd17856b4e1299155e2c00c1f8.jpg,2009_003560_jpg.rf.ea6012bd17856b4e1299155e2c00c1f8.txt
2009_005198_jpg.rf.9a81d4ef3cd3bd91be7b53c2237b341b.jpg,2009_005198_jpg.rf.9a81d4ef3cd3bd91be7b53c2237b341b.txt
2008_007327_jpg.rf.0c7ac44763714d36d96137a82a882fc5.jpg,2008_007327_jpg.rf.0c7ac44763714d36d96137a82a882fc5.txt
2008_003168_jpg.rf.7dd4e80dd272ba6e8c98d9f4dc794233.jpg,2008_003168_jpg.rf.7dd4e80dd272ba6e8c98d9f4dc794233.txt
2009_003600_jpg.rf.e8a63f0bbf86f276a4dd734fc8a3d8ae.jpg,2009_003600_jpg.rf.e8a63f0bbf86f276a4dd734fc8a3d8ae.txt
2009_004768_jpg.rf.47999be0478eb0cf88e11c56cedc30f1.jpg,2009_004768_jpg.rf.47999be0478eb0cf88e11c56cedc30f1.txt
2009_003609_jpg.rf.e9d2337b1b825da6a4b958bf5acfe87d.jpg,2009_003609_jpg.rf.e9d2337b1b825da6a4b958bf5acfe87d.txt
2008_003415_jpg.rf.b7267830317911b0ab2b59280c290878.jpg,2008_003415_jpg.rf.b7267830317911b0ab2b59280c290878.txt
2009_004593_jpg.rf.b7f10e39c1de61c23bf823733279c676.jpg,2009_004593_jpg.rf.b7f10e39c1de61c23bf823733279c676.txt
2008_003681_jpg.rf.91209f9f6ec5bef5b71371b77916f087.jpg,2008_003681_jpg.rf.91209f9f6ec5bef5b71371b77916f087.txt
2011_003876_jpg.rf.96cb25ccc43cf8caada5c63b1bbcc89f.jpg,2011_003876_jpg.rf.96cb25ccc43cf8caada5c63b1bbcc89f.txt
2011_003886_jpg.rf.8ebe69da211ac405837136bb951a61a5.jpg,2011_003886_jpg.rf.8ebe69da211ac405837136bb951a61a5.txt
2008_007423_jpg.rf.c361b62d684fd02f0db15ad7f0fda85b.jpg,2008_007423_jpg.rf.c361b62d684fd02f0db15ad7f0fda85b.txt
2009_004424_jpg.rf.a622489cb3f16f9f6521ee25d2afd6e5.jpg,2009_004424_jpg.rf.a622489cb3f16f9f6521ee25d2afd6e5.txt
2008_003467_jpg.rf.6de607e48fedec3d2635ccbaa52ec83b.jpg,2008_003467_jpg.rf.6de607e48fedec3d2635ccbaa52ec83b.txt
2008_002864_jpg.rf.3c7b1b914683970aa3610e60c9ee986f.jpg,2008_002864_jpg.rf.3c7b1b914683970aa3610e60c9ee986f.txt
2008_006394_jpg.rf.459707b14400c37eb5a4e697bf61c5aa.jpg,2008_006394_jpg.rf.459707b14400c37eb5a4e697bf61c5aa.txt
2011_004069_jpg.rf.b5216c45407203c5ab5227d57667e182.jpg,2011_004069_jpg.rf.b5216c45407203c5ab5227d57667e182.txt
2009_004588_jpg.rf.189f36bf45df462ff75e78e9f4cd86d0.jpg,2009_004588_jpg.rf.189f36bf45df462ff75e78e9f4cd86d0.txt
2008_002854_jpg.rf.605e6195c4081abd0e4ecf9c7b2317b1.jpg,2008_002854_jpg.rf.605e6195c4081abd0e4ecf9c7b2317b1.txt
2009_003234_jpg.rf.d8ef7c795810acd84297b9d9aebd32e6.jpg,2009_003234_jpg.rf.d8ef7c795810acd84297b9d9aebd32e6.txt
2008_008134_jpg.rf.b18439329f01e87986d647c5af37110e.jpg,2008_008134_jpg.rf.b18439329f01e87986d647c5af37110e.txt
2008_002957_jpg.rf.4fe626619bc984411c78c86471e52170.jpg,2008_002957_jpg.rf.4fe626619bc984411c78c86471e52170.txt
2011_003522_jpg.rf.9f1faec2d9014fa4b44ca18f77549f3d.jpg,2011_003522_jpg.rf.9f1faec2d9014fa4b44ca18f77549f3d.txt
2011_003850_jpg.rf.28dfa6eed0f7883209795693e3b7c2ca.jpg,2011_003850_jpg.rf.28dfa6eed0f7883209795693e3b7c2ca.txt
2009_003847_jpg.rf.62d164a9ab772ec11b8ab389eef2c1f1.jpg,2009_003847_jpg.rf.62d164a9ab772ec11b8ab389eef2c1f1.txt
2009_002733_jpg.rf.c213415cb50bae3bf2898b57393594cd.jpg,2009_002733_jpg.rf.c213415cb50bae3bf2898b57393594cd.txt
2011_003393_jpg.rf.5e0f591f0e661adbd558d61e4ec4477e.jpg,2011_003393_jpg.rf.5e0f591f0e661adbd558d61e4ec4477e.txt
2008_003737_jpg.rf.fdf41cf5525739ab899ce41c4d095445.jpg,2008_003737_jpg.rf.fdf41cf5525739ab899ce41c4d095445.txt
2008_003056_jpg.rf.d539277a697b64b4a93f2cc4d0ce8b8c.jpg,2008_003056_jpg.rf.d539277a697b64b4a93f2cc4d0ce8b8c.txt
2008_006553_jpg.rf.0878ef6d296490f7a7db635320ef4d7a.jpg,2008_006553_jpg.rf.0878ef6d296490f7a7db635320ef4d7a.txt
2011_004104_jpg.rf.7e4528ced6f6644b9801e4ec7bfb7cdd.jpg,2011_004104_jpg.rf.7e4528ced6f6644b9801e4ec7bfb7cdd.txt
2009_002211_jpg.rf.fb621ff94b0bbeb8ea741be5c26bf90f.jpg,2009_002211_jpg.rf.fb621ff94b0bbeb8ea741be5c26bf90f.txt
2009_003476_jpg.rf.fec0715ccf1f5b44bb5bba817cd28121.jpg,2009_003476_jpg.rf.fec0715ccf1f5b44bb5bba817cd28121.txt
2009_004754_jpg.rf.f37141bf61cb8de6eda15b8989cd6f7a.jpg,2009_004754_jpg.rf.f37141bf61cb8de6eda15b8989cd6f7a.txt
2008_008570_jpg.rf.dd53329675c8ad6bc52bcef0833d6740.jpg,2008_008570_jpg.rf.dd53329675c8ad6bc52bcef0833d6740.txt
2009_004942_jpg.rf.f6b8f58bd884b1e9c18e82f7b80feb41.jpg,2009_004942_jpg.rf.f6b8f58bd884b1e9c18e82f7b80feb41.txt
2009_003326_jpg.rf.3017b7e9e5d567d187fb2a70a427adfb.jpg,2009_003326_jpg.rf.3017b7e9e5d567d187fb2a70a427adfb.txt
2011_004512_jpg.rf.c89bee41c602e6aadaf13b23eed09f89.jpg,2011_004512_jpg.rf.c89bee41c602e6aadaf13b23eed09f89.txt
2011_004074_jpg.rf.dea80f4b68be141457e934d1e6e084d8.jpg,2011_004074_jpg.rf.dea80f4b68be141457e934d1e6e084d8.txt
2009_002591_jpg.rf.b8f5eb26a21139ef040c4eff6a54ce02.jpg,2009_002591_jpg.rf.b8f5eb26a21139ef040c4eff6a54ce02.txt
2009_004625_jpg.rf.73f26cd7311ed87e60ed58c9a01e1d7e.jpg,2009_004625_jpg.rf.73f26cd7311ed87e60ed58c9a01e1d7e.txt
2011_004889_jpg.rf.a0da323f0e0bbe8f2ac9534d33a47d9f.jpg,2011_004889_jpg.rf.a0da323f0e0bbe8f2ac9534d33a47d9f.txt
2008_003524_jpg.rf.366872b15134f5cbd3c2312e2c8d9e04.jpg,2008_003524_jpg.rf.366872b15134f5cbd3c2312e2c8d9e04.txt
2009_004804_jpg.rf.7962e6455a165e555bda369ffc27cd78.jpg,2009_004804_jpg.rf.7962e6455a165e555bda369ffc27cd78.txt
2009_003114_jpg.rf.e3d50212be8e3dcb4f0271fa454acf19.jpg,2009_003114_jpg.rf.e3d50212be8e3dcb4f0271fa454acf19.txt
2009_003642_jpg.rf.2a9aed1861159b38908119067d274b72.jpg,2009_003642_jpg.rf.2a9aed1861159b38908119067d274b72.txt
2011_004963_jpg.rf.95ac7af47364db1724530c2b37208c6a.jpg,2011_004963_jpg.rf.95ac7af47364db1724530c2b37208c6a.txt
2009_002532_jpg.rf.95f945ac6322ad2171243dc97c4a0142.jpg,2009_002532_jpg.rf.95f945ac6322ad2171243dc97c4a0142.txt
2008_003061_jpg.rf.f393f20f82d00c773833f2e2b1e2dc6b.jpg,2008_003061_jpg.rf.f393f20f82d00c773833f2e2b1e2dc6b.txt
2009_003914_jpg.rf.7c83a6a1cd389deb8ad0800a73e6fe1f.jpg,2009_003914_jpg.rf.7c83a6a1cd389deb8ad0800a73e6fe1f.txt
2011_004555_jpg.rf.93d70d38e34db9d113eae74a5ec84217.jpg,2011_004555_jpg.rf.93d70d38e34db9d113eae74a5ec84217.txt
2008_008547_jpg.rf.51f8736b781ba8ad99495d39eadeb21e.jpg,2008_008547_jpg.rf.51f8736b781ba8ad99495d39eadeb21e.txt
2009_002816_jpg.rf.cbc2bc761f72dec92efa03f64ddb674f.jpg,2009_002816_jpg.rf.cbc2bc761f72dec92efa03f64ddb674f.txt
2008_003452_jpg.rf.c812e0570d442e2e2a3bb7915abedbd7.jpg,2008_003452_jpg.rf.c812e0570d442e2e2a3bb7915abedbd7.txt
2011_004252_jpg.rf.76334c28eb194ed4b8a92d620e61de3c.jpg,2011_004252_jpg.rf.76334c28eb194ed4b8a92d620e61de3c.txt
2009_003810_jpg.rf.b4e6bc7a4df12494b3be9d16a678ddb2.jpg,2009_003810_jpg.rf.b4e6bc7a4df12494b3be9d16a678ddb2.txt
2009_004042_jpg.rf.c585ac6059bfa10a26534fe13f34add6.jpg,2009_004042_jpg.rf.c585ac6059bfa10a26534fe13f34add6.txt
2009_002975_jpg.rf.6e0b5f63d980e66332fcf4330ea79d05.jpg,2009_002975_jpg.rf.6e0b5f63d980e66332fcf4330ea79d05.txt
2008_003407_jpg.rf.f983ee782acf92e6abc283aaf970a5ed.jpg,2008_003407_jpg.rf.f983ee782acf92e6abc283aaf970a5ed.txt
2011_003694_jpg.rf.b3df50356c6132698dff44b3ff31625b.jpg,2011_003694_jpg.rf.b3df50356c6132698dff44b3ff31625b.txt
2008_008043_jpg.rf.3f92ad6c81921e114e61fd756e46a66c.jpg,2008_008043_jpg.rf.3f92ad6c81921e114e61fd756e46a66c.txt
2009_002193_jpg.rf.e1c5b025e045ebb1f244e280d363861a.jpg,2009_002193_jpg.rf.e1c5b025e045ebb1f244e280d363861a.txt
2011_003907_jpg.rf.a90f10930e591f53bbf252b578f62d7f.jpg,2011_003907_jpg.rf.a90f10930e591f53bbf252b578f62d7f.txt
2008_006968_jpg.rf.609e0ba37e084b85e69d8bfd71df2773.jpg,2008_006968_jpg.rf.609e0ba37e084b85e69d8bfd71df2773.txt
2011_003616_jpg.rf.48faf1807d9fa8de996be54e28b2aaa6.jpg,2011_003616_jpg.rf.48faf1807d9fa8de996be54e28b2aaa6.txt
2008_003814_jpg.rf.ba92a5816b4f3f6fdb1d20c195182b1b.jpg,2008_003814_jpg.rf.ba92a5816b4f3f6fdb1d20c195182b1b.txt
2009_002705_jpg.rf.11795822ee04548c2bc21690b867c0eb.jpg,2009_002705_jpg.rf.11795822ee04548c2bc21690b867c0eb.txt
2008_002758_jpg.rf.25500c59a734a010e33282224beac333.jpg,2008_002758_jpg.rf.25500c59a734a010e33282224beac333.txt
2009_002500_jpg.rf.e11a9ed1ecbb6139ab2bc3b944da9adb.jpg,2009_002500_jpg.rf.e11a9ed1ecbb6139ab2bc3b944da9adb.txt
2009_002404_jpg.rf.c48a60337016cf4a09a764649357bf26.jpg,2009_002404_jpg.rf.c48a60337016cf4a09a764649357bf26.txt
2011_003766_jpg.rf.a259aed7c4c926d23fe83fd76fd0a187.jpg,2011_003766_jpg.rf.a259aed7c4c926d23fe83fd76fd0a187.txt
2009_002585_jpg.rf.c9d1f5750c738268bfb89c0b000eb654.jpg,2009_002585_jpg.rf.c9d1f5750c738268bfb89c0b000eb654.txt
2008_007738_jpg.rf.fafadcb7e75b2eaf0def8ea826a33a69.jpg,2008_007738_jpg.rf.fafadcb7e75b2eaf0def8ea826a33a69.txt
2008_002890_jpg.rf.dbb68f20d0f7a605a2e0abf4f37013d3.jpg,2008_002890_jpg.rf.dbb68f20d0f7a605a2e0abf4f37013d3.txt
2008_006599_jpg.rf.0de36b39eaf40442328ffa5ccfcc1077.jpg,2008_006599_jpg.rf.0de36b39eaf40442328ffa5ccfcc1077.txt
2008_007574_jpg.rf.ba20b8ce47cf174fb6bd1a148030cb1e.jpg,2008_007574_jpg.rf.ba20b8ce47cf174fb6bd1a148030cb1e.txt
2009_004679_jpg.rf.e40d6b75031084e77bd2fb4b5e8211a3.jpg,2009_004679_jpg.rf.e40d6b75031084e77bd2fb4b5e8211a3.txt
2009_004436_jpg.rf.9fdad546b4ac799eb3043456212511c3.jpg,2009_004436_jpg.rf.9fdad546b4ac799eb3043456212511c3.txt
2008_003732_jpg.rf.86863cc3d9a59fdfa54a2361e96a4405.jpg,2008_003732_jpg.rf.86863cc3d9a59fdfa54a2361e96a4405.txt
2011_004537_jpg.rf.f2b5fd2b425abe4dcbd7336120d24da5.jpg,2011_004537_jpg.rf.f2b5fd2b425abe4dcbd7336120d24da5.txt
2011_004225_jpg.rf.3d629da8bbb1076c58240c896e5482ad.jpg,2011_004225_jpg.rf.3d629da8bbb1076c58240c896e5482ad.txt
2008_003320_jpg.rf.83e6b773ae8ec33c6dae50fe9968c885.jpg,2008_003320_jpg.rf.83e6b773ae8ec33c6dae50fe9968c885.txt
2009_002792_jpg.rf.737e4d8f38161d53b90a240ee1f8e842.jpg,2009_002792_jpg.rf.737e4d8f38161d53b90a240ee1f8e842.txt
2011_003891_jpg.rf.60c8169edfaf67066c4f3df65f9fcea7.jpg,2011_003891_jpg.rf.60c8169edfaf67066c4f3df65f9fcea7.txt
2011_003376_jpg.rf.1798ca7298e8cb0a5ee4e7b53076ecf8.jpg,2011_003376_jpg.rf.1798ca7298e8cb0a5ee4e7b53076ecf8.txt
2011_003516_jpg.rf.65aacd89812a114f5ecc8b2edee993aa.jpg,2011_003516_jpg.rf.65aacd89812a114f5ecc8b2edee993aa.txt
2008_007211_jpg.rf.42a8b4832e79ead5b42d66a9986d83b6.jpg,2008_007211_jpg.rf.42a8b4832e79ead5b42d66a9986d83b6.txt
2011_003298_jpg.rf.9e24b1c4c39911a89ee8a9312bfb3151.jpg,2011_003298_jpg.rf.9e24b1c4c39911a89ee8a9312bfb3151.txt
2009_004234_jpg.rf.df5119e046cfcbd5322a1688be17c67d.jpg,2009_004234_jpg.rf.df5119e046cfcbd5322a1688be17c67d.txt
2008_007428_jpg.rf.cd31f5bf75b959e46b200db697f98727.jpg,2008_007428_jpg.rf.cd31f5bf75b959e46b200db697f98727.txt
2011_003906_jpg.rf.c584ff1c947d91d867660946e07fdc55.jpg,2011_003906_jpg.rf.c584ff1c947d91d867660946e07fdc55.txt
2009_004358_jpg.rf.24450f1ad852b9cf91ddffc9d52bab98.jpg,2009_004358_jpg.rf.24450f1ad852b9cf91ddffc9d52bab98.txt
2008_003067_jpg.rf.f38155ab75b3e472624ec8ce079730da.jpg,2008_003067_jpg.rf.f38155ab75b3e472624ec8ce079730da.txt
2008_007430_jpg.rf.e05171130405e90283e1c3103d6bdcca.jpg,2008_007430_jpg.rf.e05171130405e90283e1c3103d6bdcca.txt
2011_003657_jpg.rf.21b12e4502d962884f934bddf63f604e.jpg,2011_003657_jpg.rf.21b12e4502d962884f934bddf63f604e.txt
2009_003372_jpg.rf.1933cb237170acfd00b9c304b1775bd1.jpg,2009_003372_jpg.rf.1933cb237170acfd00b9c304b1775bd1.txt
2009_003920_jpg.rf.2d5614b0333abdb6983d495a77fc60fb.jpg,2009_003920_jpg.rf.2d5614b0333abdb6983d495a77fc60fb.txt
2009_003109_jpg.rf.2d73b3010c871387495910bac992b481.jpg,2009_003109_jpg.rf.2d73b3010c871387495910bac992b481.txt
2008_002999_jpg.rf.16b785671972e3f47aede1640b6ec720.jpg,2008_002999_jpg.rf.16b785671972e3f47aede1640b6ec720.txt
2011_005000_jpg.rf.148d4870706b3b45de2e6dddd47aaddc.jpg,2011_005000_jpg.rf.148d4870706b3b45de2e6dddd47aaddc.txt
2011_003979_jpg.rf.d5d8391b60cb7edb6fee51558207c76d.jpg,2011_003979_jpg.rf.d5d8391b60cb7edb6fee51558207c76d.txt
2009_003349_jpg.rf.6d6c3ea5a5d253cbccae487fe026a3b0.jpg,2009_003349_jpg.rf.6d6c3ea5a5d253cbccae487fe026a3b0.txt
2008_006410_jpg.rf.dae84e843ad6b9725c7bc7dea958e82c.jpg,2008_006410_jpg.rf.dae84e843ad6b9725c7bc7dea958e82c.txt
2011_004671_jpg.rf.a96d22ab9a5a2dc8ffb8b446a57af201.jpg,2011_004671_jpg.rf.a96d22ab9a5a2dc8ffb8b446a57af201.txt
2008_003304_jpg.rf.60d92e581461a64cafddc38059eff044.jpg,2008_003304_jpg.rf.60d92e581461a64cafddc38059eff044.txt
2009_003407_jpg.rf.4bcc7fd5c9fb3bf50a188d17f83a8561.jpg,2009_003407_jpg.rf.4bcc7fd5c9fb3bf50a188d17f83a8561.txt
2008_007591_jpg.rf.268c94c050169fa137fa8eab76aee5d0.jpg,2008_007591_jpg.rf.268c94c050169fa137fa8eab76aee5d0.txt
2011_003894_jpg.rf.a720913f2edb8f12f17d850e0a064f6d.jpg,2011_003894_jpg.rf.a720913f2edb8f12f17d850e0a064f6d.txt
2009_003006_jpg.rf.172b981114ed93d48b4299ac1b61317a.jpg,2009_003006_jpg.rf.172b981114ed93d48b4299ac1b61317a.txt
2011_005124_jpg.rf.c2bfe2d546daa073ed1741565264b716.jpg,2011_005124_jpg.rf.c2bfe2d546daa073ed1741565264b716.txt
2008_008431_jpg.rf.878002d6436123518cdd695483db3885.jpg,2008_008431_jpg.rf.878002d6436123518cdd695483db3885.txt
2008_006908_jpg.rf.8816a433e2d719bf6488020982f542a8.jpg,2008_006908_jpg.rf.8816a433e2d719bf6488020982f542a8.txt
2008_006646_jpg.rf.8034dcb45beb7e124339015fcde65df8.jpg,2008_006646_jpg.rf.8034dcb45beb7e124339015fcde65df8.txt
2009_003966_jpg.rf.c28c753bb8a9ba00c9fec236d39013bf.jpg,2009_003966_jpg.rf.c28c753bb8a9ba00c9fec236d39013bf.txt
2009_005185_jpg.rf.cf0f82edc75188866cfd0ab439749255.jpg,2009_005185_jpg.rf.cf0f82edc75188866cfd0ab439749255.txt
2008_008218_jpg.rf.45b9ffc2db463c9a884a4333a73aa49c.jpg,2008_008218_jpg.rf.45b9ffc2db463c9a884a4333a73aa49c.txt
2009_003608_jpg.rf.7cbc9b65df1d5d5aee9f6dcd82d95714.jpg,2009_003608_jpg.rf.7cbc9b65df1d5d5aee9f6dcd82d95714.txt
2011_004693_jpg.rf.ebd964b2300baf369c7a7ee69e6093ea.jpg,2011_004693_jpg.rf.ebd964b2300baf369c7a7ee69e6093ea.txt
2011_004656_jpg.rf.992737ee16c27bd4d82e1a89956ebe64.jpg,2011_004656_jpg.rf.992737ee16c27bd4d82e1a89956ebe64.txt
2011_004423_jpg.rf.6c0ae3925a2c90c4a49a348ce0291f7b.jpg,2011_004423_jpg.rf.6c0ae3925a2c90c4a49a348ce0291f7b.txt
2009_002635_jpg.rf.837a70415c317dff0201bb6691c820bc.jpg,2009_002635_jpg.rf.837a70415c317dff0201bb6691c820bc.txt
2009_005177_jpg.rf.6f2ba5ac6d60635a82fb13b037f42020.jpg,2009_005177_jpg.rf.6f2ba5ac6d60635a82fb13b037f42020.txt
2011_003276_jpg.rf.ecfdf93547c01093dd9a0e1a2b341270.jpg,2011_003276_jpg.rf.ecfdf93547c01093dd9a0e1a2b341270.txt
2009_003154_jpg.rf.68f0d353150c82fc67c98b0632d93d51.jpg,2009_003154_jpg.rf.68f0d353150c82fc67c98b0632d93d51.txt
2009_003384_jpg.rf.e7877f6c8a265a80a30db0e9f523e46d.jpg,2009_003384_jpg.rf.e7877f6c8a265a80a30db0e9f523e46d.txt
2011_004031_jpg.rf.36f96c64466f18fbe9607796a7d8ec5c.jpg,2011_004031_jpg.rf.36f96c64466f18fbe9607796a7d8ec5c.txt
2008_002760_jpg.rf.6340291c4e82b2c72ea8ed253fa8d7e0.jpg,2008_002760_jpg.rf.6340291c4e82b2c72ea8ed253fa8d7e0.txt
2008_003451_jpg.rf.4424fcb2128d8c034cc1d2fb98d1ce23.jpg,2008_003451_jpg.rf.4424fcb2128d8c034cc1d2fb98d1ce23.txt
2011_003387_jpg.rf.1453b1ffd32ffbf34e8e88beb311c292.jpg,2011_003387_jpg.rf.1453b1ffd32ffbf34e8e88beb311c292.txt
2008_008531_jpg.rf.e61e41c85c348e08e9b821ba83d3e6b7.jpg,2008_008531_jpg.rf.e61e41c85c348e08e9b821ba83d3e6b7.txt
2009_004403_jpg.rf.32080a9c4f30707c87cf27ee99d3c090.jpg,2009_004403_jpg.rf.32080a9c4f30707c87cf27ee99d3c090.txt
2008_006952_jpg.rf.dc5cc6ec5028e08e85a67269816aa03f.jpg,2008_006952_jpg.rf.dc5cc6ec5028e08e85a67269816aa03f.txt
2008_002856_jpg.rf.9a9e0d32ec857ba099d299504688ab97.jpg,2008_002856_jpg.rf.9a9e0d32ec857ba099d299504688ab97.txt
2011_003433_jpg.rf.bd4b2e99274e8b0ba160f9f692cc5ad6.jpg,2011_003433_jpg.rf.bd4b2e99274e8b0ba160f9f692cc5ad6.txt
2009_004880_jpg.rf.674734ae5698c07e5f20830961d71497.jpg,2009_004880_jpg.rf.674734ae5698c07e5f20830961d71497.txt
2008_008376_jpg.rf.4d177eec281e1b69c5a3d05a71d9f1ea.jpg,2008_008376_jpg.rf.4d177eec281e1b69c5a3d05a71d9f1ea.txt
2011_003262_jpg.rf.236700fe0b7c7f16409cad9078a31237.jpg,2011_003262_jpg.rf.236700fe0b7c7f16409cad9078a31237.txt
2008_006481_jpg.rf.f1d7018aa98d77fe4bee0230c7848c96.jpg,2008_006481_jpg.rf.f1d7018aa98d77fe4bee0230c7848c96.txt
2008_003721_jpg.rf.21615053bdf8e1d2cda40835b67760e5.jpg,2008_003721_jpg.rf.21615053bdf8e1d2cda40835b67760e5.txt
2008_003288_jpg.rf.ececdd5bb62195d0c9e3769a3a72a21d.jpg,2008_003288_jpg.rf.ececdd5bb62195d0c9e3769a3a72a21d.txt
2011_004893_jpg.rf.a07b28f22a33e0a1850bfe0833c2078c.jpg,2011_004893_jpg.rf.a07b28f22a33e0a1850bfe0833c2078c.txt
2011_003829_jpg.rf.50d9000aba4b644437baafdf00c70457.jpg,2011_003829_jpg.rf.50d9000aba4b644437baafdf00c70457.txt
2009_004974_jpg.rf.d1d2fe2d4a3b20f99c830172f86d93d8.jpg,2009_004974_jpg.rf.d1d2fe2d4a3b20f99c830172f86d93d8.txt
2009_002374_jpg.rf.88345ea7f131c0db0c0077853b7223c9.jpg,2009_002374_jpg.rf.88345ea7f131c0db0c0077853b7223c9.txt
2008_008097_jpg.rf.c5255a4a2f83ebd0375bc12b69c2272f.jpg,2008_008097_jpg.rf.c5255a4a2f83ebd0375bc12b69c2272f.txt
2009_003033_jpg.rf.c15ef58e3e681d5631a7ab8aab5088b9.jpg,2009_003033_jpg.rf.c15ef58e3e681d5631a7ab8aab5088b9.txt
2009_002199_jpg.rf.ed94ab6ba3f7a6679a5c712345ec8aaf.jpg,2009_002199_jpg.rf.ed94ab6ba3f7a6679a5c712345ec8aaf.txt
2008_003652_jpg.rf.43cb8153a7eb03eabbf10226a7b08f2b.jpg,2008_003652_jpg.rf.43cb8153a7eb03eabbf10226a7b08f2b.txt
2011_004510_jpg.rf.78b22c94179306c04a555de463b394e0.jpg,2011_004510_jpg.rf.78b22c94179306c04a555de463b394e0.txt
2009_004565_jpg.rf.29ddd43007fe421b05d5f587faf1cb7d.jpg,2009_004565_jpg.rf.29ddd43007fe421b05d5f587faf1cb7d.txt
2008_006568_jpg.rf.d6bce78cf399f2a3aab343a2847b78f5.jpg,2008_006568_jpg.rf.d6bce78cf399f2a3aab343a2847b78f5.txt
2011_003942_jpg.rf.b6598f6dc96ea3b988d0ee68ecf0a1d1.jpg,2011_003942_jpg.rf.b6598f6dc96ea3b988d0ee68ecf0a1d1.txt
2009_003219_jpg.rf.2a85c95c91960dad2bd4e9723d31c9a9.jpg,2009_003219_jpg.rf.2a85c95c91960dad2bd4e9723d31c9a9.txt
2009_002398_jpg.rf.46ee60aae8bd9c5f6ca4bd2014a136b5.jpg,2009_002398_jpg.rf.46ee60aae8bd9c5f6ca4bd2014a136b5.txt
2008_008073_jpg.rf.407a9369e75e22f730d3b4aebf22c0af.jpg,2008_008073_jpg.rf.407a9369e75e22f730d3b4aebf22c0af.txt
2009_004561_jpg.rf.690c4a395a43603867819fd9871bb33d.jpg,2009_004561_jpg.rf.690c4a395a43603867819fd9871bb33d.txt
2009_003018_jpg.rf.b9f488155969c884c331cfe86ed5bf25.jpg,2009_003018_jpg.rf.b9f488155969c884c331cfe86ed5bf25.txt
2011_003752_jpg.rf.be430a9a205f9d16e929b32ffee904af.jpg,2011_003752_jpg.rf.be430a9a205f9d16e929b32ffee904af.txt
2009_004730_jpg.rf.88a49cbd49978d1a9401c553e12ba6a0.jpg,2009_004730_jpg.rf.88a49cbd49978d1a9401c553e12ba6a0.txt
2008_003514_jpg.rf.0697eb6040bb302675776aeeb6dd65f4.jpg,2008_003514_jpg.rf.0697eb6040bb302675776aeeb6dd65f4.txt
2009_002349_jpg.rf.047b915fa3a5592b4549881579b33855.jpg,2009_002349_jpg.rf.047b915fa3a5592b4549881579b33855.txt
2008_007307_jpg.rf.f763367b0bc30c794151c66da1ef337a.jpg,2008_007307_jpg.rf.f763367b0bc30c794151c66da1ef337a.txt
2011_004093_jpg.rf.546a709c9163f87cd3285d4e5bb4cd7c.jpg,2011_004093_jpg.rf.546a709c9163f87cd3285d4e5bb4cd7c.txt
2011_004197_jpg.rf.2515e4b27c2ddecea79506f1e745d456.jpg,2011_004197_jpg.rf.2515e4b27c2ddecea79506f1e745d456.txt
2009_004551_jpg.rf.1cc804a53a94b2e0de45203bfb9f7d34.jpg,2009_004551_jpg.rf.1cc804a53a94b2e0de45203bfb9f7d34.txt
2008_007006_jpg.rf.c2691b7accf0ea72649cefde2c62bc6d.jpg,2008_007006_jpg.rf.c2691b7accf0ea72649cefde2c62bc6d.txt
2009_005127_jpg.rf.bd4499482c890625632f2a27cf527c1d.jpg,2009_005127_jpg.rf.bd4499482c890625632f2a27cf527c1d.txt
2009_002970_jpg.rf.f9750674102e84b895be4c1ce937726c.jpg,2009_002970_jpg.rf.f9750674102e84b895be4c1ce937726c.txt
2009_002232_jpg.rf.fb129fee082ce6276e365bf33c7827ed.jpg,2009_002232_jpg.rf.fb129fee082ce6276e365bf33c7827ed.txt
2009_002940_jpg.rf.ddf34e31318bc0559ea5517100ffe98b.jpg,2009_002940_jpg.rf.ddf34e31318bc0559ea5517100ffe98b.txt
2009_002894_jpg.rf.111a94debb7d4466e15bd675256458ea.jpg,2009_002894_jpg.rf.111a94debb7d4466e15bd675256458ea.txt
2009_003350_jpg.rf.b8fc66a096adb4433088d3dbce919898.jpg,2009_003350_jpg.rf.b8fc66a096adb4433088d3dbce919898.txt
2009_003541_jpg.rf.37b18fce842286ba87bdfc4f7f73cfec.jpg,2009_003541_jpg.rf.37b18fce842286ba87bdfc4f7f73cfec.txt
2008_002860_jpg.rf.2023c48a09ee7ff2f5e5ca24e8fd28cc.jpg,2008_002860_jpg.rf.2023c48a09ee7ff2f5e5ca24e8fd28cc.txt
2009_003185_jpg.rf.e9303e91af0b34651586649a4f0a0da6.jpg,2009_003185_jpg.rf.e9303e91af0b34651586649a4f0a0da6.txt
2009_003581_jpg.rf.34cc6d7e1b19508ae80eda888f1e69bf.jpg,2009_003581_jpg.rf.34cc6d7e1b19508ae80eda888f1e69bf.txt
2009_003835_jpg.rf.cca9797f0ad8e6fdfc2ff276201050cf.jpg,2009_003835_jpg.rf.cca9797f0ad8e6fdfc2ff276201050cf.txt
2008_007261_jpg.rf.ce1e99cac4c29563f7c3d4d5d4616b36.jpg,2008_007261_jpg.rf.ce1e99cac4c29563f7c3d4d5d4616b36.txt
2008_007917_jpg.rf.2c74410b629d6888a89d88e8ab335fe5.jpg,2008_007917_jpg.rf.2c74410b629d6888a89d88e8ab335fe5.txt
2008_007394_jpg.rf.70f508c3237c69342b6bc5abc04baad7.jpg,2008_007394_jpg.rf.70f508c3237c69342b6bc5abc04baad7.txt
2008_008127_jpg.rf.69b6f0a223255b3f545ae795e29bc9eb.jpg,2008_008127_jpg.rf.69b6f0a223255b3f545ae795e29bc9eb.txt
2009_002431_jpg.rf.dc52349ed42e0c7e1023f40f3ec076d0.jpg,2009_002431_jpg.rf.dc52349ed42e0c7e1023f40f3ec076d0.txt
2008_007781_jpg.rf.f5562f851dbbb113ecbd7cccae8faf81.jpg,2008_007781_jpg.rf.f5562f851dbbb113ecbd7cccae8faf81.txt
2009_004607_jpg.rf.130389e803920cba91ba4cce732a39f9.jpg,2009_004607_jpg.rf.130389e803920cba91ba4cce732a39f9.txt
2008_007558_jpg.rf.135a3ef509b461dd0849a3adf6626b6e.jpg,2008_007558_jpg.rf.135a3ef509b461dd0849a3adf6626b6e.txt
2009_004276_jpg.rf.b862a63058a972a4728d51c76bae6343.jpg,2009_004276_jpg.rf.b862a63058a972a4728d51c76bae6343.txt
2008_007737_jpg.rf.962c6829ba02889d7f975402535d4f9f.jpg,2008_007737_jpg.rf.962c6829ba02889d7f975402535d4f9f.txt
2008_006401_jpg.rf.56adbe3dfca1a753b57f792d6f776af9.jpg,2008_006401_jpg.rf.56adbe3dfca1a753b57f792d6f776af9.txt
2008_006562_jpg.rf.753ee31908f7f354c80561f150a1cc07.jpg,2008_006562_jpg.rf.753ee31908f7f354c80561f150a1cc07.txt
2009_004634_jpg.rf.de60273564d32b25e5ed3ed670f7457d.jpg,2009_004634_jpg.rf.de60273564d32b25e5ed3ed670f7457d.txt
2008_007668_jpg.rf.697c992a144a001f77d3eb19a526413c.jpg,2008_007668_jpg.rf.697c992a144a001f77d3eb19a526413c.txt
2011_004866_jpg.rf.c8d33fdd8eb3c7db16b5d3009d87629f.jpg,2011_004866_jpg.rf.c8d33fdd8eb3c7db16b5d3009d87629f.txt
2008_007389_jpg.rf.4261f4b6ba96048072842b59832c77f1.jpg,2008_007389_jpg.rf.4261f4b6ba96048072842b59832c77f1.txt
2008_006430_jpg.rf.d96b10bf6138fc0d2e365991246c9e32.jpg,2008_006430_jpg.rf.d96b10bf6138fc0d2e365991246c9e32.txt
2008_006904_jpg.rf.9770de4701582c512e9e2f4390804964.jpg,2008_006904_jpg.rf.9770de4701582c512e9e2f4390804964.txt
2008_007586_jpg.rf.25de78ef0d708babcd4b8b674b1581a4.jpg,2008_007586_jpg.rf.25de78ef0d708babcd4b8b674b1581a4.txt
2011_004568_jpg.rf.d250e0ea217ede8ef992027e37607c84.jpg,2011_004568_jpg.rf.d250e0ea217ede8ef992027e37607c84.txt
2008_008423_jpg.rf.ed0c7fddec0bef80544f5256c96e5657.jpg,2008_008423_jpg.rf.ed0c7fddec0bef80544f5256c96e5657.txt
2008_007325_jpg.rf.4c75917ab6a3566b9bc9fb6fce588082.jpg,2008_007325_jpg.rf.4c75917ab6a3566b9bc9fb6fce588082.txt
2008_007533_jpg.rf.efb7d6379040960e66f1ded7221db916.jpg,2008_007533_jpg.rf.efb7d6379040960e66f1ded7221db916.txt
2008_003604_jpg.rf.0a893a7af1c25d4393d7ac2945869e83.jpg,2008_003604_jpg.rf.0a893a7af1c25d4393d7ac2945869e83.txt
2008_002892_jpg.rf.981e5d1d1811e1ae73784481f3f62f40.jpg,2008_002892_jpg.rf.981e5d1d1811e1ae73784481f3f62f40.txt
2011_003353_jpg.rf.ed38af677535d8ecc99110f6d740fd53.jpg,2011_003353_jpg.rf.ed38af677535d8ecc99110f6d740fd53.txt
2009_003150_jpg.rf.56105740cdd84057b4e1272bd5be8c4c.jpg,2009_003150_jpg.rf.56105740cdd84057b4e1272bd5be8c4c.txt
2008_007226_jpg.rf.e4bb0756825a6f9e8740dc5b2856ec0f.jpg,2008_007226_jpg.rf.e4bb0756825a6f9e8740dc5b2856ec0f.txt
2008_007888_jpg.rf.0ecff11f7a9fd4abf55f500609910f30.jpg,2008_007888_jpg.rf.0ecff11f7a9fd4abf55f500609910f30.txt
2008_003329_jpg.rf.173b7b7a0f4542db319c66558c71c8fb.jpg,2008_003329_jpg.rf.173b7b7a0f4542db319c66558c71c8fb.txt
2009_002890_jpg.rf.5292cb7469ef7b8d02f87fcda28d472f.jpg,2009_002890_jpg.rf.5292cb7469ef7b8d02f87fcda28d472f.txt
2008_007084_jpg.rf.7b41fe0617b4dd37a91c6a98971bf8b6.jpg,2008_007084_jpg.rf.7b41fe0617b4dd37a91c6a98971bf8b6.txt
2009_004075_jpg.rf.c9b968fafb0d26c25090ee99f2fee3e4.jpg,2009_004075_jpg.rf.c9b968fafb0d26c25090ee99f2fee3e4.txt
2008_008524_jpg.rf.ae9540f1144b31088eb29a956f3b0aa6.jpg,2008_008524_jpg.rf.ae9540f1144b31088eb29a956f3b0aa6.txt
2009_003491_jpg.rf.e3c37e7e912b390df83cfb8cdc7a5da2.jpg,2009_003491_jpg.rf.e3c37e7e912b390df83cfb8cdc7a5da2.txt
2011_005049_jpg.rf.5b8ef1820afabd80473bd4eff1803c77.jpg,2011_005049_jpg.rf.5b8ef1820afabd80473bd4eff1803c77.txt
2008_007067_jpg.rf.11e3e0422adeb59d2476223b97bf799c.jpg,2008_007067_jpg.rf.11e3e0422adeb59d2476223b97bf799c.txt
2008_008115_jpg.rf.443c6849c780761b92a33e624359adce.jpg,2008_008115_jpg.rf.443c6849c780761b92a33e624359adce.txt
2008_003458_jpg.rf.3aeee7118164abb0216ca4db43969dd0.jpg,2008_003458_jpg.rf.3aeee7118164abb0216ca4db43969dd0.txt
2008_007097_jpg.rf.9a22b3c17c1bb94a9dfc966be9494e34.jpg,2008_007097_jpg.rf.9a22b3c17c1bb94a9dfc966be9494e34.txt
2011_003374_jpg.rf.3e46553535a05da43133c6de368c4977.jpg,2011_003374_jpg.rf.3e46553535a05da43133c6de368c4977.txt
2011_003441_jpg.rf.ad13a331fbc0b4d2934d932495f8970a.jpg,2011_003441_jpg.rf.ad13a331fbc0b4d2934d932495f8970a.txt
2008_007895_jpg.rf.bd048f5d180f0316c9f32aaf36c93a24.jpg,2008_007895_jpg.rf.bd048f5d180f0316c9f32aaf36c93a24.txt
2009_004874_jpg.rf.29e3e7e9623dfd229f64ea5394cf7aca.jpg,2009_004874_jpg.rf.29e3e7e9623dfd229f64ea5394cf7aca.txt
2008_007989_jpg.rf.87d8f4c01169aac2e19a075fe352a6f5.jpg,2008_007989_jpg.rf.87d8f4c01169aac2e19a075fe352a6f5.txt
2011_004217_jpg.rf.46426acceaee1fa0feae850dd100a8ad.jpg,2011_004217_jpg.rf.46426acceaee1fa0feae850dd100a8ad.txt
2011_005132_jpg.rf.49b39e69ee215c0d78f2294a4e86e5f5.jpg,2011_005132_jpg.rf.49b39e69ee215c0d78f2294a4e86e5f5.txt
2011_004033_jpg.rf.c58d074f7ce8aea2f3f66ce56c9bb221.jpg,2011_004033_jpg.rf.c58d074f7ce8aea2f3f66ce56c9bb221.txt
2008_003609_jpg.rf.6922c0cee9b162086d11cbb0c379cf25.jpg,2008_003609_jpg.rf.6922c0cee9b162086d11cbb0c379cf25.txt
2008_007882_jpg.rf.9543079f426898fd83db2515a94af23d.jpg,2008_007882_jpg.rf.9543079f426898fd83db2515a94af23d.txt
2008_007561_jpg.rf.8cba2eca8eafd42c1a6a3e6194667ada.jpg,2008_007561_jpg.rf.8cba2eca8eafd42c1a6a3e6194667ada.txt
2008_003800_jpg.rf.0ef3a77773a655abf9ef5e50196d4a6d.jpg,2008_003800_jpg.rf.0ef3a77773a655abf9ef5e50196d4a6d.txt
2008_003891_jpg.rf.41fe48dbe8075b188cf79a2f1fb1604a.jpg,2008_003891_jpg.rf.41fe48dbe8075b188cf79a2f1fb1604a.txt
2009_002809_jpg.rf.1d27115779068af3acf68783ebef4846.jpg,2009_002809_jpg.rf.1d27115779068af3acf68783ebef4846.txt
2008_007096_jpg.rf.b5a6b840b202887dc7a4aef8ff4237a4.jpg,2008_007096_jpg.rf.b5a6b840b202887dc7a4aef8ff4237a4.txt
2009_004697_jpg.rf.4fb59a3b6db809624b36b664b2f42933.jpg,2009_004697_jpg.rf.4fb59a3b6db809624b36b664b2f42933.txt
2009_003425_jpg.rf.f3e00093ed0c50414c276d3c0f042ed3.jpg,2009_003425_jpg.rf.f3e00093ed0c50414c276d3c0f042ed3.txt
2008_003213_jpg.rf.5cb4e2cb6f39f84a09d178bb285071f7.jpg,2008_003213_jpg.rf.5cb4e2cb6f39f84a09d178bb285071f7.txt
2011_003305_jpg.rf.30b21cd4bbda3f4db5b929a21c645fba.jpg,2011_003305_jpg.rf.30b21cd4bbda3f4db5b929a21c645fba.txt
2008_007231_jpg.rf.64ae47f7ad9ab036425ff79853402934.jpg,2008_007231_jpg.rf.64ae47f7ad9ab036425ff79853402934.txt
2008_007918_jpg.rf.72d2dd7a26df4bea08a4cc9ce0f94ac9.jpg,2008_007918_jpg.rf.72d2dd7a26df4bea08a4cc9ce0f94ac9.txt
2011_003760_jpg.rf.585a578af0bd978ff5abe1ed42ace9c4.jpg,2011_003760_jpg.rf.585a578af0bd978ff5abe1ed42ace9c4.txt
2008_007593_jpg.rf.41b85ee8d102632f34da59dc28f32f15.jpg,2008_007593_jpg.rf.41b85ee8d102632f34da59dc28f32f15.txt
2008_008545_jpg.rf.a7b387508cf995d5d483ae3dfaf7ac31.jpg,2008_008545_jpg.rf.a7b387508cf995d5d483ae3dfaf7ac31.txt
2009_003652_jpg.rf.677f5ea7a8d8dd398dccfc7139cad910.jpg,2009_003652_jpg.rf.677f5ea7a8d8dd398dccfc7139cad910.txt
2009_004812_jpg.rf.56ed983f906cd2bf40c3fb1bff436679.jpg,2009_004812_jpg.rf.56ed983f906cd2bf40c3fb1bff436679.txt
2009_003747_jpg.rf.566d2d8250cf4a5a615044cd8cf2000f.jpg,2009_003747_jpg.rf.566d2d8250cf4a5a615044cd8cf2000f.txt
2011_004589_jpg.rf.98316e92466b04080897293b16964745.jpg,2011_004589_jpg.rf.98316e92466b04080897293b16964745.txt
2011_004462_jpg.rf.9c058be3526504af771c96115adc19cb.jpg,2011_004462_jpg.rf.9c058be3526504af771c96115adc19cb.txt
2011_004779_jpg.rf.833c453c900005efcfa89ab23393c3a3.jpg,2011_004779_jpg.rf.833c453c900005efcfa89ab23393c3a3.txt
2009_002239_jpg.rf.1c891781efc9a3bff86b59d9a2746721.jpg,2009_002239_jpg.rf.1c891781efc9a3bff86b59d9a2746721.txt
2011_003667_jpg.rf.128fb4362bbc751d32926b14a5c54dc9.jpg,2011_003667_jpg.rf.128fb4362bbc751d32926b14a5c54dc9.txt
2008_006762_jpg.rf.d2dc0f7e35e9d19c8e5aeb90f15b5cdb.jpg,2008_006762_jpg.rf.d2dc0f7e35e9d19c8e5aeb90f15b5cdb.txt
2009_003075_jpg.rf.b7d57d199e3a61cd9a453d45eb04515e.jpg,2009_003075_jpg.rf.b7d57d199e3a61cd9a453d45eb04515e.txt
2009_004568_jpg.rf.dddd33cf10012c0118178ea0356a8da9.jpg,2009_004568_jpg.rf.dddd33cf10012c0118178ea0356a8da9.txt
2009_003637_jpg.rf.5bd54c215f75660cdef927ca9f27dca4.jpg,2009_003637_jpg.rf.5bd54c215f75660cdef927ca9f27dca4.txt
2011_004270_jpg.rf.cb56e760ed9bd1b1a4095a8fef834e53.jpg,2011_004270_jpg.rf.cb56e760ed9bd1b1a4095a8fef834e53.txt
2009_005015_jpg.rf.d91c83e1edad85f5fd27925f68f1551c.jpg,2009_005015_jpg.rf.d91c83e1edad85f5fd27925f68f1551c.txt
2008_008185_jpg.rf.7f29da778b89fabf43c15fb9ad6a7f41.jpg,2008_008185_jpg.rf.7f29da778b89fabf43c15fb9ad6a7f41.txt
2008_006655_jpg.rf.5a911a36ee5780ef7c9db6ac0c9deb64.jpg,2008_006655_jpg.rf.5a911a36ee5780ef7c9db6ac0c9deb64.txt
2009_004392_jpg.rf.dabbf166594f7075218cc1bf94ff38a8.jpg,2009_004392_jpg.rf.dabbf166594f7075218cc1bf94ff38a8.txt
2009_002416_jpg.rf.5cbf33b5fdc02b1026a323c820ee1b5f.jpg,2009_002416_jpg.rf.5cbf33b5fdc02b1026a323c820ee1b5f.txt
2009_005024_jpg.rf.db80229906e0621447c6e7a9cf8b7892.jpg,2009_005024_jpg.rf.db80229906e0621447c6e7a9cf8b7892.txt
2008_007931_jpg.rf.582ecfe083b9814993ccec07cb6b953b.jpg,2008_007931_jpg.rf.582ecfe083b9814993ccec07cb6b953b.txt
2011_003379_jpg.rf.9c4d75f2cb96ca6fa6defcd785dc94f5.jpg,2011_003379_jpg.rf.9c4d75f2cb96ca6fa6defcd785dc94f5.txt
2009_004222_jpg.rf.64e80e234c8c40cfcced79ba4d7d91dd.jpg,2009_004222_jpg.rf.64e80e234c8c40cfcced79ba4d7d91dd.txt
2008_002697_jpg.rf.3c748708cd5deaa2f18398958ff66124.jpg,2008_002697_jpg.rf.3c748708cd5deaa2f18398958ff66124.txt
2008_003788_jpg.rf.63f6b44314ed7512944561a708211767.jpg,2008_003788_jpg.rf.63f6b44314ed7512944561a708211767.txt
2009_002613_jpg.rf.9f15fb3e886d4962aeef6e12723bbb7c.jpg,2009_002613_jpg.rf.9f15fb3e886d4962aeef6e12723bbb7c.txt
2009_003416_jpg.rf.80dba49c97f845a35840a72ef76293c6.jpg,2009_003416_jpg.rf.80dba49c97f845a35840a72ef76293c6.txt
2009_002499_jpg.rf.6f2ce67369a46175c8c135a51e46f70a.jpg,2009_002499_jpg.rf.6f2ce67369a46175c8c135a51e46f70a.txt
2008_003697_jpg.rf.dece8c5ff4b03fd8c7c0a153c9fa1c1d.jpg,2008_003697_jpg.rf.dece8c5ff4b03fd8c7c0a153c9fa1c1d.txt
2009_002853_jpg.rf.d3253b65304c1fe7172547f695a01ef9.jpg,2009_002853_jpg.rf.d3253b65304c1fe7172547f695a01ef9.txt
2011_004935_jpg.rf.9d1d795e47e6b389e4cecfe3c89410b6.jpg,2011_004935_jpg.rf.9d1d795e47e6b389e4cecfe3c89410b6.txt
2009_002902_jpg.rf.671a1ad75a3e5aa0502351f9b455fbd1.jpg,2009_002902_jpg.rf.671a1ad75a3e5aa0502351f9b455fbd1.txt
2008_003025_jpg.rf.47fa438677a2fd01d327dc3d46f4298b.jpg,2008_003025_jpg.rf.47fa438677a2fd01d327dc3d46f4298b.txt
2008_008439_jpg.rf.a0868b9b1f5fbc3d78d43a0f4d82ae4d.jpg,2008_008439_jpg.rf.a0868b9b1f5fbc3d78d43a0f4d82ae4d.txt
2008_006865_jpg.rf.56762240f8119255506b755b5907008d.jpg,2008_006865_jpg.rf.56762240f8119255506b755b5907008d.txt
2009_003175_jpg.rf.30dee48ea323be6a1480f67015febe5e.jpg,2009_003175_jpg.rf.30dee48ea323be6a1480f67015febe5e.txt
2008_003393_jpg.rf.c5e6fe27d7269a90c8ffd4a07c9f9d52.jpg,2008_003393_jpg.rf.c5e6fe27d7269a90c8ffd4a07c9f9d52.txt
2009_002328_jpg.rf.34b995cbfea3ed823477460df8e20ea5.jpg,2009_002328_jpg.rf.34b995cbfea3ed823477460df8e20ea5.txt
2011_004418_jpg.rf.48e681f82e5418294476560021c72f6c.jpg,2011_004418_jpg.rf.48e681f82e5418294476560021c72f6c.txt
2008_007409_jpg.rf.88aa706b5cee2d3d7906a97d86f6f3c2.jpg,2008_007409_jpg.rf.88aa706b5cee2d3d7906a97d86f6f3c2.txt
2009_005217_jpg.rf.c0d967848fe18129e7e73420daafec00.jpg,2009_005217_jpg.rf.c0d967848fe18129e7e73420daafec00.txt
2008_008074_jpg.rf.e11c15d409cbbf635fd182789f50cd5e.jpg,2008_008074_jpg.rf.e11c15d409cbbf635fd182789f50cd5e.txt
2009_003639_jpg.rf.6b59d1a330f735ece0f675cc92199c1e.jpg,2009_003639_jpg.rf.6b59d1a330f735ece0f675cc92199c1e.txt
2008_002992_jpg.rf.46cd1c1144d135666b4b946e0a6b073c.jpg,2008_002992_jpg.rf.46cd1c1144d135666b4b946e0a6b073c.txt
2009_004211_jpg.rf.20aab2401c6d7e40d95acc85f8cf61db.jpg,2009_004211_jpg.rf.20aab2401c6d7e40d95acc85f8cf61db.txt
2008_003021_jpg.rf.fb5f76d145be4ce338da6ed04cf2db0c.jpg,2008_003021_jpg.rf.fb5f76d145be4ce338da6ed04cf2db0c.txt
2008_007219_jpg.rf.85bf3d24e26d439a4c63c89cfb3314b6.jpg,2008_007219_jpg.rf.85bf3d24e26d439a4c63c89cfb3314b6.txt
2009_004262_jpg.rf.d8029d6573a141ba5665c478e6200f99.jpg,2009_004262_jpg.rf.d8029d6573a141ba5665c478e6200f99.txt
2011_004797_jpg.rf.2871792c6fd65818ea1770b53547886a.jpg,2011_004797_jpg.rf.2871792c6fd65818ea1770b53547886a.txt
2011_003709_jpg.rf.a206563b38cdf9681d916a8b74a8aa5f.jpg,2011_003709_jpg.rf.a206563b38cdf9681d916a8b74a8aa5f.txt
2009_003229_jpg.rf.b7200f63b3d7cdd96c14a56fc1a75b7c.jpg,2009_003229_jpg.rf.b7200f63b3d7cdd96c14a56fc1a75b7c.txt
2011_004461_jpg.rf.02ea5b0a083a8f576c18432afbc0f0d1.jpg,2011_004461_jpg.rf.02ea5b0a083a8f576c18432afbc0f0d1.txt
2009_002434_jpg.rf.c7c5eb07c6ebe0a967023ad69d8f2093.jpg,2009_002434_jpg.rf.c7c5eb07c6ebe0a967023ad69d8f2093.txt
2011_004026_jpg.rf.3386749565aa53023b75ed62bc11dcb9.jpg,2011_004026_jpg.rf.3386749565aa53023b75ed62bc11dcb9.txt
2011_003452_jpg.rf.9b2ea30b7f7013b4da994b5994e0efdb.jpg,2011_003452_jpg.rf.9b2ea30b7f7013b4da994b5994e0efdb.txt
2008_006912_jpg.rf.7356202466a492d07369e17a5fddda34.jpg,2008_006912_jpg.rf.7356202466a492d07369e17a5fddda34.txt
2011_004882_jpg.rf.1774b52e31a7259424c4a990ca1fbdb0.jpg,2011_004882_jpg.rf.1774b52e31a7259424c4a990ca1fbdb0.txt
2008_003825_jpg.rf.1ef08fb610b221dbeda148b1fe7b25d8.jpg,2008_003825_jpg.rf.1ef08fb610b221dbeda148b1fe7b25d8.txt
2009_003962_jpg.rf.4b2d4f8d16b984a7f98107afd6c47b53.jpg,2009_003962_jpg.rf.4b2d4f8d16b984a7f98107afd6c47b53.txt
2008_006965_jpg.rf.641b3decb27e5614135cd9eabe97f390.jpg,2008_006965_jpg.rf.641b3decb27e5614135cd9eabe97f390.txt
2008_007749_jpg.rf.4d91b230d53074ca8cfec89bad784cee.jpg,2008_007749_jpg.rf.4d91b230d53074ca8cfec89bad784cee.txt
2008_008215_jpg.rf.06ceb626d1b269b0562a001ca189bf69.jpg,2008_008215_jpg.rf.06ceb626d1b269b0562a001ca189bf69.txt
2009_002561_jpg.rf.a712e2ee00dac781fcaaf25d877f218e.jpg,2009_002561_jpg.rf.a712e2ee00dac781fcaaf25d877f218e.txt
2011_003358_jpg.rf.b327eaa2b82649b95b15908a0926d96b.jpg,2011_003358_jpg.rf.b327eaa2b82649b95b15908a0926d96b.txt
2008_007390_jpg.rf.8be91e1e8113bf6d98284372467769e9.jpg,2008_007390_jpg.rf.8be91e1e8113bf6d98284372467769e9.txt
2008_007861_jpg.rf.4101f1c2e70efbda73fc6f0053b46c97.jpg,2008_007861_jpg.rf.4101f1c2e70efbda73fc6f0053b46c97.txt
2011_003453_jpg.rf.0f82833f282fa863740e58885a0275af.jpg,2011_003453_jpg.rf.0f82833f282fa863740e58885a0275af.txt
2011_004725_jpg.rf.8b662e48523856b9760d600147c03d10.jpg,2011_004725_jpg.rf.8b662e48523856b9760d600147c03d10.txt
2008_008320_jpg.rf.c974980525ad5ea0072be309db209c4d.jpg,2008_008320_jpg.rf.c974980525ad5ea0072be309db209c4d.txt
2011_003308_jpg.rf.cadfea679e8cfd2c4967d603edc2808f.jpg,2011_003308_jpg.rf.cadfea679e8cfd2c4967d603edc2808f.txt
2009_002893_jpg.rf.16c22031ba1d264384a08608aabd77d9.jpg,2009_002893_jpg.rf.16c22031ba1d264384a08608aabd77d9.txt
2009_003395_jpg.rf.4b51d33be6913cb56beee582f63d6000.jpg,2009_003395_jpg.rf.4b51d33be6913cb56beee582f63d6000.txt
2011_003261_jpg.rf.afea1c65a9dd8fa6e963a511e90788ff.jpg,2011_003261_jpg.rf.afea1c65a9dd8fa6e963a511e90788ff.txt
2008_003775_jpg.rf.0fee24c83ca1a100d9046ed166d74696.jpg,2008_003775_jpg.rf.0fee24c83ca1a100d9046ed166d74696.txt
2009_003301_jpg.rf.a4e91e32276f92cefd702e5956c272da.jpg,2009_003301_jpg.rf.a4e91e32276f92cefd702e5956c272da.txt
2008_007197_jpg.rf.55c6c87a31bb28bebe07404dc49be159.jpg,2008_007197_jpg.rf.55c6c87a31bb28bebe07404dc49be159.txt
2009_002888_jpg.rf.3b98fd1bb540c08bc009e0dece4f12d6.jpg,2009_002888_jpg.rf.3b98fd1bb540c08bc009e0dece4f12d6.txt
2008_006417_jpg.rf.35f6c29f9d9e9f810c013d173acb5746.jpg,2008_006417_jpg.rf.35f6c29f9d9e9f810c013d173acb5746.txt
2011_003912_jpg.rf.7a91661d64ce236cd74bddff1c5423e4.jpg,2011_003912_jpg.rf.7a91661d64ce236cd74bddff1c5423e4.txt
2008_008359_jpg.rf.bee77dd57bac2ae37223a5f56b0d729c.jpg,2008_008359_jpg.rf.bee77dd57bac2ae37223a5f56b0d729c.txt
2009_003127_jpg.rf.6ce1c8bc699827a30c643e26547f7c57.jpg,2009_003127_jpg.rf.6ce1c8bc699827a30c643e26547f7c57.txt
2011_004708_jpg.rf.3183c44c15e96f31637c5e812b95989c.jpg,2011_004708_jpg.rf.3183c44c15e96f31637c5e812b95989c.txt
2011_004088_jpg.rf.5c6744023df01cb45907ae4727acc966.jpg,2011_004088_jpg.rf.5c6744023df01cb45907ae4727acc966.txt
2008_003478_jpg.rf.007f0016e0614d69c93c5ab4579421f0.jpg,2008_003478_jpg.rf.007f0016e0614d69c93c5ab4579421f0.txt
2009_005231_jpg.rf.6dbcf8e35872d8d8a351c95b9135ea44.jpg,2009_005231_jpg.rf.6dbcf8e35872d8d8a351c95b9135ea44.txt
2008_007012_jpg.rf.c359b9682feff7d8b667a45c43a9a7c9.jpg,2008_007012_jpg.rf.c359b9682feff7d8b667a45c43a9a7c9.txt
2009_004082_jpg.rf.609686abe085ec0c871b3b961fc7de08.jpg,2009_004082_jpg.rf.609686abe085ec0c871b3b961fc7de08.txt
2009_004903_jpg.rf.787f891fda277cd0735d284318bb4069.jpg,2009_004903_jpg.rf.787f891fda277cd0735d284318bb4069.txt
2008_006657_jpg.rf.099dc0e038ed9a14e9a48412be17c4fc.jpg,2008_006657_jpg.rf.099dc0e038ed9a14e9a48412be17c4fc.txt
2009_004319_jpg.rf.3086a8faad5834fd4164a1d12d8c09cb.jpg,2009_004319_jpg.rf.3086a8faad5834fd4164a1d12d8c09cb.txt
2009_003947_jpg.rf.8022b745bce9c1ad55629499ba8f331c.jpg,2009_003947_jpg.rf.8022b745bce9c1ad55629499ba8f331c.txt
2008_007098_jpg.rf.dedf67dd4d4eb4cf6a46918bfc7fea43.jpg,2008_007098_jpg.rf.dedf67dd4d4eb4cf6a46918bfc7fea43.txt
2008_002784_jpg.rf.0d729d5facc0baad47f8988e10e6d8cf.jpg,2008_002784_jpg.rf.0d729d5facc0baad47f8988e10e6d8cf.txt
2009_004165_jpg.rf.b5646eedcdc552da7f585d99312c3a7f.jpg,2009_004165_jpg.rf.b5646eedcdc552da7f585d99312c3a7f.txt
2009_003492_jpg.rf.5d78ac2882e42f80deebf778e180bcde.jpg,2009_003492_jpg.rf.5d78ac2882e42f80deebf778e180bcde.txt
2009_003262_jpg.rf.d1fbbbb4f15d04b2bb31f2d5e74c05c3.jpg,2009_003262_jpg.rf.d1fbbbb4f15d04b2bb31f2d5e74c05c3.txt
2009_003494_jpg.rf.3fdeaf3c3bb5adfae36b57d0879d550f.jpg,2009_003494_jpg.rf.3fdeaf3c3bb5adfae36b57d0879d550f.txt
2008_003381_jpg.rf.8b661a28dc0604abb40fc87ca5f9209f.jpg,2008_003381_jpg.rf.8b661a28dc0604abb40fc87ca5f9209f.txt
2009_002770_jpg.rf.0cc6abaa1939dbeda0ad0924bfdcb726.jpg,2009_002770_jpg.rf.0cc6abaa1939dbeda0ad0924bfdcb726.txt
2008_003342_jpg.rf.0c5573ccc186923685cf149db624f684.jpg,2008_003342_jpg.rf.0c5573ccc186923685cf149db624f684.txt
2009_004023_jpg.rf.fdb53639746d153a1e3710354c05f482.jpg,2009_004023_jpg.rf.fdb53639746d153a1e3710354c05f482.txt
2011_004631_jpg.rf.a9b6d211e99354d9c10260da16c6439a.jpg,2011_004631_jpg.rf.a9b6d211e99354d9c10260da16c6439a.txt
2009_005155_jpg.rf.5fd38d7e9d9b20efc6a2edf2847d5dc5.jpg,2009_005155_jpg.rf.5fd38d7e9d9b20efc6a2edf2847d5dc5.txt
2008_003812_jpg.rf.663b9815108d491693788d518b66405a.jpg,2008_003812_jpg.rf.663b9815108d491693788d518b66405a.txt
2009_003323_jpg.rf.6827c9b5c93c45b3d71024e4f2ab8ef5.jpg,2009_003323_jpg.rf.6827c9b5c93c45b3d71024e4f2ab8ef5.txt
2011_003483_jpg.rf.5882b191484a973cd26c8d4dca0796b9.jpg,2011_003483_jpg.rf.5882b191484a973cd26c8d4dca0796b9.txt
2008_007682_jpg.rf.ebeb7d6873fd487a40fa58e2ac57a7af.jpg,2008_007682_jpg.rf.ebeb7d6873fd487a40fa58e2ac57a7af.txt
2009_003517_jpg.rf.ffcfc5f75bc17b3f2ae9e2ba23a042b2.jpg,2009_003517_jpg.rf.ffcfc5f75bc17b3f2ae9e2ba23a042b2.txt
2008_008446_jpg.rf.ce929b9d620d78fd4805f20dcedbf993.jpg,2008_008446_jpg.rf.ce929b9d620d78fd4805f20dcedbf993.txt
2011_003789_jpg.rf.00051b0c7ea0d0c2ba8ac959728a560b.jpg,2011_003789_jpg.rf.00051b0c7ea0d0c2ba8ac959728a560b.txt
2009_004943_jpg.rf.a61bac13f7b6c59a98734f51b882b9e5.jpg,2009_004943_jpg.rf.a61bac13f7b6c59a98734f51b882b9e5.txt
2011_004509_jpg.rf.56173fce1b0dbb4d8c438cbd8eab8e7f.jpg,2011_004509_jpg.rf.56173fce1b0dbb4d8c438cbd8eab8e7f.txt
2009_002851_jpg.rf.6ca002a274f702df67c913c4c173150b.jpg,2009_002851_jpg.rf.6ca002a274f702df67c913c4c173150b.txt
2011_004185_jpg.rf.732e7b20bbc3042bbfc1ecb109a60723.jpg,2011_004185_jpg.rf.732e7b20bbc3042bbfc1ecb109a60723.txt
2008_007584_jpg.rf.c35cd0ad36b7f60cc2daddabd33b4477.jpg,2008_007584_jpg.rf.c35cd0ad36b7f60cc2daddabd33b4477.txt
2011_003647_jpg.rf.3a72031a8fce580f4fb3489d88485db9.jpg,2011_003647_jpg.rf.3a72031a8fce580f4fb3489d88485db9.txt
2008_003776_jpg.rf.1ed0c40c8285ca8a4052bce08e6776a3.jpg,2008_003776_jpg.rf.1ed0c40c8285ca8a4052bce08e6776a3.txt
2009_004939_jpg.rf.bd08ccdd6ae0e876cc9fe0882d1488c8.jpg,2009_004939_jpg.rf.bd08ccdd6ae0e876cc9fe0882d1488c8.txt
2011_003688_jpg.rf.99541a358230f07f211c25869ec10263.jpg,2011_003688_jpg.rf.99541a358230f07f211c25869ec10263.txt
2009_004037_jpg.rf.8c2695ecc4a473ad47c42c02ac7f5fbf.jpg,2009_004037_jpg.rf.8c2695ecc4a473ad47c42c02ac7f5fbf.txt
2008_003442_jpg.rf.ade8bd222e68d946457079b6f0d309ff.jpg,2008_003442_jpg.rf.ade8bd222e68d946457079b6f0d309ff.txt
2008_006547_jpg.rf.5f9cd89857cf14421c050e88b9832743.jpg,2008_006547_jpg.rf.5f9cd89857cf14421c050e88b9832743.txt
2011_004155_jpg.rf.647bc191a4068d82f92c4d1ad977884a.jpg,2011_004155_jpg.rf.647bc191a4068d82f92c4d1ad977884a.txt
2008_007188_jpg.rf.d48a5b24f2fb3815b4db6fd84e67b192.jpg,2008_007188_jpg.rf.d48a5b24f2fb3815b4db6fd84e67b192.txt
2011_004652_jpg.rf.188b606cbe995949ba0fcf7be8a9a096.jpg,2011_004652_jpg.rf.188b606cbe995949ba0fcf7be8a9a096.txt
2009_002272_jpg.rf.68ce0f608c3de1ee505cdfe1814459a5.jpg,2009_002272_jpg.rf.68ce0f608c3de1ee505cdfe1814459a5.txt
2011_003823_jpg.rf.47e4b4e517000ff1b866aa9edfc0a76e.jpg,2011_003823_jpg.rf.47e4b4e517000ff1b866aa9edfc0a76e.txt
2009_003090_jpg.rf.fe8972822b01c8a413cf3fc394e83e83.jpg,2009_003090_jpg.rf.fe8972822b01c8a413cf3fc394e83e83.txt
2008_002733_jpg.rf.8ca5c8f4bc75d4a6c0eea37e6c52e8d8.jpg,2008_002733_jpg.rf.8ca5c8f4bc75d4a6c0eea37e6c52e8d8.txt
2008_003373_jpg.rf.312360fbc17ce99dee5a3a5ecd6645ef.jpg,2008_003373_jpg.rf.312360fbc17ce99dee5a3a5ecd6645ef.txt
2008_008123_jpg.rf.8590e65afcf72aec69ccecaf2dc39e37.jpg,2008_008123_jpg.rf.8590e65afcf72aec69ccecaf2dc39e37.txt
2009_003601_jpg.rf.136d8298bc67174d4b5694f78733bd8d.jpg,2009_003601_jpg.rf.136d8298bc67174d4b5694f78733bd8d.txt
2008_002843_jpg.rf.ac457be949297733a881032ad4552c77.jpg,2008_002843_jpg.rf.ac457be949297733a881032ad4552c77.txt
2008_006807_jpg.rf.8f7506b23493460ed1ddb9ca652064e8.jpg,2008_006807_jpg.rf.8f7506b23493460ed1ddb9ca652064e8.txt
2009_003406_jpg.rf.cae5566cec6b179b6d277780fe72c4b2.jpg,2009_003406_jpg.rf.cae5566cec6b179b6d277780fe72c4b2.txt
2008_003531_jpg.rf.5b503a59228488967ededbdd11fc8bc3.jpg,2008_003531_jpg.rf.5b503a59228488967ededbdd11fc8bc3.txt
2011_003643_jpg.rf.a2d076653f894fa0e8a605eb1c67bf7c.jpg,2011_003643_jpg.rf.a2d076653f894fa0e8a605eb1c67bf7c.txt
2009_002620_jpg.rf.19c57157d1747893d8aad366cadad676.jpg,2009_002620_jpg.rf.19c57157d1747893d8aad366cadad676.txt
2009_002194_jpg.rf.fde7166a4aeecf693b1c8e92d2d1c6de.jpg,2009_002194_jpg.rf.fde7166a4aeecf693b1c8e92d2d1c6de.txt
2011_003857_jpg.rf.a91c7b0998cd24a8930245dae9a954c8.jpg,2011_003857_jpg.rf.a91c7b0998cd24a8930245dae9a954c8.txt
2008_007254_jpg.rf.6d2d00855581383a8f15ac9e922bf415.jpg,2008_007254_jpg.rf.6d2d00855581383a8f15ac9e922bf415.txt
2009_003555_jpg.rf.beb467567964db5b0d118bbf5a36e979.jpg,2009_003555_jpg.rf.beb467567964db5b0d118bbf5a36e979.txt
2009_002971_jpg.rf.c1bde33107e6f68a89737d1f321f0322.jpg,2009_002971_jpg.rf.c1bde33107e6f68a89737d1f321f0322.txt
2008_008523_jpg.rf.f6445ba8f55999779cd5bd2b4107d23b.jpg,2008_008523_jpg.rf.f6445ba8f55999779cd5bd2b4107d23b.txt
2009_004929_jpg.rf.0598b1ffe6f5c940f1ac02afc879385f.jpg,2009_004929_jpg.rf.0598b1ffe6f5c940f1ac02afc879385f.txt
2008_008034_jpg.rf.5bf8822fd258751a808d3d887c1b7728.jpg,2008_008034_jpg.rf.5bf8822fd258751a808d3d887c1b7728.txt
2008_002682_jpg.rf.6c02faef2ecd6442c82eb85e60825c87.jpg,2008_002682_jpg.rf.6c02faef2ecd6442c82eb85e60825c87.txt
2011_003842_jpg.rf.cf500997d94bc825ca98d5c94b1fedb9.jpg,2011_003842_jpg.rf.cf500997d94bc825ca98d5c94b1fedb9.txt
2008_007915_jpg.rf.1d4788499d6c5279f1c8a4c67b592250.jpg,2008_007915_jpg.rf.1d4788499d6c5279f1c8a4c67b592250.txt
2008_002932_jpg.rf.5967a4772f8afb2c3b7af3dbb3cfb395.jpg,2008_002932_jpg.rf.5967a4772f8afb2c3b7af3dbb3cfb395.txt
2011_004987_jpg.rf.0cc7e22d1605982f53b313d7080e99e8.jpg,2011_004987_jpg.rf.0cc7e22d1605982f53b313d7080e99e8.txt
2011_004911_jpg.rf.6559677b2ce70a0905a6f771e7414989.jpg,2011_004911_jpg.rf.6559677b2ce70a0905a6f771e7414989.txt
2009_004548_jpg.rf.2f9ef6d0821cf6cc5e5048be9c70fc6a.jpg,2009_004548_jpg.rf.2f9ef6d0821cf6cc5e5048be9c70fc6a.txt
2011_004032_jpg.rf.dba2ed1021e6b2dfeb877b728e424577.jpg,2011_004032_jpg.rf.dba2ed1021e6b2dfeb877b728e424577.txt
2009_002957_jpg.rf.63e8aeb9fcf589561bb57934a86bc6d9.jpg,2009_002957_jpg.rf.63e8aeb9fcf589561bb57934a86bc6d9.txt
2009_002552_jpg.rf.827c74ff8b9bee49fda089ccd859c5cb.jpg,2009_002552_jpg.rf.827c74ff8b9bee49fda089ccd859c5cb.txt
2009_004914_jpg.rf.296d32ac4553e9485e9e726cbb5476b6.jpg,2009_004914_jpg.rf.296d32ac4553e9485e9e726cbb5476b6.txt
2009_002869_jpg.rf.11e6855d3e6eca9ab484ddd49d7b9b2a.jpg,2009_002869_jpg.rf.11e6855d3e6eca9ab484ddd49d7b9b2a.txt
2009_003644_jpg.rf.5167a60e843dd1de7670cfeeefc65490.jpg,2009_003644_jpg.rf.5167a60e843dd1de7670cfeeefc65490.txt
2011_003691_jpg.rf.705464d795c3389f45bdd86aefdf2bc2.jpg,2011_003691_jpg.rf.705464d795c3389f45bdd86aefdf2bc2.txt
2008_007757_jpg.rf.a4eff8fb9bc3f51983833ce0152e400a.jpg,2008_007757_jpg.rf.a4eff8fb9bc3f51983833ce0152e400a.txt
2009_004571_jpg.rf.d1fe7bf207dea288a16dc63cac42db2d.jpg,2009_004571_jpg.rf.d1fe7bf207dea288a16dc63cac42db2d.txt
2008_002876_jpg.rf.9371b43ec85f1d9987ea8568203513a9.jpg,2008_002876_jpg.rf.9371b43ec85f1d9987ea8568203513a9.txt
2008_007091_jpg.rf.ad9275ae2423e55aa5ab5fe8293d608b.jpg,2008_007091_jpg.rf.ad9275ae2423e55aa5ab5fe8293d608b.txt
2008_002823_jpg.rf.b9854ae7e6dcbed8e2f884c8d65a81f2.jpg,2008_002823_jpg.rf.b9854ae7e6dcbed8e2f884c8d65a81f2.txt
2009_003299_jpg.rf.757967474d5c7ea6251176c17a3bd38e.jpg,2009_003299_jpg.rf.757967474d5c7ea6251176c17a3bd38e.txt
2008_002903_jpg.rf.b86e16f84124dd49a239e15d8417ce29.jpg,2008_002903_jpg.rf.b86e16f84124dd49a239e15d8417ce29.txt
2008_003146_jpg.rf.4719f8dccf2e235d13ed59ca47000397.jpg,2008_003146_jpg.rf.4719f8dccf2e235d13ed59ca47000397.txt
2008_008012_jpg.rf.2f052300455a09697fd6e5c8e5c59c99.jpg,2008_008012_jpg.rf.2f052300455a09697fd6e5c8e5c59c99.txt
2008_003801_jpg.rf.8309055162f22c2cdff8dc11fbdfa006.jpg,2008_003801_jpg.rf.8309055162f22c2cdff8dc11fbdfa006.txt
2008_006776_jpg.rf.f5772af080fc49acafb83b4a647d6e33.jpg,2008_006776_jpg.rf.f5772af080fc49acafb83b4a647d6e33.txt
2011_005113_jpg.rf.338dce8e72bea8f4e1c45d1824fec09c.jpg,2011_005113_jpg.rf.338dce8e72bea8f4e1c45d1824fec09c.txt
2008_008377_jpg.rf.b8bb9e36c7e5631dad725dc9d07a818d.jpg,2008_008377_jpg.rf.b8bb9e36c7e5631dad725dc9d07a818d.txt
2009_004749_jpg.rf.377bd637c398765cfa120876d0a72090.jpg,2009_004749_jpg.rf.377bd637c398765cfa120876d0a72090.txt
2009_002605_jpg.rf.ed76225bd7675408e032ea88684dc3ff.jpg,2009_002605_jpg.rf.ed76225bd7675408e032ea88684dc3ff.txt
2008_003434_jpg.rf.cda69614c93681c18da521c9333b68fd.jpg,2008_003434_jpg.rf.cda69614c93681c18da521c9333b68fd.txt
2009_002382_jpg.rf.857b040dddab7d8ec7a37b475415a29c.jpg,2009_002382_jpg.rf.857b040dddab7d8ec7a37b475415a29c.txt
2008_003187_jpg.rf.6f196c7058b5ad435638d03ebfbed120.jpg,2008_003187_jpg.rf.6f196c7058b5ad435638d03ebfbed120.txt
2008_003587_jpg.rf.e7bdf2c764e3d7e86761f48f7c488a3e.jpg,2008_003587_jpg.rf.e7bdf2c764e3d7e86761f48f7c488a3e.txt
2011_004163_jpg.rf.33037535c0ec8256ff7ffcc9756a665f.jpg,2011_004163_jpg.rf.33037535c0ec8256ff7ffcc9756a665f.txt
2011_004602_jpg.rf.dfca91c2946a1847b23d736c7750bc3e.jpg,2011_004602_jpg.rf.dfca91c2946a1847b23d736c7750bc3e.txt
2008_003479_jpg.rf.28eaaafd0d7ebdfb8cc2405be4981345.jpg,2008_003479_jpg.rf.28eaaafd0d7ebdfb8cc2405be4981345.txt
2008_006474_jpg.rf.13e8a96681535849e433a80bb94755d3.jpg,2008_006474_jpg.rf.13e8a96681535849e433a80bb94755d3.txt
2008_008206_jpg.rf.ec426ac50dab4e95d80e4ad461f2724e.jpg,2008_008206_jpg.rf.ec426ac50dab4e95d80e4ad461f2724e.txt
2011_004343_jpg.rf.6749a9998d24b22671ee2ef2bdffbe19.jpg,2011_004343_jpg.rf.6749a9998d24b22671ee2ef2bdffbe19.txt
2009_003776_jpg.rf.237287ce1fbde9b0acf2f3a5995aa4b3.jpg,2009_003776_jpg.rf.237287ce1fbde9b0acf2f3a5995aa4b3.txt
2008_006773_jpg.rf.92759e702cc4b029a218bb4cbf5743e3.jpg,2008_006773_jpg.rf.92759e702cc4b029a218bb4cbf5743e3.txt
2009_004419_jpg.rf.30f01c92f55be445f81e87fe16813edb.jpg,2009_004419_jpg.rf.30f01c92f55be445f81e87fe16813edb.txt
2009_004453_jpg.rf.2a6cda7efe79d71cefe9390bdac274bb.jpg,2009_004453_jpg.rf.2a6cda7efe79d71cefe9390bdac274bb.txt
2011_003570_jpg.rf.1fa632ba063f1ee34e5f78a0d45312e6.jpg,2011_003570_jpg.rf.1fa632ba063f1ee34e5f78a0d45312e6.txt
2008_008288_jpg.rf.b5d8f300dcb574fb44747c9b8d9bad5d.jpg,2008_008288_jpg.rf.b5d8f300dcb574fb44747c9b8d9bad5d.txt
2009_002925_jpg.rf.6b226f2b94576331c376d5ea479e0c12.jpg,2009_002925_jpg.rf.6b226f2b94576331c376d5ea479e0c12.txt
2009_004771_jpg.rf.f7543694191b29ae727455fa58bb5739.jpg,2009_004771_jpg.rf.f7543694191b29ae727455fa58bb5739.txt
2011_004554_jpg.rf.a41f315a7afd72a06468a14a31132076.jpg,2011_004554_jpg.rf.a41f315a7afd72a06468a14a31132076.txt
2009_004058_jpg.rf.70bf68686a7f623334fd76bfce550ada.jpg,2009_004058_jpg.rf.70bf68686a7f623334fd76bfce550ada.txt
2008_007941_jpg.rf.69b6e1cdee81f4e32b1f17590860613b.jpg,2008_007941_jpg.rf.69b6e1cdee81f4e32b1f17590860613b.txt
2008_003915_jpg.rf.49839a722b91be252cfbb28d3369e337.jpg,2008_003915_jpg.rf.49839a722b91be252cfbb28d3369e337.txt
2008_003041_jpg.rf.ac904ec178c8ebefca4ac8f802e4b25a.jpg,2008_003041_jpg.rf.ac904ec178c8ebefca4ac8f802e4b25a.txt
2009_002604_jpg.rf.47fdf6d59800572e95f38c2943dea606.jpg,2009_002604_jpg.rf.47fdf6d59800572e95f38c2943dea606.txt
2008_003500_jpg.rf.5bec96f0b12061b716a3eb4cbfe16282.jpg,2008_003500_jpg.rf.5bec96f0b12061b716a3eb4cbfe16282.txt
2009_004052_jpg.rf.5dbe3070954d4e4c5e25bfd25fb01cae.jpg,2009_004052_jpg.rf.5dbe3070954d4e4c5e25bfd25fb01cae.txt
2008_006962_jpg.rf.ed16380efad17baf63224938daef7588.jpg,2008_006962_jpg.rf.ed16380efad17baf63224938daef7588.txt
2009_002144_jpg.rf.bc4d741e3a9ae490a2ef224a55047020.jpg,2009_002144_jpg.rf.bc4d741e3a9ae490a2ef224a55047020.txt
2008_007181_jpg.rf.52cbf25501b451b69093692fda7975ae.jpg,2008_007181_jpg.rf.52cbf25501b451b69093692fda7975ae.txt
2011_003803_jpg.rf.128b7754130fc4af3b709d6fdb2a269e.jpg,2011_003803_jpg.rf.128b7754130fc4af3b709d6fdb2a269e.txt
2008_007034_jpg.rf.d52081947d899ac3b43c452960c0d67d.jpg,2008_007034_jpg.rf.d52081947d899ac3b43c452960c0d67d.txt
2008_008388_jpg.rf.fef9ce2b5728701a00b7534018599384.jpg,2008_008388_jpg.rf.fef9ce2b5728701a00b7534018599384.txt
2008_007696_jpg.rf.94ab5078be3dac762a2292e69394f7f7.jpg,2008_007696_jpg.rf.94ab5078be3dac762a2292e69394f7f7.txt
2009_002414_jpg.rf.bf570ef6ef72ed3c3bca00831d85578f.jpg,2009_002414_jpg.rf.bf570ef6ef72ed3c3bca00831d85578f.txt
2009_002252_jpg.rf.e4b7515fb24a8edbbddfa5ab483e63c4.jpg,2009_002252_jpg.rf.e4b7515fb24a8edbbddfa5ab483e63c4.txt
2008_006758_jpg.rf.fdcc603a25b6e15a5c0ee283224cf300.jpg,2008_006758_jpg.rf.fdcc603a25b6e15a5c0ee283224cf300.txt
2011_003273_jpg.rf.c8a420ab9aafc6e15d3d0bd78103b3ae.jpg,2011_003273_jpg.rf.c8a420ab9aafc6e15d3d0bd78103b3ae.txt
2009_002901_jpg.rf.5010854f164ad115ebf2dfcbe5acf2ee.jpg,2009_002901_jpg.rf.5010854f164ad115ebf2dfcbe5acf2ee.txt
2008_006517_jpg.rf.0a5c796a68e2fb654cc53c97625c191c.jpg,2008_006517_jpg.rf.0a5c796a68e2fb654cc53c97625c191c.txt
2011_003337_jpg.rf.91bb6cf80885e52a83e934f826ab5d45.jpg,2011_003337_jpg.rf.91bb6cf80885e52a83e934f826ab5d45.txt
2011_003822_jpg.rf.72ca71ec7eb9f3705cfa3de3f2e23191.jpg,2011_003822_jpg.rf.72ca71ec7eb9f3705cfa3de3f2e23191.txt
2009_004072_jpg.rf.1ea4fc9630cae8a99018080c39c4489d.jpg,2009_004072_jpg.rf.1ea4fc9630cae8a99018080c39c4489d.txt
2008_003685_jpg.rf.3cd2277dfa5cb6bb0a1c786cf02a78d5.jpg,2008_003685_jpg.rf.3cd2277dfa5cb6bb0a1c786cf02a78d5.txt
2009_004779_jpg.rf.5cc421db9dad55357525bba363daa7a5.jpg,2009_004779_jpg.rf.5cc421db9dad55357525bba363daa7a5.txt
2009_002624_jpg.rf.95bda80d5706c86728a94fab9bf7b8f5.jpg,2009_002624_jpg.rf.95bda80d5706c86728a94fab9bf7b8f5.txt
2011_003617_jpg.rf.0c1742c89e50503cc2d4d3247b6a0c76.jpg,2011_003617_jpg.rf.0c1742c89e50503cc2d4d3247b6a0c76.txt
2008_008368_jpg.rf.a06cd287cfedaa6fb4604c65f4226f30.jpg,2008_008368_jpg.rf.a06cd287cfedaa6fb4604c65f4226f30.txt
2009_004796_jpg.rf.2df68af554ba52098264b2b7cbb44c31.jpg,2009_004796_jpg.rf.2df68af554ba52098264b2b7cbb44c31.txt
2008_003060_jpg.rf.14d1b221ba35ca6dd00992492da72847.jpg,2008_003060_jpg.rf.14d1b221ba35ca6dd00992492da72847.txt
2009_004210_jpg.rf.ee970177376a04ffd58baa4e0c501122.jpg,2009_004210_jpg.rf.ee970177376a04ffd58baa4e0c501122.txt
2011_004982_jpg.rf.11f199994a5f95b31ce92437d0af09f2.jpg,2011_004982_jpg.rf.11f199994a5f95b31ce92437d0af09f2.txt
2008_008507_jpg.rf.27eb555c8c18600de7e5a897d8db5509.jpg,2008_008507_jpg.rf.27eb555c8c18600de7e5a897d8db5509.txt
2011_003486_jpg.rf.67a6b13e900c7be0321f1fff156daeae.jpg,2011_003486_jpg.rf.67a6b13e900c7be0321f1fff156daeae.txt
2008_007565_jpg.rf.57a07309afbe60615b8675bc32ee679d.jpg,2008_007565_jpg.rf.57a07309afbe60615b8675bc32ee679d.txt
2009_005222_jpg.rf.9bb713a5307dea44059abcf73863fd3b.jpg,2009_005222_jpg.rf.9bb713a5307dea44059abcf73863fd3b.txt
2008_007343_jpg.rf.c4a22bb1f9cc5d7871214b62c0eb02a4.jpg,2008_007343_jpg.rf.c4a22bb1f9cc5d7871214b62c0eb02a4.txt
2009_004547_jpg.rf.652c31100d2672c4b573ba7e59ba32e9.jpg,2009_004547_jpg.rf.652c31100d2672c4b573ba7e59ba32e9.txt
2008_007977_jpg.rf.8aa1c37bab7a2d7a44e6070133166256.jpg,2008_007977_jpg.rf.8aa1c37bab7a2d7a44e6070133166256.txt
2009_002621_jpg.rf.86d02494c12b0f95b1a553e9dd036dba.jpg,2009_002621_jpg.rf.86d02494c12b0f95b1a553e9dd036dba.txt
2008_007842_jpg.rf.4ee23c5a94c41ef6e90d75607e8ed970.jpg,2008_007842_jpg.rf.4ee23c5a94c41ef6e90d75607e8ed970.txt
2009_003277_jpg.rf.4738d3d07be287a08e502b84612c8fee.jpg,2009_003277_jpg.rf.4738d3d07be287a08e502b84612c8fee.txt
2011_004362_jpg.rf.3097c8a01791e0420210f4851453a7df.jpg,2011_004362_jpg.rf.3097c8a01791e0420210f4851453a7df.txt
2008_007914_jpg.rf.0a1646c488d3ce9ea0add37c9360b6db.jpg,2008_007914_jpg.rf.0a1646c488d3ce9ea0add37c9360b6db.txt
2011_003767_jpg.rf.4f6bb5ab53d12170f04a792bb501adc2.jpg,2011_003767_jpg.rf.4f6bb5ab53d12170f04a792bb501adc2.txt
2011_004495_jpg.rf.c5ac9987074f1281167f22bb93c19016.jpg,2011_004495_jpg.rf.c5ac9987074f1281167f22bb93c19016.txt
2008_006737_jpg.rf.c92784a1e2958e4e1d8c42d53f5d2c9a.jpg,2008_006737_jpg.rf.c92784a1e2958e4e1d8c42d53f5d2c9a.txt
2008_003674_jpg.rf.9c36d62d77d0d3b8acbf43e13a7e2b88.jpg,2008_003674_jpg.rf.9c36d62d77d0d3b8acbf43e13a7e2b88.txt
2011_004369_jpg.rf.597aae7172a4d841b44efc7111cc9654.jpg,2011_004369_jpg.rf.597aae7172a4d841b44efc7111cc9654.txt
2008_006792_jpg.rf.debcfbe0e47721067d7bb2ae7fbb2c13.jpg,2008_006792_jpg.rf.debcfbe0e47721067d7bb2ae7fbb2c13.txt
2009_002436_jpg.rf.d94f9b67f07f3ae78cdc1cbd28e80b0c.jpg,2009_002436_jpg.rf.d94f9b67f07f3ae78cdc1cbd28e80b0c.txt
2009_003379_jpg.rf.d7333c36b92a2563c088d11bdc4ba2e6.jpg,2009_003379_jpg.rf.d7333c36b92a2563c088d11bdc4ba2e6.txt
2008_003475_jpg.rf.5ff6aeffb819f509fa007001124ce274.jpg,2008_003475_jpg.rf.5ff6aeffb819f509fa007001124ce274.txt
2008_007548_jpg.rf.d893b259d8557407286ea4390230076b.jpg,2008_007548_jpg.rf.d893b259d8557407286ea4390230076b.txt
2008_007398_jpg.rf.6a44fb32ae70c94b0c776644a39463cf.jpg,2008_007398_jpg.rf.6a44fb32ae70c94b0c776644a39463cf.txt
2009_002563_jpg.rf.b1b50a15bb17de85fb5eaab2a60fbd4b.jpg,2009_002563_jpg.rf.b1b50a15bb17de85fb5eaab2a60fbd4b.txt
2008_003733_jpg.rf.2113644ed66e1da3345737812c89a869.jpg,2008_003733_jpg.rf.2113644ed66e1da3345737812c89a869.txt
2009_003546_jpg.rf.21f0f968e974017f2e505df06f96214b.jpg,2009_003546_jpg.rf.21f0f968e974017f2e505df06f96214b.txt
2009_004122_jpg.rf.5dd25fb80c62532ab98c1e043629d5b7.jpg,2009_004122_jpg.rf.5dd25fb80c62532ab98c1e043629d5b7.txt
2009_003443_jpg.rf.d2aee0462db682148e874daf024afbd0.jpg,2009_003443_jpg.rf.d2aee0462db682148e874daf024afbd0.txt
2008_002701_jpg.rf.7fc6e8f6a8a78cd29fc9deb87c54dc51.jpg,2008_002701_jpg.rf.7fc6e8f6a8a78cd29fc9deb87c54dc51.txt
2011_003482_jpg.rf.4f7fc68a4e4d21ff4150b17c645e3bda.jpg,2011_003482_jpg.rf.4f7fc68a4e4d21ff4150b17c645e3bda.txt
2009_004099_jpg.rf.b67bfaa698e0dbb1e03d6d2ed9cafd3b.jpg,2009_004099_jpg.rf.b67bfaa698e0dbb1e03d6d2ed9cafd3b.txt
2008_008469_jpg.rf.af8abf0ba377aa2fdb854f83f98246c4.jpg,2008_008469_jpg.rf.af8abf0ba377aa2fdb854f83f98246c4.txt
2008_007187_jpg.rf.fba298ee4e0398e2939168786b528c51.jpg,2008_007187_jpg.rf.fba298ee4e0398e2939168786b528c51.txt
2011_003530_jpg.rf.936a8be2bd0fdfc23f47e65c10b8a6d0.jpg,2011_003530_jpg.rf.936a8be2bd0fdfc23f47e65c10b8a6d0.txt
2008_006720_jpg.rf.494428ded72712eefbfd5c84f78f9c5d.jpg,2008_006720_jpg.rf.494428ded72712eefbfd5c84f78f9c5d.txt
2009_005044_jpg.rf.0389028f9f9dda32ca09358cb0148418.jpg,2009_005044_jpg.rf.0389028f9f9dda32ca09358cb0148418.txt
2008_008212_jpg.rf.5001912a60dc64d7f9b17a0275b34e45.jpg,2008_008212_jpg.rf.5001912a60dc64d7f9b17a0275b34e45.txt
2008_007937_jpg.rf.05646b40f3ed1b7d671cdf40256a5d91.jpg,2008_007937_jpg.rf.05646b40f3ed1b7d671cdf40256a5d91.txt
2009_005239_jpg.rf.cbb95f87a143f52ee05010acf79694f2.jpg,2009_005239_jpg.rf.cbb95f87a143f52ee05010acf79694f2.txt
2011_004079_jpg.rf.3eff7691cc7a5fe8cb12041fb95ebf5f.jpg,2011_004079_jpg.rf.3eff7691cc7a5fe8cb12041fb95ebf5f.txt
2011_004761_jpg.rf.18b204c4bd224eb50d0205b5097ea4dd.jpg,2011_004761_jpg.rf.18b204c4bd224eb50d0205b5097ea4dd.txt
2008_003546_jpg.rf.e66319056f042baf42a7643414650b12.jpg,2008_003546_jpg.rf.e66319056f042baf42a7643414650b12.txt
2008_007266_jpg.rf.6c534bc1efe50be9db7708cf2b3f5e08.jpg,2008_007266_jpg.rf.6c534bc1efe50be9db7708cf2b3f5e08.txt
2011_003406_jpg.rf.c9cbbce0546bd9625f5ec6e79256c9be.jpg,2011_003406_jpg.rf.c9cbbce0546bd9625f5ec6e79256c9be.txt
2009_004085_jpg.rf.a7775d39d548b8072281f094474bd473.jpg,2009_004085_jpg.rf.a7775d39d548b8072281f094474bd473.txt
2011_003583_jpg.rf.75e97981472fd0076a14fd589996b06c.jpg,2011_003583_jpg.rf.75e97981472fd0076a14fd589996b06c.txt
2011_003286_jpg.rf.a93a0a4432c0556a462f79170a639733.jpg,2011_003286_jpg.rf.a93a0a4432c0556a462f79170a639733.txt
2008_007649_jpg.rf.2bee4f5647f9d3e87709c34f52603a23.jpg,2008_007649_jpg.rf.2bee4f5647f9d3e87709c34f52603a23.txt
2009_005129_jpg.rf.3222bf72cbb0529102a04a2a0a14b960.jpg,2009_005129_jpg.rf.3222bf72cbb0529102a04a2a0a14b960.txt
2008_003244_jpg.rf.205540bcfcc9239c5ec3b990593dad40.jpg,2008_003244_jpg.rf.205540bcfcc9239c5ec3b990593dad40.txt
2008_006882_jpg.rf.7d65c4e4ea5e1262d9bb1fa09faeff53.jpg,2008_006882_jpg.rf.7d65c4e4ea5e1262d9bb1fa09faeff53.txt
2009_003433_jpg.rf.fa5bd608c0c43e6a93834606874b4f8b.jpg,2009_003433_jpg.rf.fa5bd608c0c43e6a93834606874b4f8b.txt
2008_003773_jpg.rf.d9b8d7c5f38f59a85e453a1f28988f22.jpg,2008_003773_jpg.rf.d9b8d7c5f38f59a85e453a1f28988f22.txt
2009_003689_jpg.rf.ea1eb5deea7e4f7cb0b9e8e01fa16aaa.jpg,2009_003689_jpg.rf.ea1eb5deea7e4f7cb0b9e8e01fa16aaa.txt
2011_003436_jpg.rf.a361810d07b10058febbbdf13d9bb6b7.jpg,2011_003436_jpg.rf.a361810d07b10058febbbdf13d9bb6b7.txt
2009_004291_jpg.rf.ac573f7dfa56fa1f01c279b3ecf1be20.jpg,2009_004291_jpg.rf.ac573f7dfa56fa1f01c279b3ecf1be20.txt
2009_002343_jpg.rf.34804271c2a1c202073f85f7ef766167.jpg,2009_002343_jpg.rf.34804271c2a1c202073f85f7ef766167.txt
2011_004949_jpg.rf.103ed1e7da0f94b78f96eaca095034de.jpg,2011_004949_jpg.rf.103ed1e7da0f94b78f96eaca095034de.txt
2009_003813_jpg.rf.9cbd222f12c23c6d227600449df352c3.jpg,2009_003813_jpg.rf.9cbd222f12c23c6d227600449df352c3.txt
2008_006868_jpg.rf.9f2119961155ce622dac5c47a253e919.jpg,2008_006868_jpg.rf.9f2119961155ce622dac5c47a253e919.txt
2008_007229_jpg.rf.66b822a721a47f7e288b7c3c98fe6996.jpg,2008_007229_jpg.rf.66b822a721a47f7e288b7c3c98fe6996.txt
2008_008292_jpg.rf.033f7c37ab13c0a356390980e4ee4859.jpg,2008_008292_jpg.rf.033f7c37ab13c0a356390980e4ee4859.txt
2009_002876_jpg.rf.3601a90a6ecc362f3d89b231dccb8e8e.jpg,2009_002876_jpg.rf.3601a90a6ecc362f3d89b231dccb8e8e.txt
2009_002865_jpg.rf.00a87f9e6e6cb678e1e9df68934af06c.jpg,2009_002865_jpg.rf.00a87f9e6e6cb678e1e9df68934af06c.txt
2009_003482_jpg.rf.e6687fadad11fd443b7a49282af66750.jpg,2009_003482_jpg.rf.e6687fadad11fd443b7a49282af66750.txt
2009_004043_jpg.rf.e6aeeff0be28b2fd09408f9f3eb379cc.jpg,2009_004043_jpg.rf.e6aeeff0be28b2fd09408f9f3eb379cc.txt
2009_002941_jpg.rf.bf10ef473db57f7200f2f0cf199f1082.jpg,2009_002941_jpg.rf.bf10ef473db57f7200f2f0cf199f1082.txt
2009_002240_jpg.rf.7f74c7c6dc6b0d092a16e4354dd3ea1d.jpg,2009_002240_jpg.rf.7f74c7c6dc6b0d092a16e4354dd3ea1d.txt
2008_003359_jpg.rf.b81f97ee82ce41d3836d6d44436d551a.jpg,2008_003359_jpg.rf.b81f97ee82ce41d3836d6d44436d551a.txt
2008_008048_jpg.rf.fac928708284f71984731eb704ca4fdb.jpg,2008_008048_jpg.rf.fac928708284f71984731eb704ca4fdb.txt
2009_003383_jpg.rf.851f1ba748cff0d7a6231aa141d903d7.jpg,2009_003383_jpg.rf.851f1ba748cff0d7a6231aa141d903d7.txt
2009_003711_jpg.rf.e27b926909830892df4bf9e57c94b364.jpg,2009_003711_jpg.rf.e27b926909830892df4bf9e57c94b364.txt
2009_004787_jpg.rf.adb2c51f88e511bdb3f62e9e19570da1.jpg,2009_004787_jpg.rf.adb2c51f88e511bdb3f62e9e19570da1.txt
2011_004751_jpg.rf.3bbbbf1c2f73f39a4d5f9283c168b3ba.jpg,2011_004751_jpg.rf.3bbbbf1c2f73f39a4d5f9283c168b3ba.txt
2011_004821_jpg.rf.2bf1968ceded39464fb9a936b7d5eb96.jpg,2011_004821_jpg.rf.2bf1968ceded39464fb9a936b7d5eb96.txt
2009_004032_jpg.rf.b255f1ddfc8bce65e4a6f6715fcc6e04.jpg,2009_004032_jpg.rf.b255f1ddfc8bce65e4a6f6715fcc6e04.txt
2008_007964_jpg.rf.7a5b7eb13b5217fa54f98ca64dce92b1.jpg,2008_007964_jpg.rf.7a5b7eb13b5217fa54f98ca64dce92b1.txt
2011_004405_jpg.rf.3ba8e83ebf14cb714b451905e213f613.jpg,2011_004405_jpg.rf.3ba8e83ebf14cb714b451905e213f613.txt
2009_005087_jpg.rf.44a5eb46abef0bd03c9304c93a850f01.jpg,2009_005087_jpg.rf.44a5eb46abef0bd03c9304c93a850f01.txt
2011_004165_jpg.rf.1ea8d054108f2a88ec1295d000617673.jpg,2011_004165_jpg.rf.1ea8d054108f2a88ec1295d000617673.txt
2008_003523_jpg.rf.2b80c31392c3b01cf0b7f0dd859e65e2.jpg,2008_003523_jpg.rf.2b80c31392c3b01cf0b7f0dd859e65e2.txt
2009_002763_jpg.rf.49d21b2c64d534c9232140d461757e96.jpg,2009_002763_jpg.rf.49d21b2c64d534c9232140d461757e96.txt
2009_002472_jpg.rf.a00050e1250b86cb0f2701a58f493e49.jpg,2009_002472_jpg.rf.a00050e1250b86cb0f2701a58f493e49.txt
2008_006488_jpg.rf.06af5a2781a2d0c5ea38936701a2e960.jpg,2008_006488_jpg.rf.06af5a2781a2d0c5ea38936701a2e960.txt
2008_003655_jpg.rf.715ddb7d344c6cd68287ad60519126bc.jpg,2008_003655_jpg.rf.715ddb7d344c6cd68287ad60519126bc.txt
2009_002820_jpg.rf.ff01bbe9fa01203d117d2c738f5d7484.jpg,2009_002820_jpg.rf.ff01bbe9fa01203d117d2c738f5d7484.txt
2008_003925_jpg.rf.c84d993c887b6569d85196d669f1a605.jpg,2008_003925_jpg.rf.c84d993c887b6569d85196d669f1a605.txt
2008_007028_jpg.rf.49c2efaaee7aa906622011c66650cf87.jpg,2008_007028_jpg.rf.49c2efaaee7aa906622011c66650cf87.txt
2009_003140_jpg.rf.c6a53cb9b5e986998b08fae1993b24d0.jpg,2009_003140_jpg.rf.c6a53cb9b5e986998b08fae1993b24d0.txt
2011_004956_jpg.rf.ca5f7aa99749322486c2a0d7c6d366fd.jpg,2011_004956_jpg.rf.ca5f7aa99749322486c2a0d7c6d366fd.txt
2009_002265_jpg.rf.e82f32f13b5854e86cbd2640b58a93f6.jpg,2009_002265_jpg.rf.e82f32f13b5854e86cbd2640b58a93f6.txt
2008_003622_jpg.rf.05beaabe88db3f6bfc0e48c311d84969.jpg,2008_003622_jpg.rf.05beaabe88db3f6bfc0e48c311d84969.txt
2009_003151_jpg.rf.3c93c066fce3f0f089c82966edc47132.jpg,2009_003151_jpg.rf.3c93c066fce3f0f089c82966edc47132.txt
2011_004482_jpg.rf.d493dbd4c23d8f8f258860eea2e578ca.jpg,2011_004482_jpg.rf.d493dbd4c23d8f8f258860eea2e578ca.txt
2009_002651_jpg.rf.b866de393f8509eb7e07a36ec6b9e9f7.jpg,2009_002651_jpg.rf.b866de393f8509eb7e07a36ec6b9e9f7.txt
2009_005152_jpg.rf.5af915f0216737feb8d5ad65d5992813.jpg,2009_005152_jpg.rf.5af915f0216737feb8d5ad65d5992813.txt
2009_004496_jpg.rf.4899e5e1bacb37457d00949c74c8c7ef.jpg,2009_004496_jpg.rf.4899e5e1bacb37457d00949c74c8c7ef.txt
2008_007120_jpg.rf.1cc808f99d989ae7447d8d2ea1b737b7.jpg,2008_007120_jpg.rf.1cc808f99d989ae7447d8d2ea1b737b7.txt
2008_007465_jpg.rf.d286d07fb6694d1f5cc3713343f00a46.jpg,2008_007465_jpg.rf.d286d07fb6694d1f5cc3713343f00a46.txt
2009_003365_jpg.rf.fbd1820f6cef47935a3bbd4e6dbad8d8.jpg,2009_003365_jpg.rf.fbd1820f6cef47935a3bbd4e6dbad8d8.txt
2011_004299_jpg.rf.e93130a8e92753e13e68d5e379077b63.jpg,2011_004299_jpg.rf.e93130a8e92753e13e68d5e379077b63.txt
2011_003492_jpg.rf.7fe0158b0f0517d2d592cc86e5aa1072.jpg,2011_003492_jpg.rf.7fe0158b0f0517d2d592cc86e5aa1072.txt
2008_006743_jpg.rf.4f6b7962274d7417699d8718d37588cf.jpg,2008_006743_jpg.rf.4f6b7962274d7417699d8718d37588cf.txt
2011_004834_jpg.rf.6f5d0acc009c210ca051f956ae04ad1f.jpg,2011_004834_jpg.rf.6f5d0acc009c210ca051f956ae04ad1f.txt
2008_002789_jpg.rf.bb28fa06b92a662c57e8429fc8dd3cc7.jpg,2008_002789_jpg.rf.bb28fa06b92a662c57e8429fc8dd3cc7.txt
2011_004223_jpg.rf.2ff4810b956b4e878d8b7bbec008dd2d.jpg,2011_004223_jpg.rf.2ff4810b956b4e878d8b7bbec008dd2d.txt
2008_002718_jpg.rf.0f2e65c5be9abb8af3262ee79fc56b71.jpg,2008_002718_jpg.rf.0f2e65c5be9abb8af3262ee79fc56b71.txt
2008_002696_jpg.rf.cb9f7b07de3f2f69c7d3fcaf57102ce6.jpg,2008_002696_jpg.rf.cb9f7b07de3f2f69c7d3fcaf57102ce6.txt
2009_003419_jpg.rf.29ef79c6d5d545c54653d9b17a4e287f.jpg,2009_003419_jpg.rf.29ef79c6d5d545c54653d9b17a4e287f.txt
2008_007225_jpg.rf.5c2715920eedd9ba213658db75efde4b.jpg,2008_007225_jpg.rf.5c2715920eedd9ba213658db75efde4b.txt
2009_002789_jpg.rf.0b22be44b76afa2cf24e6fb42137538f.jpg,2009_002789_jpg.rf.0b22be44b76afa2cf24e6fb42137538f.txt
2009_002543_jpg.rf.fad3963889f652d05c618c93af32f1a0.jpg,2009_002543_jpg.rf.fad3963889f652d05c618c93af32f1a0.txt
2009_003315_jpg.rf.307b6641d76370d2c9b83f6c723e883e.jpg,2009_003315_jpg.rf.307b6641d76370d2c9b83f6c723e883e.txt
2008_003269_jpg.rf.9b70d0a731fc7448864da4d5e2058dba.jpg,2008_003269_jpg.rf.9b70d0a731fc7448864da4d5e2058dba.txt
2008_008169_jpg.rf.2bd3be936f16b74730efef1092bbe5eb.jpg,2008_008169_jpg.rf.2bd3be936f16b74730efef1092bbe5eb.txt
2008_008428_jpg.rf.82591eb667ce223e353ae182744a7552.jpg,2008_008428_jpg.rf.82591eb667ce223e353ae182744a7552.txt
2008_003034_jpg.rf.3e8eaf836e5c2fd4eb64a347f59b15e8.jpg,2008_003034_jpg.rf.3e8eaf836e5c2fd4eb64a347f59b15e8.txt
2008_008437_jpg.rf.a5ce0c9a57a478ba7afff0ea950ea6a9.jpg,2008_008437_jpg.rf.a5ce0c9a57a478ba7afff0ea950ea6a9.txt
2011_004494_jpg.rf.efc687f4920455d98ae10421e3d6a564.jpg,2011_004494_jpg.rf.efc687f4920455d98ae10421e3d6a564.txt
2008_008155_jpg.rf.b83f41bc4f03b08a68ae7b27cc59a28b.jpg,2008_008155_jpg.rf.b83f41bc4f03b08a68ae7b27cc59a28b.txt
2011_004747_jpg.rf.67994c86b3f99bf19c368a81498f1147.jpg,2011_004747_jpg.rf.67994c86b3f99bf19c368a81498f1147.txt
2008_003638_jpg.rf.d006835c300c3c3a05ff736201937c6e.jpg,2008_003638_jpg.rf.d006835c300c3c3a05ff736201937c6e.txt
2011_003758_jpg.rf.4f27d4bac7fb71d5084b00c69ff9eac5.jpg,2011_003758_jpg.rf.4f27d4bac7fb71d5084b00c69ff9eac5.txt
2009_002962_jpg.rf.f3e074926ce91f1fe9ff70346dd495cb.jpg,2009_002962_jpg.rf.f3e074926ce91f1fe9ff70346dd495cb.txt
2011_005100_jpg.rf.407aadf8bb3c5aa61421cd8d15320153.jpg,2011_005100_jpg.rf.407aadf8bb3c5aa61421cd8d15320153.txt
2009_004849_jpg.rf.65a1662c653f828a75adcbb4f1f9084b.jpg,2009_004849_jpg.rf.65a1662c653f828a75adcbb4f1f9084b.txt
2009_004111_jpg.rf.38fb8eca9fa74a314d14af8320bd7c6c.jpg,2009_004111_jpg.rf.38fb8eca9fa74a314d14af8320bd7c6c.txt
2008_008574_jpg.rf.3f61766cc64ece9f6673d995cb284a6b.jpg,2008_008574_jpg.rf.3f61766cc64ece9f6673d995cb284a6b.txt
2011_004013_jpg.rf.f5ca1091b396b7fe0745bf9d6950a521.jpg,2011_004013_jpg.rf.f5ca1091b396b7fe0745bf9d6950a521.txt
2009_003799_jpg.rf.74e921427c545d804bbaad7017690f21.jpg,2009_003799_jpg.rf.74e921427c545d804bbaad7017690f21.txt
2008_007247_jpg.rf.4f50ee84a1935bd8f2f9ad0ad3fe269e.jpg,2008_007247_jpg.rf.4f50ee84a1935bd8f2f9ad0ad3fe269e.txt
2008_006793_jpg.rf.be08ca57ebf8a5f29637998fb5567cbf.jpg,2008_006793_jpg.rf.be08ca57ebf8a5f29637998fb5567cbf.txt
2009_002118_jpg.rf.4074f74232b221b813555b7ebecf9618.jpg,2009_002118_jpg.rf.4074f74232b221b813555b7ebecf9618.txt
2008_007010_jpg.rf.22bba221c3c1e61be4539d6662931c33.jpg,2008_007010_jpg.rf.22bba221c3c1e61be4539d6662931c33.txt
2009_002772_jpg.rf.ae2324c8c18bb553276e1108f90601eb.jpg,2009_002772_jpg.rf.ae2324c8c18bb553276e1108f90601eb.txt
2009_004261_jpg.rf.bd580069047158876916fd8ca2ae5320.jpg,2009_004261_jpg.rf.bd580069047158876916fd8ca2ae5320.txt
2009_002573_jpg.rf.e856b935bae1b779ed1d9284cc548636.jpg,2009_002573_jpg.rf.e856b935bae1b779ed1d9284cc548636.txt
2009_002245_jpg.rf.22cc83674fe388c6b74c30be86189565.jpg,2009_002245_jpg.rf.22cc83674fe388c6b74c30be86189565.txt
2009_004572_jpg.rf.ff2c6b26bca27495abccd02b04069386.jpg,2009_004572_jpg.rf.ff2c6b26bca27495abccd02b04069386.txt
2011_004313_jpg.rf.966fd71031218851a6d2943178064b4e.jpg,2011_004313_jpg.rf.966fd71031218851a6d2943178064b4e.txt
2009_003489_jpg.rf.8373d27329b4f8b07947c2a290fbb3b5.jpg,2009_003489_jpg.rf.8373d27329b4f8b07947c2a290fbb3b5.txt
2011_004992_jpg.rf.8f93ae67a5c785eff7e46bf9d93d8fee.jpg,2011_004992_jpg.rf.8f93ae67a5c785eff7e46bf9d93d8fee.txt
2009_002882_jpg.rf.b839d7d754223ce5e69fde142b844aa3.jpg,2009_002882_jpg.rf.b839d7d754223ce5e69fde142b844aa3.txt
2009_003436_jpg.rf.3098866a5946b9b4bce3915a230f201a.jpg,2009_003436_jpg.rf.3098866a5946b9b4bce3915a230f201a.txt
2009_002813_jpg.rf.ebb0b7fa204124afa681a2e898ec3710.jpg,2009_002813_jpg.rf.ebb0b7fa204124afa681a2e898ec3710.txt
2009_004746_jpg.rf.3fa1272292f38dd71f414a841e3b02a5.jpg,2009_004746_jpg.rf.3fa1272292f38dd71f414a841e3b02a5.txt
2009_003944_jpg.rf.eba639f9920f1ca5c81b3a56978006bc.jpg,2009_003944_jpg.rf.eba639f9920f1ca5c81b3a56978006bc.txt
2009_005001_jpg.rf.af93c739affe59d5305c05ed21d5fd68.jpg,2009_005001_jpg.rf.af93c739affe59d5305c05ed21d5fd68.txt
2009_004452_jpg.rf.4cd9efbfafd55c80525173e5c5fa84ce.jpg,2009_004452_jpg.rf.4cd9efbfafd55c80525173e5c5fa84ce.txt
2009_004511_jpg.rf.faaf348135e14d5bce701fed97ae14ae.jpg,2009_004511_jpg.rf.faaf348135e14d5bce701fed97ae14ae.txt
2008_006798_jpg.rf.7324ee55c12c121198419c8efab4d17a.jpg,2008_006798_jpg.rf.7324ee55c12c121198419c8efab4d17a.txt
2009_003316_jpg.rf.b5673ad86dc6fb05e734c659ee7fef03.jpg,2009_003316_jpg.rf.b5673ad86dc6fb05e734c659ee7fef03.txt
2008_006731_jpg.rf.1a7018b0fca5b25e8da14eebdd25f5f3.jpg,2008_006731_jpg.rf.1a7018b0fca5b25e8da14eebdd25f5f3.txt
2008_008229_jpg.rf.2d23540e328f7956073c61ca6baba9d0.jpg,2008_008229_jpg.rf.2d23540e328f7956073c61ca6baba9d0.txt
2009_003459_jpg.rf.1d65af8378c2f8ca9b2b05aebc421b25.jpg,2009_003459_jpg.rf.1d65af8378c2f8ca9b2b05aebc421b25.txt
2008_008318_jpg.rf.729bcee946a1ce3a6ca4027bc9d0d2a2.jpg,2008_008318_jpg.rf.729bcee946a1ce3a6ca4027bc9d0d2a2.txt
2009_002977_jpg.rf.103acd8acd47e821405286ea5c498fc0.jpg,2009_002977_jpg.rf.103acd8acd47e821405286ea5c498fc0.txt
2008_008314_jpg.rf.6074d6681d114600d5814f38844b78ef.jpg,2008_008314_jpg.rf.6074d6681d114600d5814f38844b78ef.txt
2009_003808_jpg.rf.163c72750b0fcf4ae1f1f6ad82ed33c2.jpg,2009_003808_jpg.rf.163c72750b0fcf4ae1f1f6ad82ed33c2.txt
2008_008234_jpg.rf.83ab1214ba2e49f04c714d26fa644176.jpg,2008_008234_jpg.rf.83ab1214ba2e49f04c714d26fa644176.txt
2009_005163_jpg.rf.bfc4f3ba1ce622ea0e2fc0e1dad23359.jpg,2009_005163_jpg.rf.bfc4f3ba1ce622ea0e2fc0e1dad23359.txt
2009_004994_jpg.rf.8113999932d51d1ca3fd1f7c3e9aa0ed.jpg,2009_004994_jpg.rf.8113999932d51d1ca3fd1f7c3e9aa0ed.txt
2011_003554_jpg.rf.6a6b52a95b7af4f9c51f0e0925542e7d.jpg,2011_003554_jpg.rf.6a6b52a95b7af4f9c51f0e0925542e7d.txt
2009_002855_jpg.rf.4871e8f5c480687608802a41827a2ae5.jpg,2009_002855_jpg.rf.4871e8f5c480687608802a41827a2ae5.txt
2008_008176_jpg.rf.933f467eeb7aea0771235c96f4547799.jpg,2008_008176_jpg.rf.933f467eeb7aea0771235c96f4547799.txt
2008_007719_jpg.rf.65a07f0532d64242fbedb3744f11c304.jpg,2008_007719_jpg.rf.65a07f0532d64242fbedb3744f11c304.txt
2009_005156_jpg.rf.7f0d04b184c130daa0bffc69680d83c0.jpg,2009_005156_jpg.rf.7f0d04b184c130daa0bffc69680d83c0.txt
2008_003395_jpg.rf.5e8bcc2f7943cd9d95951241ce8b580e.jpg,2008_003395_jpg.rf.5e8bcc2f7943cd9d95951241ce8b580e.txt
2008_008567_jpg.rf.3f43cb752a5230a36ee6a6932a0cc4fd.jpg,2008_008567_jpg.rf.3f43cb752a5230a36ee6a6932a0cc4fd.txt
2009_004629_jpg.rf.8b0242fbadb72693252af5abb5c2675d.jpg,2009_004629_jpg.rf.8b0242fbadb72693252af5abb5c2675d.txt
2008_002725_jpg.rf.de9319be2a130aaccbe753b3ed150445.jpg,2008_002725_jpg.rf.de9319be2a130aaccbe753b3ed150445.txt
2008_006764_jpg.rf.c33a52bea0bfd03e54859433b24e6180.jpg,2008_006764_jpg.rf.c33a52bea0bfd03e54859433b24e6180.txt
2008_008393_jpg.rf.21b8bf018c7c34b67a8ce7b35cfaf696.jpg,2008_008393_jpg.rf.21b8bf018c7c34b67a8ce7b35cfaf696.txt
2008_007355_jpg.rf.024a532c63695bd1f9f7e642458e343e.jpg,2008_007355_jpg.rf.024a532c63695bd1f9f7e642458e343e.txt
2008_008323_jpg.rf.2031d5c746db24e867ca89ebb058cdea.jpg,2008_008323_jpg.rf.2031d5c746db24e867ca89ebb058cdea.txt
2009_004543_jpg.rf.c370bc9cb7ecec50511a69b280dc175d.jpg,2009_004543_jpg.rf.c370bc9cb7ecec50511a69b280dc175d.txt
2008_003406_jpg.rf.4bf9a62087af39ed0219477816327e6b.jpg,2008_003406_jpg.rf.4bf9a62087af39ed0219477816327e6b.txt
2008_007375_jpg.rf.5b3ed17e657fa9e8d7d36f65bb476290.jpg,2008_007375_jpg.rf.5b3ed17e657fa9e8d7d36f65bb476290.txt
2008_003049_jpg.rf.d6b5ab8f2080ca2e63d76223af2a523e.jpg,2008_003049_jpg.rf.d6b5ab8f2080ca2e63d76223af2a523e.txt
2009_003285_jpg.rf.e63d35d6e268935309033e8fbdefe5e8.jpg,2009_003285_jpg.rf.e63d35d6e268935309033e8fbdefe5e8.txt
2009_004824_jpg.rf.18e33be0f3892463e89b2b0c922a959d.jpg,2009_004824_jpg.rf.18e33be0f3892463e89b2b0c922a959d.txt
2008_002809_jpg.rf.a9f8cfebd3385bbf17aa9638f60e1ea7.jpg,2008_002809_jpg.rf.a9f8cfebd3385bbf17aa9638f60e1ea7.txt
2011_004402_jpg.rf.519dd3ed0c97bc7a22c46d378960d545.jpg,2011_004402_jpg.rf.519dd3ed0c97bc7a22c46d378960d545.txt
2009_004264_jpg.rf.c064010975f4b893313a511f5fa59e08.jpg,2009_004264_jpg.rf.c064010975f4b893313a511f5fa59e08.txt
2009_002256_jpg.rf.064bae7cff85c2c51482379441a7bfdb.jpg,2009_002256_jpg.rf.064bae7cff85c2c51482379441a7bfdb.txt
2009_002537_jpg.rf.cb86981042ed3c159f6c47978118cf97.jpg,2009_002537_jpg.rf.cb86981042ed3c159f6c47978118cf97.txt
2011_003656_jpg.rf.837e24e553dac85660d9413ef3d989e3.jpg,2011_003656_jpg.rf.837e24e553dac85660d9413ef3d989e3.txt
2008_003477_jpg.rf.9abca80a87ae5c2c4310ab4e26f543bf.jpg,2008_003477_jpg.rf.9abca80a87ae5c2c4310ab4e26f543bf.txt
2009_003251_jpg.rf.d24dc00214cc13387fca561e4d8f6ca8.jpg,2009_003251_jpg.rf.d24dc00214cc13387fca561e4d8f6ca8.txt
2008_008546_jpg.rf.e07a97b204f0415b25357b9e40af96e1.jpg,2008_008546_jpg.rf.e07a97b204f0415b25357b9e40af96e1.txt
2009_002257_jpg.rf.f4be92ae6198d7e5e5373dbc0ee9bfc8.jpg,2009_002257_jpg.rf.f4be92ae6198d7e5e5373dbc0ee9bfc8.txt
2009_005131_jpg.rf.38f46632f113605163c45487c7de9527.jpg,2009_005131_jpg.rf.38f46632f113605163c45487c7de9527.txt
2008_006496_jpg.rf.98005d3640c6eee0d5be6d50d6cc604e.jpg,2008_006496_jpg.rf.98005d3640c6eee0d5be6d50d6cc604e.txt
2011_003999_jpg.rf.7d3572954e05b3806c4665fbfc779f80.jpg,2011_003999_jpg.rf.7d3572954e05b3806c4665fbfc779f80.txt
2008_006637_jpg.rf.ba1a1beb2eafb0d883320c827928f6b1.jpg,2008_006637_jpg.rf.ba1a1beb2eafb0d883320c827928f6b1.txt
2008_002791_jpg.rf.34fabf316f064ceb1066e214e7d3c63c.jpg,2008_002791_jpg.rf.34fabf316f064ceb1066e214e7d3c63c.txt
2008_003135_jpg.rf.e7550d86c7f0709bb4c4c1ce4c89f312.jpg,2008_003135_jpg.rf.e7550d86c7f0709bb4c4c1ce4c89f312.txt
2008_008166_jpg.rf.81425c33cd368d16e4f99c52d78ce6a5.jpg,2008_008166_jpg.rf.81425c33cd368d16e4f99c52d78ce6a5.txt
2008_003689_jpg.rf.1a9a9bb0b7c602f71eba6e33e0032eab.jpg,2008_003689_jpg.rf.1a9a9bb0b7c602f71eba6e33e0032eab.txt
2011_004316_jpg.rf.7c151d7be45ccaadb029fda5394ea674.jpg,2011_004316_jpg.rf.7c151d7be45ccaadb029fda5394ea674.txt
2008_003580_jpg.rf.e24904adf35ebafee680e65e3416e81c.jpg,2008_003580_jpg.rf.e24904adf35ebafee680e65e3416e81c.txt
2009_002192_jpg.rf.9b2422cab985abab763ff4b40ae120f7.jpg,2009_002192_jpg.rf.9b2422cab985abab763ff4b40ae120f7.txt
2009_003053_jpg.rf.e7893f7e1040df2e55e35efc713ffcca.jpg,2009_003053_jpg.rf.e7893f7e1040df2e55e35efc713ffcca.txt
2008_007313_jpg.rf.6b05693ce53b64fd95b6884cd9e14510.jpg,2008_007313_jpg.rf.6b05693ce53b64fd95b6884cd9e14510.txt
2009_004780_jpg.rf.04929989bb86be7bf80ac774b6c4215f.jpg,2009_004780_jpg.rf.04929989bb86be7bf80ac774b6c4215f.txt
2008_003868_jpg.rf.6422d5acba11f2dfac1c714e5f181a1f.jpg,2008_003868_jpg.rf.6422d5acba11f2dfac1c714e5f181a1f.txt
2008_003774_jpg.rf.d635683260146c0369df5b18a6eb3019.jpg,2008_003774_jpg.rf.d635683260146c0369df5b18a6eb3019.txt
2009_003522_jpg.rf.580f3824e0bdf85869885054225d11b4.jpg,2009_003522_jpg.rf.580f3824e0bdf85869885054225d11b4.txt
2009_003718_jpg.rf.8328de8daab73c3ecf912836d9e0bec7.jpg,2009_003718_jpg.rf.8328de8daab73c3ecf912836d9e0bec7.txt
2009_002324_jpg.rf.de76b47e8b3a910a481ed87cad2f8d33.jpg,2009_002324_jpg.rf.de76b47e8b3a910a481ed87cad2f8d33.txt
2008_003095_jpg.rf.d0d8f25fa64a7daa1c3daa4a3564c999.jpg,2008_003095_jpg.rf.d0d8f25fa64a7daa1c3daa4a3564c999.txt
2011_003806_jpg.rf.7a1079fede40e48b96bc882c1a6cc700.jpg,2011_003806_jpg.rf.7a1079fede40e48b96bc882c1a6cc700.txt
2011_004116_jpg.rf.cf637cf494cdad15720b5fb39a79993a.jpg,2011_004116_jpg.rf.cf637cf494cdad15720b5fb39a79993a.txt
2011_003711_jpg.rf.9bafac0a98443c2c3a6cb1bef100ab9a.jpg,2011_003711_jpg.rf.9bafac0a98443c2c3a6cb1bef100ab9a.txt
2008_006999_jpg.rf.1e716a17fae891d51dddea6e9db2a780.jpg,2008_006999_jpg.rf.1e716a17fae891d51dddea6e9db2a780.txt
2008_007962_jpg.rf.e246e31a79974063c9a97367a6107e64.jpg,2008_007962_jpg.rf.e246e31a79974063c9a97367a6107e64.txt
2008_006548_jpg.rf.094260e557e127e1b929878b525c44be.jpg,2008_006548_jpg.rf.094260e557e127e1b929878b525c44be.txt
2008_006828_jpg.rf.22324feb2828c1553e138cbde10240e8.jpg,2008_006828_jpg.rf.22324feb2828c1553e138cbde10240e8.txt
2011_004736_jpg.rf.9484482f5aa8ecfc37fe3eb92d72844b.jpg,2011_004736_jpg.rf.9484482f5aa8ecfc37fe3eb92d72844b.txt
2011_004573_jpg.rf.3bc7e1c4cb373f3733df6640fb975fb2.jpg,2011_004573_jpg.rf.3bc7e1c4cb373f3733df6640fb975fb2.txt
2008_006751_jpg.rf.763de0f3b7ced494417bdcf51099fb8c.jpg,2008_006751_jpg.rf.763de0f3b7ced494417bdcf51099fb8c.txt
2008_003596_jpg.rf.f8e82450d124b4cdd3d6c3f062911403.jpg,2008_003596_jpg.rf.f8e82450d124b4cdd3d6c3f062911403.txt
2008_006936_jpg.rf.730917959ea012ab6464266b3c115b2f.jpg,2008_006936_jpg.rf.730917959ea012ab6464266b3c115b2f.txt
2011_003887_jpg.rf.b1668ef21575d2bf33796291201a67a5.jpg,2011_003887_jpg.rf.b1668ef21575d2bf33796291201a67a5.txt
2008_003544_jpg.rf.3f8a402416ff68d31494ccd7f72b42f0.jpg,2008_003544_jpg.rf.3f8a402416ff68d31494ccd7f72b42f0.txt
2008_003432_jpg.rf.56c9d93ed5a309f2bbfc7fed0040f54d.jpg,2008_003432_jpg.rf.56c9d93ed5a309f2bbfc7fed0040f54d.txt
2008_007907_jpg.rf.1e86c292a999652c6c3f648abda2cf31.jpg,2008_007907_jpg.rf.1e86c292a999652c6c3f648abda2cf31.txt
2011_004809_jpg.rf.9ad50dfb9370eec328aa3a64325e13a9.jpg,2011_004809_jpg.rf.9ad50dfb9370eec328aa3a64325e13a9.txt
2008_007086_jpg.rf.3a3cc7e3302e354c4ce9bf6592fd1815.jpg,2008_007086_jpg.rf.3a3cc7e3302e354c4ce9bf6592fd1815.txt
2009_004429_jpg.rf.fa096a980f30c1650ac423e351dc31dc.jpg,2009_004429_jpg.rf.fa096a980f30c1650ac423e351dc31dc.txt
2009_003278_jpg.rf.9f3feab2d961941176026eeb5fc3bf03.jpg,2009_003278_jpg.rf.9f3feab2d961941176026eeb5fc3bf03.txt
2008_003384_jpg.rf.ccb99fa4fba8a87b71fd3152dc463dfa.jpg,2008_003384_jpg.rf.ccb99fa4fba8a87b71fd3152dc463dfa.txt
2008_002870_jpg.rf.1d54a19de93ab10783ea5fc01520c3e2.jpg,2008_002870_jpg.rf.1d54a19de93ab10783ea5fc01520c3e2.txt
2011_003720_jpg.rf.891baea4b8846140c4745ec3d198666d.jpg,2011_003720_jpg.rf.891baea4b8846140c4745ec3d198666d.txt
2011_004489_jpg.rf.7d5bcad37fabb7080ffde0c3f0bf527d.jpg,2011_004489_jpg.rf.7d5bcad37fabb7080ffde0c3f0bf527d.txt
2008_003462_jpg.rf.c852e8f017065e4b4cdba14addeca559.jpg,2008_003462_jpg.rf.c852e8f017065e4b4cdba14addeca559.txt
2011_004451_jpg.rf.3f1593b02e79fab911f08a90a514d88b.jpg,2011_004451_jpg.rf.3f1593b02e79fab911f08a90a514d88b.txt
2009_003173_jpg.rf.8a7298b1835b08029867a1f22b3ec03d.jpg,2009_003173_jpg.rf.8a7298b1835b08029867a1f22b3ec03d.txt
2009_005016_jpg.rf.a87a20045b2ba5aec5164a941e5755d7.jpg,2009_005016_jpg.rf.a87a20045b2ba5aec5164a941e5755d7.txt
2009_004164_jpg.rf.b091d4b14e4a702163d33c3f91124b28.jpg,2009_004164_jpg.rf.b091d4b14e4a702163d33c3f91124b28.txt
2009_002126_jpg.rf.843f91df7bf95c4ce18b590028cef287.jpg,2009_002126_jpg.rf.843f91df7bf95c4ce18b590028cef287.txt
2008_007691_jpg.rf.eed39642437d7dd5a88bc0306ef74543.jpg,2008_007691_jpg.rf.eed39642437d7dd5a88bc0306ef74543.txt
2009_003078_jpg.rf.675add5ac117984720fa259937627532.jpg,2009_003078_jpg.rf.675add5ac117984720fa259937627532.txt
2009_003922_jpg.rf.ecc11d108f12232dd300ae3b875fe612.jpg,2009_003922_jpg.rf.ecc11d108f12232dd300ae3b875fe612.txt
2009_002764_jpg.rf.b831c29d7d91d67b901aff8c638f7d89.jpg,2009_002764_jpg.rf.b831c29d7d91d67b901aff8c638f7d89.txt
2011_004536_jpg.rf.1677028fb701d603d1b4b235ab06ad07.jpg,2011_004536_jpg.rf.1677028fb701d603d1b4b235ab06ad07.txt
2008_007716_jpg.rf.74d6a750e8c47d9134e3033007cf4e39.jpg,2008_007716_jpg.rf.74d6a750e8c47d9134e3033007cf4e39.txt
2008_007147_jpg.rf.9195fa18398756b801fa6b0e4a5a93a8.jpg,2008_007147_jpg.rf.9195fa18398756b801fa6b0e4a5a93a8.txt
2009_004508_jpg.rf.85168828c2b42b76acac18501f232975.jpg,2009_004508_jpg.rf.85168828c2b42b76acac18501f232975.txt
2008_007311_jpg.rf.1b10ebea7f3567f649de2ce50dee86d0.jpg,2008_007311_jpg.rf.1b10ebea7f3567f649de2ce50dee86d0.txt
2009_003961_jpg.rf.adae5bdae3db9993d37920f49c5c941d.jpg,2009_003961_jpg.rf.adae5bdae3db9993d37920f49c5c941d.txt
2011_004972_jpg.rf.dcf376db686d15fb1fa1d953cd1b2400.jpg,2011_004972_jpg.rf.dcf376db686d15fb1fa1d953cd1b2400.txt
2009_004877_jpg.rf.7a4bbc7adf4d8b6ec318796204813cd9.jpg,2009_004877_jpg.rf.7a4bbc7adf4d8b6ec318796204813cd9.txt
2009_004723_jpg.rf.cb6cfab1dc51de0cde4ddefc5b75a16e.jpg,2009_004723_jpg.rf.cb6cfab1dc51de0cde4ddefc5b75a16e.txt
2011_003506_jpg.rf.fe3e8bd5348d9d6034ab12d80c6b0abd.jpg,2011_003506_jpg.rf.fe3e8bd5348d9d6034ab12d80c6b0abd.txt
2008_003768_jpg.rf.db48df05f819b3f2dc8840063f38ca06.jpg,2008_003768_jpg.rf.db48df05f819b3f2dc8840063f38ca06.txt
2011_003557_jpg.rf.7055e290d0cfc1f6c33c38ef8ecd40c1.jpg,2011_003557_jpg.rf.7055e290d0cfc1f6c33c38ef8ecd40c1.txt
2008_007108_jpg.rf.e57282454dc12859c4e267ad650df0b1.jpg,2008_007108_jpg.rf.e57282454dc12859c4e267ad650df0b1.txt
2011_004293_jpg.rf.d92d90adc54ab653fba9571e1a79d53d.jpg,2011_004293_jpg.rf.d92d90adc54ab653fba9571e1a79d53d.txt
2009_002391_jpg.rf.8ede5b22eae11470492878792792628b.jpg,2009_002391_jpg.rf.8ede5b22eae11470492878792792628b.txt
2009_004397_jpg.rf.35fb0bc388838970fb245282232bb6ef.jpg,2009_004397_jpg.rf.35fb0bc388838970fb245282232bb6ef.txt
2009_002523_jpg.rf.70cf93956f885d2a06fbacb7b9dd30bc.jpg,2009_002523_jpg.rf.70cf93956f885d2a06fbacb7b9dd30bc.txt
2009_002669_jpg.rf.448a765eb360a051789dddbdccd0e378.jpg,2009_002669_jpg.rf.448a765eb360a051789dddbdccd0e378.txt
2009_005080_jpg.rf.097618befe89102adf5e00485089f7dc.jpg,2009_005080_jpg.rf.097618befe89102adf5e00485089f7dc.txt
2011_003429_jpg.rf.d2060ea3ca4c3d361a7fbc4aa4e1d52f.jpg,2011_003429_jpg.rf.d2060ea3ca4c3d361a7fbc4aa4e1d52f.txt
2008_007986_jpg.rf.395bd33933ddf3443f80186a7eace148.jpg,2008_007986_jpg.rf.395bd33933ddf3443f80186a7eace148.txt
2009_004435_jpg.rf.1efaca379df87f96dafa8c9f26e36a7d.jpg,2009_004435_jpg.rf.1efaca379df87f96dafa8c9f26e36a7d.txt
2009_003431_jpg.rf.5cbd5678b9dec72d04f4f0603c91f95c.jpg,2009_003431_jpg.rf.5cbd5678b9dec72d04f4f0603c91f95c.txt
2008_006872_jpg.rf.d2689186c04752c78f9a77baa58212d9.jpg,2008_006872_jpg.rf.d2689186c04752c78f9a77baa58212d9.txt
2008_007841_jpg.rf.d257e684cb147a1bc3be36892eb320ff.jpg,2008_007841_jpg.rf.d257e684cb147a1bc3be36892eb320ff.txt
2009_004993_jpg.rf.ce38fbc99e5049b256d080fd3e1c7008.jpg,2009_004993_jpg.rf.ce38fbc99e5049b256d080fd3e1c7008.txt
2009_002837_jpg.rf.8d44775e40c4e30cfac99fd0825116c1.jpg,2009_002837_jpg.rf.8d44775e40c4e30cfac99fd0825116c1.txt
2009_003199_jpg.rf.0e764b684f0d07d694de956c49b80ebd.jpg,2009_003199_jpg.rf.0e764b684f0d07d694de956c49b80ebd.txt
2009_002732_jpg.rf.0fd259482cc9b17a54eacc796889067d.jpg,2009_002732_jpg.rf.0fd259482cc9b17a54eacc796889067d.txt
2008_003871_jpg.rf.0ef82632f2dd6bb1317fb56c55d97f05.jpg,2008_003871_jpg.rf.0ef82632f2dd6bb1317fb56c55d97f05.txt
2009_004171_jpg.rf.34accdd19c6f5704c83dd4ad50c4304a.jpg,2009_004171_jpg.rf.34accdd19c6f5704c83dd4ad50c4304a.txt
2008_002813_jpg.rf.d00ad34ab537bc78c83a5b64126f6e1f.jpg,2008_002813_jpg.rf.d00ad34ab537bc78c83a5b64126f6e1f.txt
2008_008190_jpg.rf.4b1cdd154e7c73cf4566752051fd39c6.jpg,2008_008190_jpg.rf.4b1cdd154e7c73cf4566752051fd39c6.txt
2011_004284_jpg.rf.4e68b7ea22f2a45df3f149634da45aea.jpg,2011_004284_jpg.rf.4e68b7ea22f2a45df3f149634da45aea.txt
2009_004882_jpg.rf.312c4138d5c3302dc22aae52628f95a1.jpg,2009_004882_jpg.rf.312c4138d5c3302dc22aae52628f95a1.txt
2008_008194_jpg.rf.41e060c61441c9eb5139ed4309f2d4a5.jpg,2008_008194_jpg.rf.41e060c61441c9eb5139ed4309f2d4a5.txt
2011_003571_jpg.rf.01ea7751009dba1832ce214c60235e44.jpg,2011_003571_jpg.rf.01ea7751009dba1832ce214c60235e44.txt
2008_003726_jpg.rf.c4bc8e7ec0f38009bcedb6456d54b185.jpg,2008_003726_jpg.rf.c4bc8e7ec0f38009bcedb6456d54b185.txt
2008_002913_jpg.rf.0cf1c4a5779529b1cff9731a73c4e870.jpg,2008_002913_jpg.rf.0cf1c4a5779529b1cff9731a73c4e870.txt
2008_008462_jpg.rf.be8e1dd1981f7498b27d75f1491aa38c.jpg,2008_008462_jpg.rf.be8e1dd1981f7498b27d75f1491aa38c.txt
2009_003044_jpg.rf.f8879642950dedf6bf27d074ac2afefc.jpg,2009_003044_jpg.rf.f8879642950dedf6bf27d074ac2afefc.txt
2008_003318_jpg.rf.2a9e0a3f6426d64e3a14ef0064a8872a.jpg,2008_003318_jpg.rf.2a9e0a3f6426d64e3a14ef0064a8872a.txt
2008_003099_jpg.rf.4825136c343345e7658fb6bb694416b4.jpg,2008_003099_jpg.rf.4825136c343345e7658fb6bb694416b4.txt
2009_002137_jpg.rf.a015188de99d5fa61c7257a4144895fe.jpg,2009_002137_jpg.rf.a015188de99d5fa61c7257a4144895fe.txt
2008_003323_jpg.rf.ac33d441b3b23c8d069bfc3f80872a27.jpg,2008_003323_jpg.rf.ac33d441b3b23c8d069bfc3f80872a27.txt
2009_002117_jpg.rf.32ff848b52bf3af2f7ba4d6bc13e8313.jpg,2009_002117_jpg.rf.32ff848b52bf3af2f7ba4d6bc13e8313.txt
2011_004839_jpg.rf.b74255618c26b788c576627a060cb1e2.jpg,2011_004839_jpg.rf.b74255618c26b788c576627a060cb1e2.txt
2011_004416_jpg.rf.4957f127b38ac8f4a1af08f205c996c2.jpg,2011_004416_jpg.rf.4957f127b38ac8f4a1af08f205c996c2.txt
2008_003675_jpg.rf.f3e4437a90ac3c3a0fcaca299e9a40c3.jpg,2008_003675_jpg.rf.f3e4437a90ac3c3a0fcaca299e9a40c3.txt
2008_006808_jpg.rf.85e8aeade56560f9579a33a02ac6e9d9.jpg,2008_006808_jpg.rf.85e8aeade56560f9579a33a02ac6e9d9.txt
2008_002773_jpg.rf.7a7a9300f5f60c17036aaa6d2fe4ad4c.jpg,2008_002773_jpg.rf.7a7a9300f5f60c17036aaa6d2fe4ad4c.txt
2011_003972_jpg.rf.fbd03f57aff2e848ddbcded8925237a3.jpg,2011_003972_jpg.rf.fbd03f57aff2e848ddbcded8925237a3.txt
2011_004735_jpg.rf.13ceb7805cf1e88d10fd4e7166604901.jpg,2011_004735_jpg.rf.13ceb7805cf1e88d10fd4e7166604901.txt
2009_004410_jpg.rf.28adc7e0fd29a88028ff171af3bf347f.jpg,2009_004410_jpg.rf.28adc7e0fd29a88028ff171af3bf347f.txt
2008_008560_jpg.rf.cc851f459247979a6d9725efff6da424.jpg,2008_008560_jpg.rf.cc851f459247979a6d9725efff6da424.txt
2008_003271_jpg.rf.a89e1f3a18b41edc1aad8cf6d09c1f98.jpg,2008_003271_jpg.rf.a89e1f3a18b41edc1aad8cf6d09c1f98.txt
2009_003093_jpg.rf.a37198249d545dd12aea495add8b7d7e.jpg,2009_003093_jpg.rf.a37198249d545dd12aea495add8b7d7e.txt
2008_007669_jpg.rf.cf739e77668b25a14ba2e0242ae34ea4.jpg,2008_007669_jpg.rf.cf739e77668b25a14ba2e0242ae34ea4.txt
2008_003160_jpg.rf.1f36f1a17144f31c298ad27b8ed1d6f5.jpg,2008_003160_jpg.rf.1f36f1a17144f31c298ad27b8ed1d6f5.txt
2011_004632_jpg.rf.9cc5cc9893d66546b0b64f13951b82cd.jpg,2011_004632_jpg.rf.9cc5cc9893d66546b0b64f13951b82cd.txt
2009_004539_jpg.rf.2b97a53f1ff465492ee3b70efa826293.jpg,2009_004539_jpg.rf.2b97a53f1ff465492ee3b70efa826293.txt
2011_004740_jpg.rf.bf3b0b3c54a22f31394c312dc3f30e80.jpg,2011_004740_jpg.rf.bf3b0b3c54a22f31394c312dc3f30e80.txt
2009_004176_jpg.rf.2ed2adef1ec816c8330700dd89e34269.jpg,2009_004176_jpg.rf.2ed2adef1ec816c8330700dd89e34269.txt
2009_002830_jpg.rf.088a8f5301efdf70ab121a36910edf2f.jpg,2009_002830_jpg.rf.088a8f5301efdf70ab121a36910edf2f.txt
2011_004133_jpg.rf.9d8379003d3795efeb1c6a7e56aaad22.jpg,2011_004133_jpg.rf.9d8379003d3795efeb1c6a7e56aaad22.txt
2009_003636_jpg.rf.996408207780f42f01ea9ac9b4c9f72b.jpg,2009_003636_jpg.rf.996408207780f42f01ea9ac9b4c9f72b.txt
2009_002847_jpg.rf.a5a24b8d2a7fe04db6e23aff4906fb3d.jpg,2009_002847_jpg.rf.a5a24b8d2a7fe04db6e23aff4906fb3d.txt
2008_007521_jpg.rf.1724b0983f931e748fbecaded864ee43.jpg,2008_007521_jpg.rf.1724b0983f931e748fbecaded864ee43.txt
2008_008052_jpg.rf.97921c1e18ccd70217a5859191e10ba1.jpg,2008_008052_jpg.rf.97921c1e18ccd70217a5859191e10ba1.txt
2008_007879_jpg.rf.03197045da31e9624c769e732489d0a6.jpg,2008_007879_jpg.rf.03197045da31e9624c769e732489d0a6.txt
2008_003023_jpg.rf.f9e33aff85f6f1df1203b10269f12376.jpg,2008_003023_jpg.rf.f9e33aff85f6f1df1203b10269f12376.txt
2008_002988_jpg.rf.f6d0f00b84a32079fa4a5fbe40426aa1.jpg,2008_002988_jpg.rf.f6d0f00b84a32079fa4a5fbe40426aa1.txt
2011_004571_jpg.rf.30e7070835db0580f92e84cea40bce14.jpg,2011_004571_jpg.rf.30e7070835db0580f92e84cea40bce14.txt
2009_005107_jpg.rf.58f0d7d5e86a1a332cf924b13168e660.jpg,2009_005107_jpg.rf.58f0d7d5e86a1a332cf924b13168e660.txt
2011_004694_jpg.rf.76d0b1c1016efab74b493bb6e5251cac.jpg,2011_004694_jpg.rf.76d0b1c1016efab74b493bb6e5251cac.txt
2008_003132_jpg.rf.10d4c2c55644083c37116278dcf267e4.jpg,2008_003132_jpg.rf.10d4c2c55644083c37116278dcf267e4.txt
2009_003136_jpg.rf.7fe7f65357f62d4a3286e511423e0465.jpg,2009_003136_jpg.rf.7fe7f65357f62d4a3286e511423e0465.txt
2011_003468_jpg.rf.069edaf47acd52b31ae8ea603c51ba63.jpg,2011_003468_jpg.rf.069edaf47acd52b31ae8ea603c51ba63.txt
2009_002444_jpg.rf.3c247f3bc1202829bd93ababe0a79bbb.jpg,2009_002444_jpg.rf.3c247f3bc1202829bd93ababe0a79bbb.txt
2008_007811_jpg.rf.fc550e54931d43a81be846c8febc9281.jpg,2008_007811_jpg.rf.fc550e54931d43a81be846c8febc9281.txt
2008_006820_jpg.rf.89e15ec986869948874bdf1135708bd3.jpg,2008_006820_jpg.rf.89e15ec986869948874bdf1135708bd3.txt
2008_003720_jpg.rf.869e57fa037a6d03001ccaff922e1787.jpg,2008_003720_jpg.rf.869e57fa037a6d03001ccaff922e1787.txt
2008_003571_jpg.rf.8cfedd8f42416270ff241156dd573d70.jpg,2008_003571_jpg.rf.8cfedd8f42416270ff241156dd573d70.txt
2008_002958_jpg.rf.0c7e6cbb2e18c7627be22c989ac2d6da.jpg,2008_002958_jpg.rf.0c7e6cbb2e18c7627be22c989ac2d6da.txt
2011_003848_jpg.rf.12f9ef65be15b9cca862368de753d115.jpg,2011_003848_jpg.rf.12f9ef65be15b9cca862368de753d115.txt
2008_003650_jpg.rf.270c1562dfc541c88810524fce9daac1.jpg,2008_003650_jpg.rf.270c1562dfc541c88810524fce9daac1.txt
2011_004436_jpg.rf.8c7304df8b74ce844231d91dd20e1bd8.jpg,2011_004436_jpg.rf.8c7304df8b74ce844231d91dd20e1bd8.txt
2011_004546_jpg.rf.8d93031da37d63fd438bfb77d5247f7f.jpg,2011_004546_jpg.rf.8d93031da37d63fd438bfb77d5247f7f.txt
2008_007216_jpg.rf.80b97c586a204b39d0214b7bf558b9f6.jpg,2008_007216_jpg.rf.80b97c586a204b39d0214b7bf558b9f6.txt
2008_007583_jpg.rf.12998c13563335215efc6bbfb4a15cf0.jpg,2008_007583_jpg.rf.12998c13563335215efc6bbfb4a15cf0.txt
2009_003020_jpg.rf.ddf0fa79ee1319ae472586b7ccd659c2.jpg,2009_003020_jpg.rf.ddf0fa79ee1319ae472586b7ccd659c2.txt
2008_008315_jpg.rf.266767e3dded2935ada7a68621a29a28.jpg,2008_008315_jpg.rf.266767e3dded2935ada7a68621a29a28.txt
2008_007185_jpg.rf.dff39d9ee6e5f4ba0320ad90100becaf.jpg,2008_007185_jpg.rf.dff39d9ee6e5f4ba0320ad90100becaf.txt
2009_004475_jpg.rf.37e543beee61538ed7b9a9db46524c79.jpg,2009_004475_jpg.rf.37e543beee61538ed7b9a9db46524c79.txt
2009_002443_jpg.rf.be9109a73b35be8be987b720d0a22a50.jpg,2009_002443_jpg.rf.be9109a73b35be8be987b720d0a22a50.txt
2009_005168_jpg.rf.28b20b0a9e980fffd7624d90a31da9f1.jpg,2009_005168_jpg.rf.28b20b0a9e980fffd7624d90a31da9f1.txt
2009_003657_jpg.rf.8ad8d43814d348bc9fd568c12286e30b.jpg,2009_003657_jpg.rf.8ad8d43814d348bc9fd568c12286e30b.txt
2011_003949_jpg.rf.fabcbeb930a783af2ed45288bdc5397b.jpg,2011_003949_jpg.rf.fabcbeb930a783af2ed45288bdc5397b.txt
2011_004705_jpg.rf.d190b13e96752f4e674bb59227014290.jpg,2011_004705_jpg.rf.d190b13e96752f4e674bb59227014290.txt
2008_006614_jpg.rf.158c1d14d277856ad4457a2f11c7a4a5.jpg,2008_006614_jpg.rf.158c1d14d277856ad4457a2f11c7a4a5.txt
2011_003372_jpg.rf.34d0ce25e0d30571c9a49863326252ab.jpg,2011_003372_jpg.rf.34d0ce25e0d30571c9a49863326252ab.txt
2009_004154_jpg.rf.b8272828882bc78cb08a467373f7c210.jpg,2009_004154_jpg.rf.b8272828882bc78cb08a467373f7c210.txt
2011_003980_jpg.rf.6c452b2c870041e3c38180e415c189d8.jpg,2011_003980_jpg.rf.6c452b2c870041e3c38180e415c189d8.txt
2008_006509_jpg.rf.2bc4d94115a17e0e86ffdd75476fcafe.jpg,2008_006509_jpg.rf.2bc4d94115a17e0e86ffdd75476fcafe.txt
2009_004179_jpg.rf.1c2b2a4d955c3259420d83cccf9f2bf7.jpg,2009_004179_jpg.rf.1c2b2a4d955c3259420d83cccf9f2bf7.txt
2008_007431_jpg.rf.ff2bca9032e65974ad87218e3b609483.jpg,2008_007431_jpg.rf.ff2bca9032e65974ad87218e3b609483.txt
2011_003309_jpg.rf.73f3dd5bf02e2327cb313af78162f890.jpg,2011_003309_jpg.rf.73f3dd5bf02e2327cb313af78162f890.txt
2011_003805_jpg.rf.5f5c205235d852bfb5e35e96f6f0f76b.jpg,2011_003805_jpg.rf.5f5c205235d852bfb5e35e96f6f0f76b.txt
2008_003510_jpg.rf.b35f1ee2c66e47353e377d726f322662.jpg,2008_003510_jpg.rf.b35f1ee2c66e47353e377d726f322662.txt
2009_002133_jpg.rf.060a17f02f4249242214a026aa69092a.jpg,2009_002133_jpg.rf.060a17f02f4249242214a026aa69092a.txt
2009_002659_jpg.rf.ccb7ee51eac0d4dbd0725dff6c84b01b.jpg,2009_002659_jpg.rf.ccb7ee51eac0d4dbd0725dff6c84b01b.txt
2008_007519_jpg.rf.f6b62e07b2de0868c5d22455b157f56e.jpg,2008_007519_jpg.rf.f6b62e07b2de0868c5d22455b157f56e.txt
2009_002325_jpg.rf.cdaac528094282a4e37386fd5d3b49c4.jpg,2009_002325_jpg.rf.cdaac528094282a4e37386fd5d3b49c4.txt
2008_003082_jpg.rf.cc751cb75e83ec79ea5e2601114cddf3.jpg,2008_003082_jpg.rf.cc751cb75e83ec79ea5e2601114cddf3.txt
2009_005126_jpg.rf.5ba296cef15cd00f1aa938a0877c1513.jpg,2009_005126_jpg.rf.5ba296cef15cd00f1aa938a0877c1513.txt
2011_003447_jpg.rf.0b778a18b352920b56f6274ad4e28b76.jpg,2011_003447_jpg.rf.0b778a18b352920b56f6274ad4e28b76.txt
2008_007101_jpg.rf.01cb6cacb934517891fcb75c70ea146a.jpg,2008_007101_jpg.rf.01cb6cacb934517891fcb75c70ea146a.txt
2008_008421_jpg.rf.e432e59e158bda16930165cbf7769c79.jpg,2008_008421_jpg.rf.e432e59e158bda16930165cbf7769c79.txt
2009_004121_jpg.rf.9ec4a85440039fba6ed35583c305f1bc.jpg,2009_004121_jpg.rf.9ec4a85440039fba6ed35583c305f1bc.txt
2011_003600_jpg.rf.6fa393a69cb39363eb9dd74539062c09.jpg,2011_003600_jpg.rf.6fa393a69cb39363eb9dd74539062c09.txt
2008_007286_jpg.rf.0a8a38be9fd5c67553fe1bcf97b95e1f.jpg,2008_007286_jpg.rf.0a8a38be9fd5c67553fe1bcf97b95e1f.txt
2009_002352_jpg.rf.ad0cea3857947a38c5a4297f591f8902.jpg,2009_002352_jpg.rf.ad0cea3857947a38c5a4297f591f8902.txt
2009_003985_jpg.rf.7d3f212f6789a291ebb0f515fc4f1e60.jpg,2009_003985_jpg.rf.7d3f212f6789a291ebb0f515fc4f1e60.txt
2008_003873_jpg.rf.3ad133d920f5dff20e5b3ef72cb356f4.jpg,2008_003873_jpg.rf.3ad133d920f5dff20e5b3ef72cb356f4.txt
2009_004606_jpg.rf.ba0740cb46b9d5524b3f8d06de893c40.jpg,2009_004606_jpg.rf.ba0740cb46b9d5524b3f8d06de893c40.txt
2008_008271_jpg.rf.8b2d4c36cb602b42946450f1dcf447fd.jpg,2008_008271_jpg.rf.8b2d4c36cb602b42946450f1dcf447fd.txt
2009_004731_jpg.rf.fa29af709438f3dc5a9e543bcffd7280.jpg,2009_004731_jpg.rf.fa29af709438f3dc5a9e543bcffd7280.txt
2009_002152_jpg.rf.e9464ef24b2163b3be07882daf29a80f.jpg,2009_002152_jpg.rf.e9464ef24b2163b3be07882daf29a80f.txt
2011_005104_jpg.rf.ecd94b0f02479540fa4021b0be760c4e.jpg,2011_005104_jpg.rf.ecd94b0f02479540fa4021b0be760c4e.txt
2008_008281_jpg.rf.dc3b52defac4c18c906d55d5ba4f0f29.jpg,2008_008281_jpg.rf.dc3b52defac4c18c906d55d5ba4f0f29.txt
2009_004069_jpg.rf.f725a1fb2a955e8fe71b5239d3a2f52d.jpg,2009_004069_jpg.rf.f725a1fb2a955e8fe71b5239d3a2f52d.txt
2008_003756_jpg.rf.d5e9c0da1f4c949810213f3a91fbaa87.jpg,2008_003756_jpg.rf.d5e9c0da1f4c949810213f3a91fbaa87.txt
2008_003379_jpg.rf.e262b63b7e56aa88b1bb413c837e85b4.jpg,2008_003379_jpg.rf.e262b63b7e56aa88b1bb413c837e85b4.txt
2009_004766_jpg.rf.b28491714fadb492a533da214e99f815.jpg,2009_004766_jpg.rf.b28491714fadb492a533da214e99f815.txt
2008_002972_jpg.rf.d3683a5f90456a8a8afc37cbd8ff5aaa.jpg,2008_002972_jpg.rf.d3683a5f90456a8a8afc37cbd8ff5aaa.txt
2009_002198_jpg.rf.0cae66ca6cc822c7b33737925942e0ff.jpg,2009_002198_jpg.rf.0cae66ca6cc822c7b33737925942e0ff.txt
2009_003852_jpg.rf.bf38d104732fc09ca1ca1b3130008a4e.jpg,2009_003852_jpg.rf.bf38d104732fc09ca1ca1b3130008a4e.txt
2009_002947_jpg.rf.c8ea608a1f74a064250af0fdcb9bde7c.jpg,2009_002947_jpg.rf.c8ea608a1f74a064250af0fdcb9bde7c.txt
2011_004073_jpg.rf.e8daa06b8e423cadee9066864b91abfc.jpg,2011_004073_jpg.rf.e8daa06b8e423cadee9066864b91abfc.txt
2009_003743_jpg.rf.8b64a11e2db354dce77ab93f506b9987.jpg,2009_003743_jpg.rf.8b64a11e2db354dce77ab93f506b9987.txt
2009_002897_jpg.rf.c8eea5303fe069f608685637f5709e1a.jpg,2009_002897_jpg.rf.c8eea5303fe069f608685637f5709e1a.txt
2008_003076_jpg.rf.17bb12ff5a60f6b14afc0fb32b5bdb2b.jpg,2008_003076_jpg.rf.17bb12ff5a60f6b14afc0fb32b5bdb2b.txt
2011_003369_jpg.rf.429959f244eba952092175d7659128a5.jpg,2011_003369_jpg.rf.429959f244eba952092175d7659128a5.txt
2008_007531_jpg.rf.ee81cd7ea97956493c5746a29eb749cc.jpg,2008_007531_jpg.rf.ee81cd7ea97956493c5746a29eb749cc.txt
2009_003065_jpg.rf.3e553a7ebc4139daa2405d1b462166f5.jpg,2009_003065_jpg.rf.3e553a7ebc4139daa2405d1b462166f5.txt
2008_008170_jpg.rf.b085df51791772d2e49f49812e7a6a93.jpg,2008_008170_jpg.rf.b085df51791772d2e49f49812e7a6a93.txt
2008_003922_jpg.rf.ee218191fdadd9653643ebba78f85dae.jpg,2008_003922_jpg.rf.ee218191fdadd9653643ebba78f85dae.txt
2008_007515_jpg.rf.107746caade6499b81cbaec23e23f423.jpg,2008_007515_jpg.rf.107746caade6499b81cbaec23e23f423.txt
2008_003386_jpg.rf.02ef8572967bc722ff5f388fabb3603b.jpg,2008_003386_jpg.rf.02ef8572967bc722ff5f388fabb3603b.txt
2009_003840_jpg.rf.6dcaee0a471a0e231e080f1ba119061f.jpg,2009_003840_jpg.rf.6dcaee0a471a0e231e080f1ba119061f.txt
2011_004979_jpg.rf.89e93ca0242631c349d215e18cec6c7f.jpg,2011_004979_jpg.rf.89e93ca0242631c349d215e18cec6c7f.txt
2009_002169_jpg.rf.83546d39df68a73ce23eda5160fbe900.jpg,2009_002169_jpg.rf.83546d39df68a73ce23eda5160fbe900.txt
2009_002286_jpg.rf.d1011d8f2f7ae8cb07b329cfcf648704.jpg,2009_002286_jpg.rf.d1011d8f2f7ae8cb07b329cfcf648704.txt
2011_005112_jpg.rf.cd3cc860b34fa9d67d7cd614dd8ac0f3.jpg,2011_005112_jpg.rf.cd3cc860b34fa9d67d7cd614dd8ac0f3.txt
2009_002306_jpg.rf.98359217c7d94119006829c82c894adc.jpg,2009_002306_jpg.rf.98359217c7d94119006829c82c894adc.txt
2011_004635_jpg.rf.c458436d51692b65114cbde249758812.jpg,2011_004635_jpg.rf.c458436d51692b65114cbde249758812.txt
2009_004169_jpg.rf.bad33a87f0bda69b095a53f29a880747.jpg,2009_004169_jpg.rf.bad33a87f0bda69b095a53f29a880747.txt
2008_002756_jpg.rf.c2c0bb279ede8d7c1294e991bd9d2e42.jpg,2008_002756_jpg.rf.c2c0bb279ede8d7c1294e991bd9d2e42.txt
2008_007115_jpg.rf.d5e9dd8bfdb507b5878dec01d2c3362b.jpg,2008_007115_jpg.rf.d5e9dd8bfdb507b5878dec01d2c3362b.txt
2011_004491_jpg.rf.a50f58c60919f46a82b15509972c1db8.jpg,2011_004491_jpg.rf.a50f58c60919f46a82b15509972c1db8.txt
2008_003302_jpg.rf.9884be89008567dba73d057b512b2a38.jpg,2008_003302_jpg.rf.9884be89008567dba73d057b512b2a38.txt
2008_007890_jpg.rf.2d7f54607b3febacb4068f3f66647c4a.jpg,2008_007890_jpg.rf.2d7f54607b3febacb4068f3f66647c4a.txt
2008_008095_jpg.rf.1c0c94012844789b94ed71a47d69c511.jpg,2008_008095_jpg.rf.1c0c94012844789b94ed71a47d69c511.txt
2009_004953_jpg.rf.b43a65a1bb6b0b5d65c22abdaf764845.jpg,2009_004953_jpg.rf.b43a65a1bb6b0b5d65c22abdaf764845.txt
2008_008096_jpg.rf.4afa49e7b795de2b9c1c30283f6f7b36.jpg,2008_008096_jpg.rf.4afa49e7b795de2b9c1c30283f6f7b36.txt
2009_003633_jpg.rf.76d708138f006977a2961e9e50e17d75.jpg,2009_003633_jpg.rf.76d708138f006977a2961e9e50e17d75.txt
2009_002744_jpg.rf.0503dd9976c26c1a0c494c4cd29ad370.jpg,2009_002744_jpg.rf.0503dd9976c26c1a0c494c4cd29ad370.txt
2009_003846_jpg.rf.8ccfc5e3fa1dbc93597ea0adab3b1731.jpg,2009_003846_jpg.rf.8ccfc5e3fa1dbc93597ea0adab3b1731.txt
2008_007538_jpg.rf.7965f5caaedb80125b3d0bfa97e164d3.jpg,2008_007538_jpg.rf.7965f5caaedb80125b3d0bfa97e164d3.txt
2011_004007_jpg.rf.e75a9af355135ff142f11ddbc822c435.jpg,2011_004007_jpg.rf.e75a9af355135ff142f11ddbc822c435.txt
2011_003538_jpg.rf.d560629f9083e4dbd6786bcb5c1ae48a.jpg,2011_003538_jpg.rf.d560629f9083e4dbd6786bcb5c1ae48a.txt
2008_008506_jpg.rf.1a156cb2d4bc91c05c9e6d010e86d937.jpg,2008_008506_jpg.rf.1a156cb2d4bc91c05c9e6d010e86d937.txt
2008_003830_jpg.rf.b0d7191b659cb5a199e4e3ef787cbd6a.jpg,2008_003830_jpg.rf.b0d7191b659cb5a199e4e3ef787cbd6a.txt
2011_004053_jpg.rf.b1d359945771123e203755eca959b90c.jpg,2011_004053_jpg.rf.b1d359945771123e203755eca959b90c.txt
2009_003760_jpg.rf.432f4f50cd625a7236f388e5dab5b21b.jpg,2009_003760_jpg.rf.432f4f50cd625a7236f388e5dab5b21b.txt
2008_007085_jpg.rf.d3ede1269d86bba95320a1c24dcc73aa.jpg,2008_007085_jpg.rf.d3ede1269d86bba95320a1c24dcc73aa.txt
2008_003904_jpg.rf.ca90f901f44b375ab67afc3469c14e33.jpg,2008_003904_jpg.rf.ca90f901f44b375ab67afc3469c14e33.txt
2011_005035_jpg.rf.65141a049f86d5ccbc4f5113dbdd0ead.jpg,2011_005035_jpg.rf.65141a049f86d5ccbc4f5113dbdd0ead.txt
2008_006470_jpg.rf.493a6b5600eb800acacc6b6aaefea14e.jpg,2008_006470_jpg.rf.493a6b5600eb800acacc6b6aaefea14e.txt
2009_004899_jpg.rf.05232d2f06ce1a0f213120b2eb089b6d.jpg,2009_004899_jpg.rf.05232d2f06ce1a0f213120b2eb089b6d.txt
2008_002712_jpg.rf.a73cf803826ccd7b32243373993eb9ae.jpg,2008_002712_jpg.rf.a73cf803826ccd7b32243373993eb9ae.txt
2009_002141_jpg.rf.6f0bdbf047fe1a5d9e49b4bf2736f839.jpg,2009_002141_jpg.rf.6f0bdbf047fe1a5d9e49b4bf2736f839.txt
2008_002900_jpg.rf.c3b5b270cf3fbe410c73ade4edcf2857.jpg,2008_002900_jpg.rf.c3b5b270cf3fbe410c73ade4edcf2857.txt
2009_004359_jpg.rf.764466621850fd69abead53c07594610.jpg,2009_004359_jpg.rf.764466621850fd69abead53c07594610.txt
2008_007787_jpg.rf.b9b5cfb2185e168cac04bb7645e53ff8.jpg,2008_007787_jpg.rf.b9b5cfb2185e168cac04bb7645e53ff8.txt
2008_002920_jpg.rf.0cb6482a3c24fea4f595a9bdf3d75645.jpg,2008_002920_jpg.rf.0cb6482a3c24fea4f595a9bdf3d75645.txt
2011_003662_jpg.rf.8e967f838e6d7c56cd30a636735b6602.jpg,2011_003662_jpg.rf.8e967f838e6d7c56cd30a636735b6602.txt
2009_003991_jpg.rf.0c5b1eacd74fa4fd8f9d6570d30bd41a.jpg,2009_003991_jpg.rf.0c5b1eacd74fa4fd8f9d6570d30bd41a.txt
2008_003562_jpg.rf.941184e686e6b63270b9c1e9a039fba8.jpg,2008_003562_jpg.rf.941184e686e6b63270b9c1e9a039fba8.txt
2008_003161_jpg.rf.83b0ed7319ff0b383caba1c82d67a027.jpg,2008_003161_jpg.rf.83b0ed7319ff0b383caba1c82d67a027.txt
2008_003753_jpg.rf.7d7640ea33628daeddefbd72c46da5ce.jpg,2008_003753_jpg.rf.7d7640ea33628daeddefbd72c46da5ce.txt
2008_003499_jpg.rf.3879c67337beb200725036e84ccfc6cc.jpg,2008_003499_jpg.rf.3879c67337beb200725036e84ccfc6cc.txt
2009_004083_jpg.rf.212e2869fbe5a76fc60cc125b21fd4dd.jpg,2009_004083_jpg.rf.212e2869fbe5a76fc60cc125b21fd4dd.txt
2009_003900_jpg.rf.774021167bc4cec4dbe560598a0cca7f.jpg,2009_003900_jpg.rf.774021167bc4cec4dbe560598a0cca7f.txt
2009_003888_jpg.rf.805bbcf69fcea99554e1f7c80525f86e.jpg,2009_003888_jpg.rf.805bbcf69fcea99554e1f7c80525f86e.txt
2008_002954_jpg.rf.dc0de27deab16ca03957ecd90b41f100.jpg,2008_002954_jpg.rf.dc0de27deab16ca03957ecd90b41f100.txt
2008_007039_jpg.rf.a10f48daff6b2e8f2f515ed12680bb1e.jpg,2008_007039_jpg.rf.a10f48daff6b2e8f2f515ed12680bb1e.txt
2008_006816_jpg.rf.0567767ebfe61ec78bfefecd8ade7c12.jpg,2008_006816_jpg.rf.0567767ebfe61ec78bfefecd8ade7c12.txt
2011_004425_jpg.rf.1eda2080be58050177aa627750b42440.jpg,2011_004425_jpg.rf.1eda2080be58050177aa627750b42440.txt
2008_008147_jpg.rf.e8e3d67a87b5257a756f3f6e30060011.jpg,2008_008147_jpg.rf.e8e3d67a87b5257a756f3f6e30060011.txt
2009_002676_jpg.rf.308d7f980f5aaabd370869955283329f.jpg,2009_002676_jpg.rf.308d7f980f5aaabd370869955283329f.txt
2009_002350_jpg.rf.9645cab89e405ae1f247a47a3c179f96.jpg,2009_002350_jpg.rf.9645cab89e405ae1f247a47a3c179f96.txt
2009_002432_jpg.rf.052f2ee5a88d93206d9c6d6b53cec7f5.jpg,2009_002432_jpg.rf.052f2ee5a88d93206d9c6d6b53cec7f5.txt
2011_004267_jpg.rf.fdac207c782c640af70cdbf7d254cb94.jpg,2011_004267_jpg.rf.fdac207c782c640af70cdbf7d254cb94.txt
2009_004958_jpg.rf.82a651dc7f03dcb394c57875b2fa1888.jpg,2009_004958_jpg.rf.82a651dc7f03dcb394c57875b2fa1888.txt
2009_003677_jpg.rf.b09a3542dabd14a7d7a98fe2952a50c7.jpg,2009_003677_jpg.rf.b09a3542dabd14a7d7a98fe2952a50c7.txt
2008_003635_jpg.rf.d86ec4cc5b7b4b3dd67bd6e0b0d21514.jpg,2008_003635_jpg.rf.d86ec4cc5b7b4b3dd67bd6e0b0d21514.txt
2009_004527_jpg.rf.9e92f2e6a1eb9f95b44da6f08e79c429.jpg,2009_004527_jpg.rf.9e92f2e6a1eb9f95b44da6f08e79c429.txt
2008_007688_jpg.rf.04d4a8571d19369b4877589ced97c27c.jpg,2008_007688_jpg.rf.04d4a8571d19369b4877589ced97c27c.txt
2008_006841_jpg.rf.9f24ede9265c0718e2f8b0ae7d93bb4b.jpg,2008_006841_jpg.rf.9f24ede9265c0718e2f8b0ae7d93bb4b.txt
2009_002219_jpg.rf.3e9d4c084c56756cae10953e298ca434.jpg,2009_002219_jpg.rf.3e9d4c084c56756cae10953e298ca434.txt
2008_003225_jpg.rf.f49775e3a0b29148259232b39cedeec9.jpg,2008_003225_jpg.rf.f49775e3a0b29148259232b39cedeec9.txt
2011_003931_jpg.rf.095e900a64890031c4cf907fc8a2b0f2.jpg,2011_003931_jpg.rf.095e900a64890031c4cf907fc8a2b0f2.txt
2009_002717_jpg.rf.2698c4c47d6f90eb77630976c2765320.jpg,2009_002717_jpg.rf.2698c4c47d6f90eb77630976c2765320.txt
2008_006700_jpg.rf.68573ca592acc232ec30f4201027e16a.jpg,2008_006700_jpg.rf.68573ca592acc232ec30f4201027e16a.txt
2009_004683_jpg.rf.57fe5fafb5a071d49f8be48d99efdb2e.jpg,2009_004683_jpg.rf.57fe5fafb5a071d49f8be48d99efdb2e.txt
2008_007131_jpg.rf.0e77bb2ed15500ecad13f9c72f9d2264.jpg,2008_007131_jpg.rf.0e77bb2ed15500ecad13f9c72f9d2264.txt
2009_003466_jpg.rf.9806287634591946a2b1f125f1712b73.jpg,2009_003466_jpg.rf.9806287634591946a2b1f125f1712b73.txt
2009_004667_jpg.rf.79f007e380cbfb0c3f6f246a6c4f81a2.jpg,2009_004667_jpg.rf.79f007e380cbfb0c3f6f246a6c4f81a2.txt
2011_004238_jpg.rf.9aaf90e91d98f42b25ed53678c60bee9.jpg,2011_004238_jpg.rf.9aaf90e91d98f42b25ed53678c60bee9.txt
2009_004034_jpg.rf.214789e5f2f081d32bb8c830d2265fbe.jpg,2009_004034_jpg.rf.214789e5f2f081d32bb8c830d2265fbe.txt
2008_006424_jpg.rf.afd91bcb0e5a78471c9c5a63c296170d.jpg,2008_006424_jpg.rf.afd91bcb0e5a78471c9c5a63c296170d.txt
2008_007706_jpg.rf.d79e7d0efbe534cf327553bc9479e01d.jpg,2008_007706_jpg.rf.d79e7d0efbe534cf327553bc9479e01d.txt
2011_003410_jpg.rf.103596a1edacd1acb313031fc261913d.jpg,2011_003410_jpg.rf.103596a1edacd1acb313031fc261913d.txt
2011_004500_jpg.rf.2379c04f931418113022f97817a30157.jpg,2011_004500_jpg.rf.2379c04f931418113022f97817a30157.txt
2011_003465_jpg.rf.96e17f62f35c4d5dcd1d331095034c40.jpg,2011_003465_jpg.rf.96e17f62f35c4d5dcd1d331095034c40.txt
2011_003664_jpg.rf.c4524d65097946a23185b2bf2324c8dd.jpg,2011_003664_jpg.rf.c4524d65097946a23185b2bf2324c8dd.txt
2011_003669_jpg.rf.28b6966d7cd38e9ca359174ffe796544.jpg,2011_003669_jpg.rf.28b6966d7cd38e9ca359174ffe796544.txt
2008_007486_jpg.rf.c89c3f2c41873e8b47665add5057a89f.jpg,2008_007486_jpg.rf.c89c3f2c41873e8b47665add5057a89f.txt
2008_007415_jpg.rf.de2d68ca6fec99affb20a03dd785e2a6.jpg,2008_007415_jpg.rf.de2d68ca6fec99affb20a03dd785e2a6.txt
2009_005057_jpg.rf.c329d519c5f915a9a86d9ce5f4c8308d.jpg,2009_005057_jpg.rf.c329d519c5f915a9a86d9ce5f4c8308d.txt
2008_007048_jpg.rf.d9f3a9b3a441073d0beb348d034692ce.jpg,2008_007048_jpg.rf.d9f3a9b3a441073d0beb348d034692ce.txt
2009_004519_jpg.rf.80b477ea677cd65f045976d8b1946d7a.jpg,2009_004519_jpg.rf.80b477ea677cd65f045976d8b1946d7a.txt
2009_003647_jpg.rf.09c4660e2af4ffd913d6d7909fed059d.jpg,2009_003647_jpg.rf.09c4660e2af4ffd913d6d7909fed059d.txt
2008_003866_jpg.rf.d26debf72f75ee11ea12b434dfbef4be.jpg,2008_003866_jpg.rf.d26debf72f75ee11ea12b434dfbef4be.txt
2008_007246_jpg.rf.d5f0a7a449a05742a5afd5be43592afc.jpg,2008_007246_jpg.rf.d5f0a7a449a05742a5afd5be43592afc.txt
2009_003563_jpg.rf.19b0c2c557476ca5cc2f0d8ad43d7b6b.jpg,2009_003563_jpg.rf.19b0c2c557476ca5cc2f0d8ad43d7b6b.txt
2008_002735_jpg.rf.3e1a984dd82ee3054b668b7ef56345de.jpg,2008_002735_jpg.rf.3e1a984dd82ee3054b668b7ef56345de.txt
2008_002766_jpg.rf.5597393f77f35f690ac1bd305ca4a29b.jpg,2008_002766_jpg.rf.5597393f77f35f690ac1bd305ca4a29b.txt
2009_002689_jpg.rf.b872d7ed7100d6dbd4e5458e33d6cddd.jpg,2009_002689_jpg.rf.b872d7ed7100d6dbd4e5458e33d6cddd.txt
2008_007470_jpg.rf.bdbae014b1941794ccce9c979355db4a.jpg,2008_007470_jpg.rf.bdbae014b1941794ccce9c979355db4a.txt
2008_003819_jpg.rf.85c4fc5669d17601bf23a91e789587b1.jpg,2008_003819_jpg.rf.85c4fc5669d17601bf23a91e789587b1.txt
2009_005089_jpg.rf.91cb7c5e26f015324b2e7174d7585e61.jpg,2009_005089_jpg.rf.91cb7c5e26f015324b2e7174d7585e61.txt
2011_003348_jpg.rf.266e650b1279111b629e16fd1032ffaf.jpg,2011_003348_jpg.rf.266e650b1279111b629e16fd1032ffaf.txt
2008_002768_jpg.rf.88c22e16d9952e3e4441696df23860d7.jpg,2008_002768_jpg.rf.88c22e16d9952e3e4441696df23860d7.txt
2011_004822_jpg.rf.5818253e1aa572e3d0d07abded59b0da.jpg,2011_004822_jpg.rf.5818253e1aa572e3d0d07abded59b0da.txt
2008_007403_jpg.rf.fe58413568dd4bde067e60f1163648d3.jpg,2008_007403_jpg.rf.fe58413568dd4bde067e60f1163648d3.txt
2008_008404_jpg.rf.3e8141e6f0c8916bd3a8cba7bb1878e1.jpg,2008_008404_jpg.rf.3e8141e6f0c8916bd3a8cba7bb1878e1.txt
2008_006540_jpg.rf.b261b34f434bbe0d404aa3a26cc783b3.jpg,2008_006540_jpg.rf.b261b34f434bbe0d404aa3a26cc783b3.txt
2008_003885_jpg.rf.cd3ac313b48bed0d554ce3ee5fcf0de2.jpg,2008_003885_jpg.rf.cd3ac313b48bed0d554ce3ee5fcf0de2.txt
2009_003181_jpg.rf.4f7ee454dcd792f1d56d6d0ddea64021.jpg,2009_003181_jpg.rf.4f7ee454dcd792f1d56d6d0ddea64021.txt
2009_002983_jpg.rf.1fbd7b0c2ebd2386afe2d86bd821017d.jpg,2009_002983_jpg.rf.1fbd7b0c2ebd2386afe2d86bd821017d.txt
2009_004831_jpg.rf.3d738afa2655b0f29666a71d8d36df30.jpg,2009_004831_jpg.rf.3d738afa2655b0f29666a71d8d36df30.txt
2011_004572_jpg.rf.cbdb7d35649c3c888387118da05b2cfd.jpg,2011_004572_jpg.rf.cbdb7d35649c3c888387118da05b2cfd.txt
2009_003695_jpg.rf.60103b7fd722c503ca2fafe0ac957041.jpg,2009_003695_jpg.rf.60103b7fd722c503ca2fafe0ac957041.txt
2011_005089_jpg.rf.94cc76e784cdced348d4c622983c5531.jpg,2011_005089_jpg.rf.94cc76e784cdced348d4c622983c5531.txt
2008_003081_jpg.rf.624e43d21b54d9f9e49e5ef200653001.jpg,2008_003081_jpg.rf.624e43d21b54d9f9e49e5ef200653001.txt
2008_006566_jpg.rf.7c1ec33d36af3a71c563529cef677db1.jpg,2008_006566_jpg.rf.7c1ec33d36af3a71c563529cef677db1.txt
2008_002686_jpg.rf.7529eb84e1dead71ecf3352564e35e29.jpg,2008_002686_jpg.rf.7529eb84e1dead71ecf3352564e35e29.txt
2011_004785_jpg.rf.23eecbc41bd2e5c6249d3f3bcf4e2080.jpg,2011_004785_jpg.rf.23eecbc41bd2e5c6249d3f3bcf4e2080.txt
2008_007167_jpg.rf.c1e29655a3b39910061b26a2454ac4cc.jpg,2008_007167_jpg.rf.c1e29655a3b39910061b26a2454ac4cc.txt
2011_003598_jpg.rf.98f32221dca3c3945eb1016c8637062c.jpg,2011_003598_jpg.rf.98f32221dca3c3945eb1016c8637062c.txt
2009_003843_jpg.rf.0141775e8800aad0350c4b020945d0c1.jpg,2009_003843_jpg.rf.0141775e8800aad0350c4b020945d0c1.txt
2008_008217_jpg.rf.255f0054e931d5a8817197d5cd53fc95.jpg,2008_008217_jpg.rf.255f0054e931d5a8817197d5cd53fc95.txt
2009_003088_jpg.rf.cc70d52b05d7da3b6e873db3d8bda4bc.jpg,2009_003088_jpg.rf.cc70d52b05d7da3b6e873db3d8bda4bc.txt
2009_002149_jpg.rf.0907161f6249174e1900beb286221006.jpg,2009_002149_jpg.rf.0907161f6249174e1900beb286221006.txt
2011_003271_jpg.rf.0b7e8bf8ee22e5dcd9c920d3c392904b.jpg,2011_003271_jpg.rf.0b7e8bf8ee22e5dcd9c920d3c392904b.txt
2011_003602_jpg.rf.ed2ff7fef69aff8e6e4c3c735fa1a8cc.jpg,2011_003602_jpg.rf.ed2ff7fef69aff8e6e4c3c735fa1a8cc.txt
2008_008141_jpg.rf.5955e0379f81590fdbff6ede3bfd043a.jpg,2008_008141_jpg.rf.5955e0379f81590fdbff6ede3bfd043a.txt
2008_007698_jpg.rf.3e4baee24d44f9245b65db6c419a46df.jpg,2008_007698_jpg.rf.3e4baee24d44f9245b65db6c419a46df.txt
2011_004506_jpg.rf.5580987ed844333b3ab3be9872b30a0a.jpg,2011_004506_jpg.rf.5580987ed844333b3ab3be9872b30a0a.txt
2008_003426_jpg.rf.c04d033cbf94201906c7e0a94a1def1a.jpg,2008_003426_jpg.rf.c04d033cbf94201906c7e0a94a1def1a.txt
2008_007214_jpg.rf.9e21f2102430c220a7f341641db85919.jpg,2008_007214_jpg.rf.9e21f2102430c220a7f341641db85919.txt
2009_004382_jpg.rf.bcf857da34057b7340d4a32d3bc6ff0b.jpg,2009_004382_jpg.rf.bcf857da34057b7340d4a32d3bc6ff0b.txt
2008_008103_jpg.rf.a7ad2127af12008723ca826f834e8b4d.jpg,2008_008103_jpg.rf.a7ad2127af12008723ca826f834e8b4d.txt
2008_003498_jpg.rf.bda768d5f3a9f2249f8adcc5e3480ed0.jpg,2008_003498_jpg.rf.bda768d5f3a9f2249f8adcc5e3480ed0.txt
2009_004095_jpg.rf.9b4db9c4b623cc67a09c02f914a323f1.jpg,2009_004095_jpg.rf.9b4db9c4b623cc67a09c02f914a323f1.txt
2009_004100_jpg.rf.5f752b153d2f74bff72bca5c58647720.jpg,2009_004100_jpg.rf.5f752b153d2f74bff72bca5c58647720.txt
2011_004350_jpg.rf.2c412093fa447dc26b151db35327430c.jpg,2011_004350_jpg.rf.2c412093fa447dc26b151db35327430c.txt
2009_002607_jpg.rf.0e443fa7ee0359a72da7b71e942c3f70.jpg,2009_002607_jpg.rf.0e443fa7ee0359a72da7b71e942c3f70.txt
2011_004173_jpg.rf.ad7aaa2a38972103ef37b000f1316123.jpg,2011_004173_jpg.rf.ad7aaa2a38972103ef37b000f1316123.txt
2009_004688_jpg.rf.369c6c5a642b9a9c4338309cff6e27a9.jpg,2009_004688_jpg.rf.369c6c5a642b9a9c4338309cff6e27a9.txt
2008_007025_jpg.rf.acebb616741220dad8d91e07afda3754.jpg,2008_007025_jpg.rf.acebb616741220dad8d91e07afda3754.txt
2011_003780_jpg.rf.fa9896dfcf989b0b111cb4323ddf628b.jpg,2011_003780_jpg.rf.fa9896dfcf989b0b111cb4323ddf628b.txt
2008_008341_jpg.rf.c5e825fc31e40915374d7734ec4249de.jpg,2008_008341_jpg.rf.c5e825fc31e40915374d7734ec4249de.txt
2008_003182_jpg.rf.a64f185aebe540035c13f274d1c51d3a.jpg,2008_003182_jpg.rf.a64f185aebe540035c13f274d1c51d3a.txt
2008_003079_jpg.rf.757a0689f2bcd177d0ef35e735bb735a.jpg,2008_003079_jpg.rf.757a0689f2bcd177d0ef35e735bb735a.txt
2009_002749_jpg.rf.e8c8e9dcb7eed0aff3e423b91231ed71.jpg,2009_002749_jpg.rf.e8c8e9dcb7eed0aff3e423b91231ed71.txt
2009_003043_jpg.rf.2ee5e88bc82372e5d66e2980d6179cb6.jpg,2009_003043_jpg.rf.2ee5e88bc82372e5d66e2980d6179cb6.txt
2008_007417_jpg.rf.1fc98302928e82827e3d1ab945aa8f92.jpg,2008_007417_jpg.rf.1fc98302928e82827e3d1ab945aa8f92.txt
2009_002584_jpg.rf.8b9495874a0b61ae4a27378b7ad28682.jpg,2009_002584_jpg.rf.8b9495874a0b61ae4a27378b7ad28682.txt
2009_002972_jpg.rf.8edf85e988fb1b7e4f11f5f9f3358755.jpg,2009_002972_jpg.rf.8edf85e988fb1b7e4f11f5f9f3358755.txt
2009_003562_jpg.rf.c0fc862a9e324749ee1efc84363f8d46.jpg,2009_003562_jpg.rf.c0fc862a9e324749ee1efc84363f8d46.txt
2008_003921_jpg.rf.a8a68f7854ccd4b813c8c84005cc1bc0.jpg,2008_003921_jpg.rf.a8a68f7854ccd4b813c8c84005cc1bc0.txt
2011_004476_jpg.rf.594ce119dad2947ac71bb2b2c2ffee07.jpg,2011_004476_jpg.rf.594ce119dad2947ac71bb2b2c2ffee07.txt
2008_008279_jpg.rf.a5c0d76302a82ea2c8e8623e16e53855.jpg,2008_008279_jpg.rf.a5c0d76302a82ea2c8e8623e16e53855.txt
2008_003437_jpg.rf.d418cea0971575fa707ebefd354e23c9.jpg,2008_003437_jpg.rf.d418cea0971575fa707ebefd354e23c9.txt
2008_008550_jpg.rf.cfb3e28e79a1ecf6552fae931a9f3b84.jpg,2008_008550_jpg.rf.cfb3e28e79a1ecf6552fae931a9f3b84.txt
2008_008044_jpg.rf.e61e6cc7ca396c90427aacf71d638ca4.jpg,2008_008044_jpg.rf.e61e6cc7ca396c90427aacf71d638ca4.txt
2011_004908_jpg.rf.3a788ba28481653fb6ccad2342d11b66.jpg,2011_004908_jpg.rf.3a788ba28481653fb6ccad2342d11b66.txt
2009_004180_jpg.rf.c12f9f95425a0cd1479f90af7e620c72.jpg,2009_004180_jpg.rf.c12f9f95425a0cd1479f90af7e620c72.txt
2009_005056_jpg.rf.cc3f4bde38f761af71c9eca781825afd.jpg,2009_005056_jpg.rf.cc3f4bde38f761af71c9eca781825afd.txt
2009_002777_jpg.rf.d5a9e9b3f14322179e830c7a5d245a17.jpg,2009_002777_jpg.rf.d5a9e9b3f14322179e830c7a5d245a17.txt
2009_004630_jpg.rf.6b6fcc360302fc31cc0cd09ec40e9816.jpg,2009_004630_jpg.rf.6b6fcc360302fc31cc0cd09ec40e9816.txt
2009_004309_jpg.rf.81a9f6f9e6d70355fc165c07536d4733.jpg,2009_004309_jpg.rf.81a9f6f9e6d70355fc165c07536d4733.txt
2009_004102_jpg.rf.c195b25b174a22bb733ee555016b0711.jpg,2009_004102_jpg.rf.c195b25b174a22bb733ee555016b0711.txt
2008_007804_jpg.rf.4af8967c4cd04ae98de7e45253e56ba2.jpg,2008_007804_jpg.rf.4af8967c4cd04ae98de7e45253e56ba2.txt
2009_002521_jpg.rf.09a650963a05bfaec45fda27a6c3dd4c.jpg,2009_002521_jpg.rf.09a650963a05bfaec45fda27a6c3dd4c.txt
2009_003200_jpg.rf.eedc4b57f87278b5e1994ba7660c1806.jpg,2009_003200_jpg.rf.eedc4b57f87278b5e1994ba7660c1806.txt
2008_007182_jpg.rf.ea63020dbd52c030c46597c0b7838e66.jpg,2008_007182_jpg.rf.ea63020dbd52c030c46597c0b7838e66.txt
2011_004355_jpg.rf.f96b3e013340df6517738d9ae4557c70.jpg,2011_004355_jpg.rf.f96b3e013340df6517738d9ae4557c70.txt
2008_006748_jpg.rf.d1d9614f3cde53de1fe8fd2dc78246ba.jpg,2008_006748_jpg.rf.d1d9614f3cde53de1fe8fd2dc78246ba.txt
2011_004657_jpg.rf.d6f221f60dd76b13d611d17d02be68b2.jpg,2011_004657_jpg.rf.d6f221f60dd76b13d611d17d02be68b2.txt
2009_003116_jpg.rf.16cfbc1a0957663c51b912a33c33e24c.jpg,2009_003116_jpg.rf.16cfbc1a0957663c51b912a33c33e24c.txt
2009_005216_jpg.rf.cc2e3c7c2161b8c536e66ee59b866e92.jpg,2009_005216_jpg.rf.cc2e3c7c2161b8c536e66ee59b866e92.txt
2008_007528_jpg.rf.16b4f772009ca27e0da1bc8cc3cdefe9.jpg,2008_007528_jpg.rf.16b4f772009ca27e0da1bc8cc3cdefe9.txt
2011_003439_jpg.rf.a56b524aa8e150ce9c49f7921decd782.jpg,2011_003439_jpg.rf.a56b524aa8e150ce9c49f7921decd782.txt
2008_003713_jpg.rf.d6d97fdb7806d4c925ed3ae0c096afd7.jpg,2008_003713_jpg.rf.d6d97fdb7806d4c925ed3ae0c096afd7.txt
2011_003637_jpg.rf.3f5f8fb842f6ab776951a24f1dfc218c.jpg,2011_003637_jpg.rf.3f5f8fb842f6ab776951a24f1dfc218c.txt
2009_004497_jpg.rf.cc8902b77d227f0ce37ab74e54a78d35.jpg,2009_004497_jpg.rf.cc8902b77d227f0ce37ab74e54a78d35.txt
2008_007073_jpg.rf.0e4b873d39cb4a257b9d59ce63f89f75.jpg,2008_007073_jpg.rf.0e4b873d39cb4a257b9d59ce63f89f75.txt
2011_004915_jpg.rf.3f055a612de140196feee63cbcaa1934.jpg,2011_004915_jpg.rf.3f055a612de140196feee63cbcaa1934.txt
2008_003575_jpg.rf.4b6637c4d4c53abf3b9b0a16db795fcf.jpg,2008_003575_jpg.rf.4b6637c4d4c53abf3b9b0a16db795fcf.txt
2011_004089_jpg.rf.54c5c7641a7a7a17efbab5a1ead0becc.jpg,2011_004089_jpg.rf.54c5c7641a7a7a17efbab5a1ead0becc.txt
2008_006635_jpg.rf.8fd14d6a9ce374db162fe7da419177e6.jpg,2008_006635_jpg.rf.8fd14d6a9ce374db162fe7da419177e6.txt
2008_003033_jpg.rf.69b58321366d906aae3c532e451bb2f3.jpg,2008_003033_jpg.rf.69b58321366d906aae3c532e451bb2f3.txt
2009_005078_jpg.rf.35473207b834525c2c900c8e4f6f582d.jpg,2009_005078_jpg.rf.35473207b834525c2c900c8e4f6f582d.txt
2009_002741_jpg.rf.0c13e95fcd0a125af8330c9b7aa749a8.jpg,2009_002741_jpg.rf.0c13e95fcd0a125af8330c9b7aa749a8.txt
2008_007305_jpg.rf.2440f3aa24e0d3562261abec1d77a3b5.jpg,2008_007305_jpg.rf.2440f3aa24e0d3562261abec1d77a3b5.txt
2011_004526_jpg.rf.ca6b60235050f9bb8ab9fbcfa1818da7.jpg,2011_004526_jpg.rf.ca6b60235050f9bb8ab9fbcfa1818da7.txt
2008_003461_jpg.rf.d3fa694d6bd48ae0a18969329ee55bf5.jpg,2008_003461_jpg.rf.d3fa694d6bd48ae0a18969329ee55bf5.txt
2008_003926_jpg.rf.e6561eced9713c87046ec4b727cf2fe0.jpg,2008_003926_jpg.rf.e6561eced9713c87046ec4b727cf2fe0.txt
2009_002515_jpg.rf.d43be592564ab14235f47f8cfa7c6b0f.jpg,2009_002515_jpg.rf.d43be592564ab14235f47f8cfa7c6b0f.txt
2009_005075_jpg.rf.92d85459afbc9c02be698c57255462fc.jpg,2009_005075_jpg.rf.92d85459afbc9c02be698c57255462fc.txt
2008_006421_jpg.rf.c0fcaec0147865e90dd165aeed9596a3.jpg,2008_006421_jpg.rf.c0fcaec0147865e90dd165aeed9596a3.txt
2009_003422_jpg.rf.3ef91a2e606624e9ad6cc8a83e77d4f7.jpg,2009_003422_jpg.rf.3ef91a2e606624e9ad6cc8a83e77d4f7.txt
2009_004272_jpg.rf.d3c7875aeaa97d8707013beff8987347.jpg,2009_004272_jpg.rf.d3c7875aeaa97d8707013beff8987347.txt
2008_007273_jpg.rf.734d46bc2352e762f453f74071c7a97a.jpg,2008_007273_jpg.rf.734d46bc2352e762f453f74071c7a97a.txt
2011_003716_jpg.rf.ce19e828ada7f1282224b1d522394dd5.jpg,2011_003716_jpg.rf.ce19e828ada7f1282224b1d522394dd5.txt
2009_003624_jpg.rf.56f3cc29cc88e695e63b399cbe654a5b.jpg,2009_003624_jpg.rf.56f3cc29cc88e695e63b399cbe654a5b.txt
2009_005120_jpg.rf.5b78fda9ffbf4ef1728186d0754919b1.jpg,2009_005120_jpg.rf.5b78fda9ffbf4ef1728186d0754919b1.txt
2011_003878_jpg.rf.9bb2bd632eab15a0bcbcb3bbf31f246a.jpg,2011_003878_jpg.rf.9bb2bd632eab15a0bcbcb3bbf31f246a.txt
2011_004786_jpg.rf.c1f41f914fdd346dd08374872419501a.jpg,2011_004786_jpg.rf.c1f41f914fdd346dd08374872419501a.txt
2008_008004_jpg.rf.b0e3c7c784927aa875daebdb90f2d585.jpg,2008_008004_jpg.rf.b0e3c7c784927aa875daebdb90f2d585.txt
2009_004895_jpg.rf.ff9d0fcb6a12e7ce58f1bd0461296a9c.jpg,2009_004895_jpg.rf.ff9d0fcb6a12e7ce58f1bd0461296a9c.txt
2009_003870_jpg.rf.622f67f9886a566a6b485affb0894c1d.jpg,2009_003870_jpg.rf.622f67f9886a566a6b485affb0894c1d.txt
2008_003120_jpg.rf.f52b907e09c9314d536e845fd2f3b7e6.jpg,2008_003120_jpg.rf.f52b907e09c9314d536e845fd2f3b7e6.txt
2011_004869_jpg.rf.378226e78b174e8d92b095131625ddf4.jpg,2011_004869_jpg.rf.378226e78b174e8d92b095131625ddf4.txt
2009_003108_jpg.rf.486555cc8540d05be5304cdeac520dd0.jpg,2009_003108_jpg.rf.486555cc8540d05be5304cdeac520dd0.txt
2011_004966_jpg.rf.31963d9559b523e50822cbc1f454044a.jpg,2011_004966_jpg.rf.31963d9559b523e50822cbc1f454044a.txt
2009_004377_jpg.rf.810f68d80fca98758010fa7ef654fd79.jpg,2009_004377_jpg.rf.810f68d80fca98758010fa7ef654fd79.txt
2011_004856_jpg.rf.2dc9ae5e9691567d140ab20321907686.jpg,2011_004856_jpg.rf.2dc9ae5e9691567d140ab20321907686.txt
2009_002460_jpg.rf.93e63f70cb6c2c4975904c801d476ce6.jpg,2009_002460_jpg.rf.93e63f70cb6c2c4975904c801d476ce6.txt
2009_004126_jpg.rf.c19c645714e8c2074dc60c70f6602a5c.jpg,2009_004126_jpg.rf.c19c645714e8c2074dc60c70f6602a5c.txt
2009_002836_jpg.rf.905b9a1f12a37b351cb24e6ee6590031.jpg,2009_002836_jpg.rf.905b9a1f12a37b351cb24e6ee6590031.txt
2009_004662_jpg.rf.993d116abcd5231041ed71f06425c85e.jpg,2009_004662_jpg.rf.993d116abcd5231041ed71f06425c85e.txt
2009_004055_jpg.rf.c8d2e4f9f1d09eaff15e2e7f418ba140.jpg,2009_004055_jpg.rf.c8d2e4f9f1d09eaff15e2e7f418ba140.txt
2011_004776_jpg.rf.5083e90959711f62f26efd16ee1b94de.jpg,2011_004776_jpg.rf.5083e90959711f62f26efd16ee1b94de.txt
2008_007780_jpg.rf.2f0df02a808659b16c50a80afafbd8cd.jpg,2008_007780_jpg.rf.2f0df02a808659b16c50a80afafbd8cd.txt
2011_003585_jpg.rf.1a38fd305bf97cbd3164a54fe5865b2f.jpg,2011_003585_jpg.rf.1a38fd305bf97cbd3164a54fe5865b2f.txt
2009_002725_jpg.rf.dfce57a9c31fbb05011bc5b3df077bf9.jpg,2009_002725_jpg.rf.dfce57a9c31fbb05011bc5b3df077bf9.txt
2011_004922_jpg.rf.948de21d8c46201861880c5b47eac9cc.jpg,2011_004922_jpg.rf.948de21d8c46201861880c5b47eac9cc.txt
2008_006588_jpg.rf.8f59bb66c1c2e6df5d3c6558824d903a.jpg,2008_006588_jpg.rf.8f59bb66c1c2e6df5d3c6558824d903a.txt
2011_005099_jpg.rf.7c025287ec8144b922e8f3cdbdf4bb57.jpg,2011_005099_jpg.rf.7c025287ec8144b922e8f3cdbdf4bb57.txt
2008_002829_jpg.rf.e196a9ae16179c202497dce46980128e.jpg,2008_002829_jpg.rf.e196a9ae16179c202497dce46980128e.txt
2008_007797_jpg.rf.e68e355c2d2570688cfd0c1fa82540d6.jpg,2008_007797_jpg.rf.e68e355c2d2570688cfd0c1fa82540d6.txt
2009_003196_jpg.rf.11de02194037dc3ae8c2320a0986cd24.jpg,2009_003196_jpg.rf.11de02194037dc3ae8c2320a0986cd24.txt
2009_003614_jpg.rf.0b3925c645df5e595a0f5a2db02965f9.jpg,2009_003614_jpg.rf.0b3925c645df5e595a0f5a2db02965f9.txt
2008_002732_jpg.rf.bf80e4dbfb4a2013cedce78a9234fb9b.jpg,2008_002732_jpg.rf.bf80e4dbfb4a2013cedce78a9234fb9b.txt
2009_004200_jpg.rf.2ab0be3d0a5b3354d2b953c11d809dc9.jpg,2009_004200_jpg.rf.2ab0be3d0a5b3354d2b953c11d809dc9.txt
2008_003264_jpg.rf.09daf75e898f5bcf1b3d1168fe822fc7.jpg,2008_003264_jpg.rf.09daf75e898f5bcf1b3d1168fe822fc7.txt
2008_007587_jpg.rf.edd68e6885fd15508c25342a02aa90c4.jpg,2008_007587_jpg.rf.edd68e6885fd15508c25342a02aa90c4.txt
2009_005069_jpg.rf.d3f6035d1b43d079cc1106294175564e.jpg,2009_005069_jpg.rf.d3f6035d1b43d079cc1106294175564e.txt
2008_003039_jpg.rf.68d7274de5e2cd27e566300f845ae94d.jpg,2008_003039_jpg.rf.68d7274de5e2cd27e566300f845ae94d.txt
2008_002984_jpg.rf.739abb96fe64ef0b20661f607366686c.jpg,2008_002984_jpg.rf.739abb96fe64ef0b20661f607366686c.txt
2009_004018_jpg.rf.8101bd4a3ce99520c201764c4b790b49.jpg,2009_004018_jpg.rf.8101bd4a3ce99520c201764c4b790b49.txt
2009_003986_jpg.rf.42bebb138c4fb4810f664de525f32596.jpg,2009_003986_jpg.rf.42bebb138c4fb4810f664de525f32596.txt
2008_007009_jpg.rf.6ed7f0ac03bbe354d5cb1ce87f908baa.jpg,2008_007009_jpg.rf.6ed7f0ac03bbe354d5cb1ce87f908baa.txt
2008_003382_jpg.rf.9e804e978fd03d5615d1132f4e98ea88.jpg,2008_003382_jpg.rf.9e804e978fd03d5615d1132f4e98ea88.txt
2009_005211_jpg.rf.2b2a9dc2ff65b40c2a1cb6e1f92bd198.jpg,2009_005211_jpg.rf.2b2a9dc2ff65b40c2a1cb6e1f92bd198.txt
2011_003390_jpg.rf.8aa1871cc30e5d7d1ae9dc64916f7d65.jpg,2011_003390_jpg.rf.8aa1871cc30e5d7d1ae9dc64916f7d65.txt
2011_004142_jpg.rf.57b3baa0789bab129ed0e5a57ce48ec2.jpg,2011_004142_jpg.rf.57b3baa0789bab129ed0e5a57ce48ec2.txt
2009_002841_jpg.rf.5cf5dab5e3ba4b62c4e3a62af7229ea4.jpg,2009_002841_jpg.rf.5cf5dab5e3ba4b62c4e3a62af7229ea4.txt
2008_002762_jpg.rf.959c37d7fc026f617efadc5b65094c0f.jpg,2008_002762_jpg.rf.959c37d7fc026f617efadc5b65094c0f.txt
2011_004624_jpg.rf.84314033249c2cf164d6403d3cf8e8b9.jpg,2011_004624_jpg.rf.84314033249c2cf164d6403d3cf8e8b9.txt
2008_008538_jpg.rf.c9e6de5a6c1a660ec6a12a60dd543266.jpg,2008_008538_jpg.rf.c9e6de5a6c1a660ec6a12a60dd543266.txt
2009_002612_jpg.rf.f21501b5931a821c46ad084682b51c40.jpg,2009_002612_jpg.rf.f21501b5931a821c46ad084682b51c40.txt
2008_003745_jpg.rf.61dfc87440153df6c07b646293cf772b.jpg,2008_003745_jpg.rf.61dfc87440153df6c07b646293cf772b.txt
2009_004876_jpg.rf.d2d28f7fb5f8f4be72e63730d1d03a7f.jpg,2009_004876_jpg.rf.d2d28f7fb5f8f4be72e63730d1d03a7f.txt
2009_004166_jpg.rf.39b57110714cbe8ef6a4d563b89833d3.jpg,2009_004166_jpg.rf.39b57110714cbe8ef6a4d563b89833d3.txt
2011_005063_jpg.rf.6794f83ae609c1dafafc4a7102d04ba7.jpg,2011_005063_jpg.rf.6794f83ae609c1dafafc4a7102d04ba7.txt
2008_006609_jpg.rf.9d645aab7f5d06e36e8bcb273af77e5a.jpg,2008_006609_jpg.rf.9d645aab7f5d06e36e8bcb273af77e5a.txt
2009_004718_jpg.rf.199dbb7dbee20236ba55ddf3febe6607.jpg,2009_004718_jpg.rf.199dbb7dbee20236ba55ddf3febe6607.txt
2011_004684_jpg.rf.c938646d29ac6f512152b2f7e22adf2f.jpg,2011_004684_jpg.rf.c938646d29ac6f512152b2f7e22adf2f.txt
2008_002904_jpg.rf.374ce72d8890611054da23ea123ca713.jpg,2008_002904_jpg.rf.374ce72d8890611054da23ea123ca713.txt
2009_004425_jpg.rf.811cdacd7b1885e0e9e457937783fe0a.jpg,2009_004425_jpg.rf.811cdacd7b1885e0e9e457937783fe0a.txt
2008_007623_jpg.rf.dcb4a884a18232dc71f5711090a7c530.jpg,2008_007623_jpg.rf.dcb4a884a18232dc71f5711090a7c530.txt
2009_004173_jpg.rf.f86be4b05ce152f5b1cb6096cd9222a1.jpg,2009_004173_jpg.rf.f86be4b05ce152f5b1cb6096cd9222a1.txt
2011_004960_jpg.rf.72cf9e1303e0aa37890b564f86f28b32.jpg,2011_004960_jpg.rf.72cf9e1303e0aa37890b564f86f28b32.txt
2009_002780_jpg.rf.f3ddb416205a5c27adcc9ddd08ec7c12.jpg,2009_002780_jpg.rf.f3ddb416205a5c27adcc9ddd08ec7c12.txt
2009_002980_jpg.rf.cb13b04d8f89b52416914298502e2c02.jpg,2009_002980_jpg.rf.cb13b04d8f89b52416914298502e2c02.txt
2008_003526_jpg.rf.156fd8a16eea11f36f067d38c322f398.jpg,2008_003526_jpg.rf.156fd8a16eea11f36f067d38c322f398.txt
2008_006900_jpg.rf.150498ab8f096a57705a999a546154f8.jpg,2008_006900_jpg.rf.150498ab8f096a57705a999a546154f8.txt
2008_007169_jpg.rf.2c7f18a98218c07e469b4e88d56661d9.jpg,2008_007169_jpg.rf.2c7f18a98218c07e469b4e88d56661d9.txt
2008_006857_jpg.rf.2ba8ad93db036c35cfdd738f63283467.jpg,2008_006857_jpg.rf.2ba8ad93db036c35cfdd738f63283467.txt
2009_002536_jpg.rf.b70f89e76ebafebbf0a130ae5d496f2c.jpg,2009_002536_jpg.rf.b70f89e76ebafebbf0a130ae5d496f2c.txt
2008_007452_jpg.rf.51d1ef75da92039c8185eacd5f51b0a1.jpg,2008_007452_jpg.rf.51d1ef75da92039c8185eacd5f51b0a1.txt
2008_006873_jpg.rf.d78b005280adcb18642ccc487986afad.jpg,2008_006873_jpg.rf.d78b005280adcb18642ccc487986afad.txt
2009_003168_jpg.rf.4fd3b6b67645ee6480bb0163cc3ddb95.jpg,2009_003168_jpg.rf.4fd3b6b67645ee6480bb0163cc3ddb95.txt
2009_004368_jpg.rf.1aa374bb535dd374c00ecfa7e78f9475.jpg,2009_004368_jpg.rf.1aa374bb535dd374c00ecfa7e78f9475.txt
2008_007319_jpg.rf.92870d9c2454097b6ab3122d19335735.jpg,2008_007319_jpg.rf.92870d9c2454097b6ab3122d19335735.txt
2009_003874_jpg.rf.e4f74b78871111ec9027c135ebb2804e.jpg,2009_003874_jpg.rf.e4f74b78871111ec9027c135ebb2804e.txt
2008_007999_jpg.rf.3d1ab35fccf45ae46f37184507b57306.jpg,2008_007999_jpg.rf.3d1ab35fccf45ae46f37184507b57306.txt
2011_003474_jpg.rf.f273479bd357a4d6b1448af0e6da17b2.jpg,2011_003474_jpg.rf.f273479bd357a4d6b1448af0e6da17b2.txt
2009_004904_jpg.rf.47b6ede561a04d5b3b2df9cd8c31f100.jpg,2009_004904_jpg.rf.47b6ede561a04d5b3b2df9cd8c31f100.txt
2009_004782_jpg.rf.e63ce0a760982c30aff1cfe9e6482500.jpg,2009_004782_jpg.rf.e63ce0a760982c30aff1cfe9e6482500.txt
2009_004324_jpg.rf.ca0957a8702912f226999b57281e0c58.jpg,2009_004324_jpg.rf.ca0957a8702912f226999b57281e0c58.txt
2008_007335_jpg.rf.4aed6e3db873977ddfcc79b484cea215.jpg,2008_007335_jpg.rf.4aed6e3db873977ddfcc79b484cea215.txt
2008_007777_jpg.rf.cf25058a5c7c929b5ec8dc7a2d8eaf26.jpg,2008_007777_jpg.rf.cf25058a5c7c929b5ec8dc7a2d8eaf26.txt
2009_004289_jpg.rf.105790fd013e5a340765d2faabd570d1.jpg,2009_004289_jpg.rf.105790fd013e5a340765d2faabd570d1.txt
2011_004037_jpg.rf.f62697b3aae8ea69f12bfea575322e7b.jpg,2011_004037_jpg.rf.f62697b3aae8ea69f12bfea575322e7b.txt
2008_006761_jpg.rf.04f9be18e0aab90aa6c4ade1640bae98.jpg,2008_006761_jpg.rf.04f9be18e0aab90aa6c4ade1640bae98.txt
2008_007134_jpg.rf.3d4b1926bb40f50d2dc5a7017cbcaed8.jpg,2008_007134_jpg.rf.3d4b1926bb40f50d2dc5a7017cbcaed8.txt
2008_008235_jpg.rf.6cd5b22acf2265b8e53357e49bfef1ab.jpg,2008_008235_jpg.rf.6cd5b22acf2265b8e53357e49bfef1ab.txt
2011_003791_jpg.rf.97c1faf0447255f5de310bffc95dcd57.jpg,2011_003791_jpg.rf.97c1faf0447255f5de310bffc95dcd57.txt
2011_003953_jpg.rf.cbbbf113c52a577a5d57584983a6e88e.jpg,2011_003953_jpg.rf.cbbbf113c52a577a5d57584983a6e88e.txt
2011_003911_jpg.rf.833ee1d8d8e5f566cd2955cb1f6cce4d.jpg,2011_003911_jpg.rf.833ee1d8d8e5f566cd2955cb1f6cce4d.txt
2009_004907_jpg.rf.dea9ce304a4b260eaa24630d1a85c839.jpg,2009_004907_jpg.rf.dea9ce304a4b260eaa24630d1a85c839.txt
2008_006753_jpg.rf.c2d9f785330484e481e57eaa710ececb.jpg,2008_006753_jpg.rf.c2d9f785330484e481e57eaa710ececb.txt
2011_004403_jpg.rf.c9c51464a9b4bee1ec73d207dce7959e.jpg,2011_004403_jpg.rf.c9c51464a9b4bee1ec73d207dce7959e.txt
2009_002645_jpg.rf.35dfc59f3d0febde36f647439ab226d9.jpg,2009_002645_jpg.rf.35dfc59f3d0febde36f647439ab226d9.txt
2009_004614_jpg.rf.872eb91827f5c5da1d4cf451b42be9b7.jpg,2009_004614_jpg.rf.872eb91827f5c5da1d4cf451b42be9b7.txt
2008_006939_jpg.rf.461d5a2fad3c1a7ee6b6c9c43ad135a6.jpg,2008_006939_jpg.rf.461d5a2fad3c1a7ee6b6c9c43ad135a6.txt
2008_006667_jpg.rf.899a77d8b5f72b6651409bf922fce948.jpg,2008_006667_jpg.rf.899a77d8b5f72b6651409bf922fce948.txt
2009_003352_jpg.rf.b644c2a916c27ff3fa432d39d51950f1.jpg,2009_003352_jpg.rf.b644c2a916c27ff3fa432d39d51950f1.txt
2009_003071_jpg.rf.cab0eb1834a30bee15e9e0aff211cbb9.jpg,2009_003071_jpg.rf.cab0eb1834a30bee15e9e0aff211cbb9.txt
2011_004044_jpg.rf.76b4a58e75a66eea250fca0bf19d9967.jpg,2011_004044_jpg.rf.76b4a58e75a66eea250fca0bf19d9967.txt
2009_002419_jpg.rf.715c3894dfa9483d10f32eaa75be7e4d.jpg,2009_002419_jpg.rf.715c3894dfa9483d10f32eaa75be7e4d.txt
2011_004249_jpg.rf.721f38f59bd24803f43fff10ee2a2e39.jpg,2011_004249_jpg.rf.721f38f59bd24803f43fff10ee2a2e39.txt
2008_006717_jpg.rf.127a455b6f80b823f7e099df7a024c99.jpg,2008_006717_jpg.rf.127a455b6f80b823f7e099df7a024c99.txt
2008_007312_jpg.rf.76e25ee31743719550751eca005fa27b.jpg,2008_007312_jpg.rf.76e25ee31743719550751eca005fa27b.txt
2008_006832_jpg.rf.9a2f5dfd4a2e9a8e5ad5dac2cbeff99e.jpg,2008_006832_jpg.rf.9a2f5dfd4a2e9a8e5ad5dac2cbeff99e.txt
2011_003511_jpg.rf.5309fab16dd1c7894b4be2ab5ea3437d.jpg,2011_003511_jpg.rf.5309fab16dd1c7894b4be2ab5ea3437d.txt
2008_006933_jpg.rf.2fff4d6b15b40a74b8f30f7a71d9fdf3.jpg,2008_006933_jpg.rf.2fff4d6b15b40a74b8f30f7a71d9fdf3.txt
2008_002948_jpg.rf.e7153c6422b0ff722d03811f511b8d24.jpg,2008_002948_jpg.rf.e7153c6422b0ff722d03811f511b8d24.txt
2008_007955_jpg.rf.9bb4514a36b5304c1a1c648aa1732e3b.jpg,2008_007955_jpg.rf.9bb4514a36b5304c1a1c648aa1732e3b.txt
2011_004950_jpg.rf.92aadcec68f36640222e433426cfef84.jpg,2011_004950_jpg.rf.92aadcec68f36640222e433426cfef84.txt
2009_003694_jpg.rf.d5e4e691a68eb8d0b07c476e8ba48595.jpg,2009_003694_jpg.rf.d5e4e691a68eb8d0b07c476e8ba48595.txt
2009_004178_jpg.rf.9f5a622d75c7e714e47626960eca43c5.jpg,2009_004178_jpg.rf.9f5a622d75c7e714e47626960eca43c5.txt
2009_002514_jpg.rf.37d3622a3afb89c59b6406824d6c674e.jpg,2009_002514_jpg.rf.37d3622a3afb89c59b6406824d6c674e.txt
2011_004394_jpg.rf.bf24f175c4f5fc1855f5558e0235d723.jpg,2011_004394_jpg.rf.bf24f175c4f5fc1855f5558e0235d723.txt
2009_003829_jpg.rf.eb25966f2243e1583da8ce5cb1652edb.jpg,2009_003829_jpg.rf.eb25966f2243e1583da8ce5cb1652edb.txt
2008_007904_jpg.rf.efd4f587dc9d6cf159290b93d99a4236.jpg,2008_007904_jpg.rf.efd4f587dc9d6cf159290b93d99a4236.txt
2011_004891_jpg.rf.8dbe9e3db413ade0d4a572167046c59c.jpg,2011_004891_jpg.rf.8dbe9e3db413ade0d4a572167046c59c.txt
2008_003829_jpg.rf.19e3ea67df13859b8d0c9bd4e8a8c131.jpg,2008_003829_jpg.rf.19e3ea67df13859b8d0c9bd4e8a8c131.txt
2008_007950_jpg.rf.a1961d3c5226aa92c5083c0c1ca6a843.jpg,2008_007950_jpg.rf.a1961d3c5226aa92c5083c0c1ca6a843.txt
2011_003392_jpg.rf.bd1a9935ad222c80fba146bb23f6fd56.jpg,2011_003392_jpg.rf.bd1a9935ad222c80fba146bb23f6fd56.txt
2008_003326_jpg.rf.ca8d00667de4cc2796f595977fcb3c7e.jpg,2008_003326_jpg.rf.ca8d00667de4cc2796f595977fcb3c7e.txt
2009_004868_jpg.rf.f15e0c26c64e2bebfc5ac7619ff7ba6e.jpg,2009_004868_jpg.rf.f15e0c26c64e2bebfc5ac7619ff7ba6e.txt
2011_003540_jpg.rf.e728dba0a27c0e84c8770fea4f7a0e1e.jpg,2011_003540_jpg.rf.e728dba0a27c0e84c8770fea4f7a0e1e.txt
2011_004605_jpg.rf.45c772660ced7161bc0c51e78d38fa0e.jpg,2011_004605_jpg.rf.45c772660ced7161bc0c51e78d38fa0e.txt
2011_004154_jpg.rf.1208765cd0e90f40d349e30d3ce5fbd7.jpg,2011_004154_jpg.rf.1208765cd0e90f40d349e30d3ce5fbd7.txt
2008_003152_jpg.rf.ebcddb600d0d10f88b5655d6aae0d682.jpg,2008_003152_jpg.rf.ebcddb600d0d10f88b5655d6aae0d682.txt
2008_003799_jpg.rf.436a0d3ce0c6707c8d8e2d126a064f94.jpg,2008_003799_jpg.rf.436a0d3ce0c6707c8d8e2d126a064f94.txt
2011_003952_jpg.rf.7237dfa811370e96951031bd479c7860.jpg,2011_003952_jpg.rf.7237dfa811370e96951031bd479c7860.txt
2008_006419_jpg.rf.c4e4afaccd8299a7130a68feb3cae832.jpg,2008_006419_jpg.rf.c4e4afaccd8299a7130a68feb3cae832.txt
2008_003402_jpg.rf.4c3e0f065c95fbb52b39d78f582b0114.jpg,2008_003402_jpg.rf.4c3e0f065c95fbb52b39d78f582b0114.txt
2009_003249_jpg.rf.f4798b47159f97b965c5bd4574395855.jpg,2009_003249_jpg.rf.f4798b47159f97b965c5bd4574395855.txt
2008_007794_jpg.rf.f49f573614e35a85186e1a67550a3593.jpg,2008_007794_jpg.rf.f49f573614e35a85186e1a67550a3593.txt
2008_008579_jpg.rf.9c8c8488c10af034afd10e44416f883a.jpg,2008_008579_jpg.rf.9c8c8488c10af034afd10e44416f883a.txt
2008_003493_jpg.rf.a120b49ab69e9fca579c6b32fc8223c3.jpg,2008_003493_jpg.rf.a120b49ab69e9fca579c6b32fc8223c3.txt
2009_005060_jpg.rf.a99bb98856291c1e890d39bc9811c377.jpg,2009_005060_jpg.rf.a99bb98856291c1e890d39bc9811c377.txt
2011_003926_jpg.rf.2c790e6483e16abddf55d86281149e8a.jpg,2011_003926_jpg.rf.2c790e6483e16abddf55d86281149e8a.txt
2008_006458_jpg.rf.d5f131171a160825e223fd427384643e.jpg,2008_006458_jpg.rf.d5f131171a160825e223fd427384643e.txt
2009_003453_jpg.rf.c3b22e6170350be9f22dbbfbe8a90fc4.jpg,2009_003453_jpg.rf.c3b22e6170350be9f22dbbfbe8a90fc4.txt
2009_002586_jpg.rf.ebb1d324ebc266e05cd781d8481e5090.jpg,2009_002586_jpg.rf.ebb1d324ebc266e05cd781d8481e5090.txt
2008_006645_jpg.rf.acdb8ed5c1f686f24cb3d493e97347ed.jpg,2008_006645_jpg.rf.acdb8ed5c1f686f24cb3d493e97347ed.txt
2008_003303_jpg.rf.532a676cbe7910cc0d47454eda1ba40f.jpg,2008_003303_jpg.rf.532a676cbe7910cc0d47454eda1ba40f.txt
2008_006797_jpg.rf.7a23afd387c8536afac6f0e34b6e3b9b.jpg,2008_006797_jpg.rf.7a23afd387c8536afac6f0e34b6e3b9b.txt
2009_005147_jpg.rf.20c6e7e1d8e4f8dd691b20d2183f0e2a.jpg,2009_005147_jpg.rf.20c6e7e1d8e4f8dd691b20d2183f0e2a.txt
2008_008200_jpg.rf.9fb01b84740b07a18b5ec0b50e233bf7.jpg,2008_008200_jpg.rf.9fb01b84740b07a18b5ec0b50e233bf7.txt
2011_004290_jpg.rf.a3fbd54009f4eff462173066f7c79017.jpg,2011_004290_jpg.rf.a3fbd54009f4eff462173066f7c79017.txt
2008_007497_jpg.rf.0ef8f5340cd95b6685e67770050b363b.jpg,2008_007497_jpg.rf.0ef8f5340cd95b6685e67770050b363b.txt
2008_003270_jpg.rf.a643a8bde40f4ca7ebaa01a85034face.jpg,2008_003270_jpg.rf.a643a8bde40f4ca7ebaa01a85034face.txt
2009_004913_jpg.rf.38e29ecd6a2a55508ca604d1109d6dc9.jpg,2009_004913_jpg.rf.38e29ecd6a2a55508ca604d1109d6dc9.txt
2009_004070_jpg.rf.4e083999766cbb853bff3851d1758311.jpg,2009_004070_jpg.rf.4e083999766cbb853bff3851d1758311.txt
2008_002831_jpg.rf.6af369ca3aed539bc7aeda6eaf8cef57.jpg,2008_002831_jpg.rf.6af369ca3aed539bc7aeda6eaf8cef57.txt
2009_005171_jpg.rf.ce363e62044a4d4cfda91e650747d600.jpg,2009_005171_jpg.rf.ce363e62044a4d4cfda91e650747d600.txt
2008_003249_jpg.rf.8e051f26bcbf70c4287e45222738b660.jpg,2008_003249_jpg.rf.8e051f26bcbf70c4287e45222738b660.txt
2011_003908_jpg.rf.109578d1860727203ea05eb8604fe126.jpg,2011_003908_jpg.rf.109578d1860727203ea05eb8604fe126.txt
2008_003636_jpg.rf.196775611af33fabf0c445ea90cf6ea5.jpg,2008_003636_jpg.rf.196775611af33fabf0c445ea90cf6ea5.txt
2008_003547_jpg.rf.b67fd7988c83f6dfccf2532dcb12a507.jpg,2008_003547_jpg.rf.b67fd7988c83f6dfccf2532dcb12a507.txt
2008_003464_jpg.rf.dba25ec82178881cbf935fa75a6d7ebe.jpg,2008_003464_jpg.rf.dba25ec82178881cbf935fa75a6d7ebe.txt
2009_003378_jpg.rf.168489a37010256582c2f97d13672789.jpg,2009_003378_jpg.rf.168489a37010256582c2f97d13672789.txt
2009_004096_jpg.rf.7cb247290451c4d09a2f1f7333298208.jpg,2009_004096_jpg.rf.7cb247290451c4d09a2f1f7333298208.txt
2009_002363_jpg.rf.93054751ad3a766f5fec2c72b39aa1f3.jpg,2009_002363_jpg.rf.93054751ad3a766f5fec2c72b39aa1f3.txt
2008_008150_jpg.rf.c93ac9e1bda08495d94ddfcfc301e4e0.jpg,2008_008150_jpg.rf.c93ac9e1bda08495d94ddfcfc301e4e0.txt
2009_004139_jpg.rf.5e2f06784fb34d3afc8e4d5a76f94600.jpg,2009_004139_jpg.rf.5e2f06784fb34d3afc8e4d5a76f94600.txt
2011_004214_jpg.rf.8a765eccfa2c9fc7fa12a87600f33a8f.jpg,2011_004214_jpg.rf.8a765eccfa2c9fc7fa12a87600f33a8f.txt
2009_004322_jpg.rf.288225447de61d0fa5b7d616eba7f722.jpg,2009_004322_jpg.rf.288225447de61d0fa5b7d616eba7f722.txt
2011_003320_jpg.rf.c7a8ae7c3aff123461d893354df99e2d.jpg,2011_003320_jpg.rf.c7a8ae7c3aff123461d893354df99e2d.txt
2009_002477_jpg.rf.cc27567cc536fccf20e3d0b9abda08ee.jpg,2009_002477_jpg.rf.cc27567cc536fccf20e3d0b9abda08ee.txt
2008_003504_jpg.rf.d2592a17ae154cde614dbe22b7810189.jpg,2008_003504_jpg.rf.d2592a17ae154cde614dbe22b7810189.txt
2011_004854_jpg.rf.d306e33361804e6944955b7204d7653f.jpg,2011_004854_jpg.rf.d306e33361804e6944955b7204d7653f.txt
2008_006506_jpg.rf.43f353bb32167f6596190ec2320581b0.jpg,2008_006506_jpg.rf.43f353bb32167f6596190ec2320581b0.txt
2011_003524_jpg.rf.276d9052a4c2e61c1899f9a41c317f08.jpg,2011_003524_jpg.rf.276d9052a4c2e61c1899f9a41c317f08.txt
2009_003132_jpg.rf.be33779db89adf8a2a1a807c19fef41f.jpg,2009_003132_jpg.rf.be33779db89adf8a2a1a807c19fef41f.txt
2009_003656_jpg.rf.91c8589ea6b75344f8d1ddf0924a2761.jpg,2009_003656_jpg.rf.91c8589ea6b75344f8d1ddf0924a2761.txt
2009_004540_jpg.rf.7a0b43a3aa40b6beb5a67171c0668134.jpg,2009_004540_jpg.rf.7a0b43a3aa40b6beb5a67171c0668134.txt
2009_002999_jpg.rf.15e551a11e4212572cc15c090df8f055.jpg,2009_002999_jpg.rf.15e551a11e4212572cc15c090df8f055.txt
2008_008066_jpg.rf.2007ab7ed8388281e5f8ddeb700575c8.jpg,2008_008066_jpg.rf.2007ab7ed8388281e5f8ddeb700575c8.txt
2008_002983_jpg.rf.b5fb0c38aaf22de9a997a68fdac70a79.jpg,2008_002983_jpg.rf.b5fb0c38aaf22de9a997a68fdac70a79.txt
2008_003883_jpg.rf.9fe39ebce534ccd2691d4f3322e2bcdc.jpg,2008_003883_jpg.rf.9fe39ebce534ccd2691d4f3322e2bcdc.txt
2008_007461_jpg.rf.04436f7ea4cbfdea3cda62f84c6c654b.jpg,2008_007461_jpg.rf.04436f7ea4cbfdea3cda62f84c6c654b.txt
2009_002358_jpg.rf.94e8b09ab4686fbc9bc4cc93e58668dc.jpg,2009_002358_jpg.rf.94e8b09ab4686fbc9bc4cc93e58668dc.txt
2009_004455_jpg.rf.a20c2825c85b5e490b7eb6507440c618.jpg,2009_004455_jpg.rf.a20c2825c85b5e490b7eb6507440c618.txt
2008_007119_jpg.rf.ef7329b726d119c8396434bfb8f57c1a.jpg,2008_007119_jpg.rf.ef7329b726d119c8396434bfb8f57c1a.txt
2008_003874_jpg.rf.ba3cdf27d5308b6b3dd39b32deefee81.jpg,2008_003874_jpg.rf.ba3cdf27d5308b6b3dd39b32deefee81.txt
2011_003869_jpg.rf.9085952d51e233ad569254bcc4c8a012.jpg,2011_003869_jpg.rf.9085952d51e233ad569254bcc4c8a012.txt
2009_003544_jpg.rf.084b6b62994ad55b3b8d26f67be46d72.jpg,2009_003544_jpg.rf.084b6b62994ad55b3b8d26f67be46d72.txt
2011_004068_jpg.rf.04c2b9abd78865805a532560085c2672.jpg,2011_004068_jpg.rf.04c2b9abd78865805a532560085c2672.txt
2009_002850_jpg.rf.ca6b9c2f80bf902f1511bf3124f7c65c.jpg,2009_002850_jpg.rf.ca6b9c2f80bf902f1511bf3124f7c65c.txt
2008_007817_jpg.rf.d5cafe0740ce01e6fda108b47d693dd2.jpg,2008_007817_jpg.rf.d5cafe0740ce01e6fda108b47d693dd2.txt
2008_006890_jpg.rf.46e348e8b2f83b0e4e2d066528a0ec50.jpg,2008_006890_jpg.rf.46e348e8b2f83b0e4e2d066528a0ec50.txt
2008_007726_jpg.rf.2d730aee3f0866add0f1e78014dac612.jpg,2008_007726_jpg.rf.2d730aee3f0866add0f1e78014dac612.txt
2009_002984_jpg.rf.e0df02bbae42773eecfbb46d8ae588fb.jpg,2009_002984_jpg.rf.e0df02bbae42773eecfbb46d8ae588fb.txt
2009_004501_jpg.rf.d6f9c2d0473b65bb4e6a27da7b20ae4c.jpg,2009_004501_jpg.rf.d6f9c2d0473b65bb4e6a27da7b20ae4c.txt
2009_005104_jpg.rf.252b0c25fa7b49b65166592e05b808e3.jpg,2009_005104_jpg.rf.252b0c25fa7b49b65166592e05b808e3.txt
2009_004375_jpg.rf.49c3231f6767078052d60d6f52c03f17.jpg,2009_004375_jpg.rf.49c3231f6767078052d60d6f52c03f17.txt
2009_005000_jpg.rf.1a162a5cc21d20474c2a4a7b4f0c916c.jpg,2009_005000_jpg.rf.1a162a5cc21d20474c2a4a7b4f0c916c.txt
2009_003440_jpg.rf.5932aa93ee6c91a776a23e8c6aa50ac8.jpg,2009_003440_jpg.rf.5932aa93ee6c91a776a23e8c6aa50ac8.txt
2008_002993_jpg.rf.2583f5fefe5a20579650effecd9be1d2.jpg,2008_002993_jpg.rf.2583f5fefe5a20579650effecd9be1d2.txt
2011_003311_jpg.rf.79ae6a4d980cefa098c17180bef36cc0.jpg,2011_003311_jpg.rf.79ae6a4d980cefa098c17180bef36cc0.txt
2009_004987_jpg.rf.789ceb10abf02f1fb6a1fc67ab98fcea.jpg,2009_004987_jpg.rf.789ceb10abf02f1fb6a1fc67ab98fcea.txt
2009_004229_jpg.rf.3685c0ba29b0cf01cfd1918b34224393.jpg,2009_004229_jpg.rf.3685c0ba29b0cf01cfd1918b34224393.txt
2011_004447_jpg.rf.4b8d38174e1afa264d765941ec9aecd4.jpg,2011_004447_jpg.rf.4b8d38174e1afa264d765941ec9aecd4.txt
2009_002711_jpg.rf.64a1a23730f91141fe4c4916d335f13c.jpg,2009_002711_jpg.rf.64a1a23730f91141fe4c4916d335f13c.txt
2008_007458_jpg.rf.82213d6acf7702a32b7e90b3215dafaf.jpg,2008_007458_jpg.rf.82213d6acf7702a32b7e90b3215dafaf.txt
2011_004673_jpg.rf.e5cb929ec59ca5587633a79eaae0e92f.jpg,2011_004673_jpg.rf.e5cb929ec59ca5587633a79eaae0e92f.txt
2009_003542_jpg.rf.2085816e68294ae87ba2fb298a90cfe6.jpg,2009_003542_jpg.rf.2085816e68294ae87ba2fb298a90cfe6.txt
2008_006579_jpg.rf.49b0b7748e507288b8f9da6c12b0fa2f.jpg,2008_006579_jpg.rf.49b0b7748e507288b8f9da6c12b0fa2f.txt
2008_008232_jpg.rf.f6f1c36d15cd7da30a7138e61fe75e2b.jpg,2008_008232_jpg.rf.f6f1c36d15cd7da30a7138e61fe75e2b.txt
2008_007323_jpg.rf.907950fe02bfaf7f3e159b3119321bdb.jpg,2008_007323_jpg.rf.907950fe02bfaf7f3e159b3119321bdb.txt
2009_003396_jpg.rf.7ca79343f33f207a18610f39fdd002f6.jpg,2009_003396_jpg.rf.7ca79343f33f207a18610f39fdd002f6.txt
2009_004885_jpg.rf.7ea167cd30794d7c75e3726e02116012.jpg,2009_004885_jpg.rf.7ea167cd30794d7c75e3726e02116012.txt
2011_003978_jpg.rf.efcd01b525e780cf65fbb954be7383dd.jpg,2011_003978_jpg.rf.efcd01b525e780cf65fbb954be7383dd.txt
2009_004579_jpg.rf.bd040e38a1158d8295043cae75fc5e58.jpg,2009_004579_jpg.rf.bd040e38a1158d8295043cae75fc5e58.txt
2009_002517_jpg.rf.6bfd27d5c44c3dd6168bdf4af330398b.jpg,2009_002517_jpg.rf.6bfd27d5c44c3dd6168bdf4af330398b.txt
2011_004505_jpg.rf.fc7df1d687e007db4b941ff5e63373db.jpg,2011_004505_jpg.rf.fc7df1d687e007db4b941ff5e63373db.txt
2011_004352_jpg.rf.48fe6b6b41a39fc581d7e7bd25c3f432.jpg,2011_004352_jpg.rf.48fe6b6b41a39fc581d7e7bd25c3f432.txt
2011_004724_jpg.rf.65690efd701cead1c8d7a47168c66085.jpg,2011_004724_jpg.rf.65690efd701cead1c8d7a47168c66085.txt
2011_004477_jpg.rf.f7aeba8c45c5b6069aa26ab7b17f4dfc.jpg,2011_004477_jpg.rf.f7aeba8c45c5b6069aa26ab7b17f4dfc.txt
2008_002956_jpg.rf.bab635a3e20c57595b0912ec6bedd844.jpg,2008_002956_jpg.rf.bab635a3e20c57595b0912ec6bedd844.txt
2008_007250_jpg.rf.be0bd48212482fef76217a77cb15e7df.jpg,2008_007250_jpg.rf.be0bd48212482fef76217a77cb15e7df.txt
2009_005061_jpg.rf.5edaca296254b6f9a54345bf9d57a376.jpg,2009_005061_jpg.rf.5edaca296254b6f9a54345bf9d57a376.txt
2008_003062_jpg.rf.cad0466e0fcc009fce018af278fe5031.jpg,2008_003062_jpg.rf.cad0466e0fcc009fce018af278fe5031.txt
2009_003487_jpg.rf.15002abc7a56cbd93112cc2333765782.jpg,2009_003487_jpg.rf.15002abc7a56cbd93112cc2333765782.txt
2008_003780_jpg.rf.522c36c38c47b8eb7baee42b71942265.jpg,2008_003780_jpg.rf.522c36c38c47b8eb7baee42b71942265.txt
2011_003566_jpg.rf.6c93455102fe9ac783c5b627cdf67839.jpg,2011_003566_jpg.rf.6c93455102fe9ac783c5b627cdf67839.txt
2011_004870_jpg.rf.9a3c4bbdebfdeff4b5447a39e4dfeb39.jpg,2011_004870_jpg.rf.9a3c4bbdebfdeff4b5447a39e4dfeb39.txt
2009_004301_jpg.rf.facc1d93df1a32aa610612185987ddf8.jpg,2009_004301_jpg.rf.facc1d93df1a32aa610612185987ddf8.txt
2009_004249_jpg.rf.1ae8efdbc4136b7d2037c686cee95a15.jpg,2009_004249_jpg.rf.1ae8efdbc4136b7d2037c686cee95a15.txt
2008_008233_jpg.rf.4672c87e08632c5f6c14df735a73a317.jpg,2008_008233_jpg.rf.4672c87e08632c5f6c14df735a73a317.txt
2011_003520_jpg.rf.a22c12efd8415ab369cbe15a60e8853c.jpg,2011_003520_jpg.rf.a22c12efd8415ab369cbe15a60e8853c.txt
2008_008392_jpg.rf.3bce765c88710bfa10b05a6cd3ba76ba.jpg,2008_008392_jpg.rf.3bce765c88710bfa10b05a6cd3ba76ba.txt
2008_006650_jpg.rf.29e462f9fa3c080172ccbae42b97bc1e.jpg,2008_006650_jpg.rf.29e462f9fa3c080172ccbae42b97bc1e.txt
2008_003380_jpg.rf.e83c7bbc000fbb9a45a6949e08d6c333.jpg,2008_003380_jpg.rf.e83c7bbc000fbb9a45a6949e08d6c333.txt
2009_003950_jpg.rf.1ae735ee08b1961dd977bf928eb6b5d7.jpg,2009_003950_jpg.rf.1ae735ee08b1961dd977bf928eb6b5d7.txt
2009_004161_jpg.rf.84ab6cdbe82ba7dd2bfee9523575869f.jpg,2009_004161_jpg.rf.84ab6cdbe82ba7dd2bfee9523575869f.txt
2009_002842_jpg.rf.208e3fe3fafd2ab793630fd2fb87c0ea.jpg,2009_002842_jpg.rf.208e3fe3fafd2ab793630fd2fb87c0ea.txt
2008_007382_jpg.rf.a5e1b4161d68fc4edef697de5ffb0dfa.jpg,2008_007382_jpg.rf.a5e1b4161d68fc4edef697de5ffb0dfa.txt
2011_003432_jpg.rf.ad096048a629778ed2eeaee7b1d08b8c.jpg,2011_003432_jpg.rf.ad096048a629778ed2eeaee7b1d08b8c.txt
2009_002175_jpg.rf.510ffe762923da1431be23d2ccddcdf4.jpg,2009_002175_jpg.rf.510ffe762923da1431be23d2ccddcdf4.txt
2008_002794_jpg.rf.13b7df49a0649525ea4b041cf49e6d9f.jpg,2008_002794_jpg.rf.13b7df49a0649525ea4b041cf49e6d9f.txt
2009_004040_jpg.rf.30bb86543105dd5ab7a125ca055fc34c.jpg,2009_004040_jpg.rf.30bb86543105dd5ab7a125ca055fc34c.txt
2008_007589_jpg.rf.aedfc46e09d2e37106a2201c40287b4d.jpg,2008_007589_jpg.rf.aedfc46e09d2e37106a2201c40287b4d.txt
2009_004945_jpg.rf.f80bab7b4416644a9d3dd16fd6872964.jpg,2009_004945_jpg.rf.f80bab7b4416644a9d3dd16fd6872964.txt
2009_003183_jpg.rf.9bab10755d60ea74b7253909cf69d55c.jpg,2009_003183_jpg.rf.9bab10755d60ea74b7253909cf69d55c.txt
2008_003178_jpg.rf.3551a8e2f4e3c1a9dcf992f25fda9eb6.jpg,2008_003178_jpg.rf.3551a8e2f4e3c1a9dcf992f25fda9eb6.txt
2009_004202_jpg.rf.54f5ab1ab00f630d80705a1267e67fda.jpg,2009_004202_jpg.rf.54f5ab1ab00f630d80705a1267e67fda.txt
2008_003334_jpg.rf.2009e540e8dc788e16aa49ee2bc37930.jpg,2008_003334_jpg.rf.2009e540e8dc788e16aa49ee2bc37930.txt
2009_003385_jpg.rf.f598d6c34c25d35b2c0a3848b696ed6f.jpg,2009_003385_jpg.rf.f598d6c34c25d35b2c0a3848b696ed6f.txt
2009_004021_jpg.rf.eb5702c7dd996eae8591ba8834fb09cd.jpg,2009_004021_jpg.rf.eb5702c7dd996eae8591ba8834fb09cd.txt
2009_003688_jpg.rf.7b366a9066018c250acc7ba33d8ecc6c.jpg,2009_003688_jpg.rf.7b366a9066018c250acc7ba33d8ecc6c.txt
2008_003261_jpg.rf.b6bc7ab1eef1bcc55c4ccd8bd22acd80.jpg,2008_003261_jpg.rf.b6bc7ab1eef1bcc55c4ccd8bd22acd80.txt
2008_003511_jpg.rf.19185485b2a9c1f22c48e7de78aa3705.jpg,2008_003511_jpg.rf.19185485b2a9c1f22c48e7de78aa3705.txt
2008_003521_jpg.rf.0c4577a43f8f5d127191e34c6ea93800.jpg,2008_003521_jpg.rf.0c4577a43f8f5d127191e34c6ea93800.txt
2008_007839_jpg.rf.a845c929a2e4465592d22530bccb10e9.jpg,2008_007839_jpg.rf.a845c929a2e4465592d22530bccb10e9.txt
2008_003297_jpg.rf.0632d47c2317c550d4d39fc5c33b167d.jpg,2008_003297_jpg.rf.0632d47c2317c550d4d39fc5c33b167d.txt
2008_003057_jpg.rf.18132fcd479602ed30f7cc38ecdfce37.jpg,2008_003057_jpg.rf.18132fcd479602ed30f7cc38ecdfce37.txt
2009_003916_jpg.rf.b49034dacc5feb7ef506e107efcd0648.jpg,2009_003916_jpg.rf.b49034dacc5feb7ef506e107efcd0648.txt
2009_003059_jpg.rf.451d0b03923f59ee2f4e3dd094390274.jpg,2009_003059_jpg.rf.451d0b03923f59ee2f4e3dd094390274.txt
2008_006959_jpg.rf.f282cdb53de483b56298a77412d718c7.jpg,2008_006959_jpg.rf.f282cdb53de483b56298a77412d718c7.txt
2008_006660_jpg.rf.a6e20cb6e0afe9b933410280375856dc.jpg,2008_006660_jpg.rf.a6e20cb6e0afe9b933410280375856dc.txt
2009_002254_jpg.rf.df192943038dffd9bf6745bd11d10217.jpg,2009_002254_jpg.rf.df192943038dffd9bf6745bd11d10217.txt
2008_003075_jpg.rf.259d3adfb0924310ad0d4133036eb38d.jpg,2008_003075_jpg.rf.259d3adfb0924310ad0d4133036eb38d.txt
2008_008197_jpg.rf.b0cac6f1855774a311d33c0d2d13b25b.jpg,2008_008197_jpg.rf.b0cac6f1855774a311d33c0d2d13b25b.txt
2008_006879_jpg.rf.78b74bdfc56355c95cbca3dcbc7af178.jpg,2008_006879_jpg.rf.78b74bdfc56355c95cbca3dcbc7af178.txt
2009_004888_jpg.rf.b10ed8f43a9bbbad104250682debeaa1.jpg,2009_004888_jpg.rf.b10ed8f43a9bbbad104250682debeaa1.txt
2009_002814_jpg.rf.f65ba5075684976c0f497478cd557c4a.jpg,2009_002814_jpg.rf.f65ba5075684976c0f497478cd557c4a.txt
2011_004426_jpg.rf.8ca0b77362c954dc6cca5108a9420dab.jpg,2011_004426_jpg.rf.8ca0b77362c954dc6cca5108a9420dab.txt
2008_007076_jpg.rf.9ce93431f35e28ec9f7b5994cc2e77a3.jpg,2008_007076_jpg.rf.9ce93431f35e28ec9f7b5994cc2e77a3.txt
2009_003394_jpg.rf.d241711969866f862809a00f21591731.jpg,2009_003394_jpg.rf.d241711969866f862809a00f21591731.txt
2008_007042_jpg.rf.eb298ee28d84144a78f1196ecbe5e681.jpg,2008_007042_jpg.rf.eb298ee28d84144a78f1196ecbe5e681.txt
2008_006629_jpg.rf.cab37170a364025b8dbeeda13a592877.jpg,2008_006629_jpg.rf.cab37170a364025b8dbeeda13a592877.txt
2009_002806_jpg.rf.ea4f9a45b4c959ab5ebe0c85c2ed4159.jpg,2009_002806_jpg.rf.ea4f9a45b4c959ab5ebe0c85c2ed4159.txt
2008_003350_jpg.rf.7abbeac39814f4a688ed0a9d123d9f51.jpg,2008_003350_jpg.rf.7abbeac39814f4a688ed0a9d123d9f51.txt
2011_004540_jpg.rf.32ed7b0710888a716fc6a2624cc9f126.jpg,2011_004540_jpg.rf.32ed7b0710888a716fc6a2624cc9f126.txt
2011_004660_jpg.rf.15b054a797a4d706ea301a87e238d530.jpg,2011_004660_jpg.rf.15b054a797a4d706ea301a87e238d530.txt
2009_004300_jpg.rf.bae6a7a235e439eadbc4f0f178674069.jpg,2009_004300_jpg.rf.bae6a7a235e439eadbc4f0f178674069.txt
2009_002176_jpg.rf.ec57b0da9a590e89e7e587f7f06d4fbc.jpg,2009_002176_jpg.rf.ec57b0da9a590e89e7e587f7f06d4fbc.txt
2009_002298_jpg.rf.96ed6fda6d3887e53d19c1ed2346f1dc.jpg,2009_002298_jpg.rf.96ed6fda6d3887e53d19c1ed2346f1dc.txt
2011_004067_jpg.rf.ee9fb60087e76b927025f854f8e61a38.jpg,2011_004067_jpg.rf.ee9fb60087e76b927025f854f8e61a38.txt
2011_004289_jpg.rf.5c31eb6e5bb988cca7f7a4845deb9b10.jpg,2011_004289_jpg.rf.5c31eb6e5bb988cca7f7a4845deb9b10.txt
2008_007709_jpg.rf.cbf255a38093c743863362ae6e7a5797.jpg,2008_007709_jpg.rf.cbf255a38093c743863362ae6e7a5797.txt
2008_007237_jpg.rf.87b7679afd9588e5a15f344bbc9a57c2.jpg,2008_007237_jpg.rf.87b7679afd9588e5a15f344bbc9a57c2.txt
2009_003218_jpg.rf.c81b3efd26b36bc2ef973ab8da5f256a.jpg,2009_003218_jpg.rf.c81b3efd26b36bc2ef973ab8da5f256a.txt
2008_003680_jpg.rf.74511c437738009c871c5d7cc1339ded.jpg,2008_003680_jpg.rf.74511c437738009c871c5d7cc1339ded.txt
2008_008476_jpg.rf.026170120064f86930c4b43df1e44504.jpg,2008_008476_jpg.rf.026170120064f86930c4b43df1e44504.txt
2011_004861_jpg.rf.3c5db727debbbfef6bc80ce1caf6d6c7.jpg,2011_004861_jpg.rf.3c5db727debbbfef6bc80ce1caf6d6c7.txt
2011_003618_jpg.rf.488b4bff93aee1321ec248cd4043146a.jpg,2011_003618_jpg.rf.488b4bff93aee1321ec248cd4043146a.txt
2011_005075_jpg.rf.72fdea71ebd7abe38d6f1971a808d5df.jpg,2011_005075_jpg.rf.72fdea71ebd7abe38d6f1971a808d5df.txt
2011_004627_jpg.rf.3df15a9c4101652ae744fec4bdf90e77.jpg,2011_004627_jpg.rf.3df15a9c4101652ae744fec4bdf90e77.txt
2011_003951_jpg.rf.36409abe545c1519e8d4adff942976e5.jpg,2011_003951_jpg.rf.36409abe545c1519e8d4adff942976e5.txt
2008_007156_jpg.rf.6b7910e13ef142789a6155f115e63db4.jpg,2008_007156_jpg.rf.6b7910e13ef142789a6155f115e63db4.txt
2009_002146_jpg.rf.7c9621a465c3acb8c624f0cc85691d77.jpg,2009_002146_jpg.rf.7c9621a465c3acb8c624f0cc85691d77.txt
2009_002800_jpg.rf.4f80b4f09c1f277193723f9aa98e8200.jpg,2009_002800_jpg.rf.4f80b4f09c1f277193723f9aa98e8200.txt
2008_007075_jpg.rf.cd8de8e4fb25e824f6ec495bbc4886c4.jpg,2008_007075_jpg.rf.cd8de8e4fb25e824f6ec495bbc4886c4.txt
2008_006986_jpg.rf.3f395a1a5171741dfbe104f28dad0f2d.jpg,2008_006986_jpg.rf.3f395a1a5171741dfbe104f28dad0f2d.txt
2009_004858_jpg.rf.eb8bafc1dd62429159ca5e04c0a91538.jpg,2009_004858_jpg.rf.eb8bafc1dd62429159ca5e04c0a91538.txt
2008_007662_jpg.rf.eb02d119141a8c4246c81d8815df64bc.jpg,2008_007662_jpg.rf.eb02d119141a8c4246c81d8815df64bc.txt
2008_003629_jpg.rf.9ad53921fae04c402159dd938e04b465.jpg,2008_003629_jpg.rf.9ad53921fae04c402159dd938e04b465.txt
2008_003003_jpg.rf.7ba831938245da6c2a63fccf904d4632.jpg,2008_003003_jpg.rf.7ba831938245da6c2a63fccf904d4632.txt
2009_004479_jpg.rf.d90d4f29a371d3cce2d9063fa3128dea.jpg,2009_004479_jpg.rf.d90d4f29a371d3cce2d9063fa3128dea.txt
2011_003977_jpg.rf.1817f98e1b19460eda6fb34b25387037.jpg,2011_003977_jpg.rf.1817f98e1b19460eda6fb34b25387037.txt
2008_006980_jpg.rf.5727bd78cf59644a30798dab165c5c40.jpg,2008_006980_jpg.rf.5727bd78cf59644a30798dab165c5c40.txt
2008_007596_jpg.rf.4ec9f1a673fa2a2baeffa7feba3b016f.jpg,2008_007596_jpg.rf.4ec9f1a673fa2a2baeffa7feba3b016f.txt
2011_005096_jpg.rf.521b6ab0794cf2e6eedfaf1df154a0d6.jpg,2011_005096_jpg.rf.521b6ab0794cf2e6eedfaf1df154a0d6.txt
2009_003698_jpg.rf.66c7011b793d6b27ab18fa409973defa.jpg,2009_003698_jpg.rf.66c7011b793d6b27ab18fa409973defa.txt
2008_007444_jpg.rf.2521f0cb3604434e8d953305ef15c420.jpg,2008_007444_jpg.rf.2521f0cb3604434e8d953305ef15c420.txt
2008_006467_jpg.rf.946b9a0f89eb5ec63274964d7fc1c7a6.jpg,2008_006467_jpg.rf.946b9a0f89eb5ec63274964d7fc1c7a6.txt
2009_004417_jpg.rf.3f70587206e3ff55089b2f0f773bd0b8.jpg,2009_004417_jpg.rf.3f70587206e3ff55089b2f0f773bd0b8.txt
2008_003718_jpg.rf.6c595a45b382204973928e410df8ff34.jpg,2008_003718_jpg.rf.6c595a45b382204973928e410df8ff34.txt
2008_002887_jpg.rf.95875c6d72d2ce5415d680bb161d3f18.jpg,2008_002887_jpg.rf.95875c6d72d2ce5415d680bb161d3f18.txt
2011_005136_jpg.rf.a1e16a97c0f1b946b41c02a64f3e2b0e.jpg,2011_005136_jpg.rf.a1e16a97c0f1b946b41c02a64f3e2b0e.txt
2009_004745_jpg.rf.9c9339b39f1352d188b4e62449d6a47c.jpg,2009_004745_jpg.rf.9c9339b39f1352d188b4e62449d6a47c.txt
2009_002714_jpg.rf.0080cddf084ff4ce23353bbe378be16b.jpg,2009_002714_jpg.rf.0080cddf084ff4ce23353bbe378be16b.txt
2011_004331_jpg.rf.491d348e9b25f77b8b70e99b2302b500.jpg,2011_004331_jpg.rf.491d348e9b25f77b8b70e99b2302b500.txt
2008_006677_jpg.rf.0d493b57585162b48c53ebe912b5bc6a.jpg,2008_006677_jpg.rf.0d493b57585162b48c53ebe912b5bc6a.txt
2009_003458_jpg.rf.f2a4807db290187b32d42062664f96c1.jpg,2009_003458_jpg.rf.f2a4807db290187b32d42062664f96c1.txt
2009_003757_jpg.rf.c95b5b7e69f7fc577882ea899a0ae12b.jpg,2009_003757_jpg.rf.c95b5b7e69f7fc577882ea899a0ae12b.txt
2009_005042_jpg.rf.5d02b93f3d867ba7131cf0c3cb4a3fb2.jpg,2009_005042_jpg.rf.5d02b93f3d867ba7131cf0c3cb4a3fb2.txt
2008_007472_jpg.rf.ce180e0a9ed6e34ab2b08c4e8ac651c8.jpg,2008_007472_jpg.rf.ce180e0a9ed6e34ab2b08c4e8ac651c8.txt
2008_006663_jpg.rf.f8372461c93f694f055d642bd3077b16.jpg,2008_006663_jpg.rf.f8372461c93f694f055d642bd3077b16.txt
2008_006500_jpg.rf.84a8846de853a981f075e84570885fc3.jpg,2008_006500_jpg.rf.84a8846de853a981f075e84570885fc3.txt
2009_004922_jpg.rf.d0f58d8a9ce3cbd3aec6f1dcc456b07a.jpg,2009_004922_jpg.rf.d0f58d8a9ce3cbd3aec6f1dcc456b07a.txt
2011_003941_jpg.rf.d90c0cde10689936f4e7d2f1676274c0.jpg,2011_003941_jpg.rf.d90c0cde10689936f4e7d2f1676274c0.txt
2009_003800_jpg.rf.a9ab46cfe93c79ec9a9be0bcf7ef8a87.jpg,2009_003800_jpg.rf.a9ab46cfe93c79ec9a9be0bcf7ef8a87.txt
2008_003682_jpg.rf.0fc87facb24361173ce87cfd6e010bdb.jpg,2008_003682_jpg.rf.0fc87facb24361173ce87cfd6e010bdb.txt
2009_004031_jpg.rf.3825eb5ca2433672dc65f796dc8b05b1.jpg,2009_004031_jpg.rf.3825eb5ca2433672dc65f796dc8b05b1.txt
2009_003795_jpg.rf.3bb01697d73ab2fcd03cc3e01fcee570.jpg,2009_003795_jpg.rf.3bb01697d73ab2fcd03cc3e01fcee570.txt
2008_002736_jpg.rf.8f43ecb9e57980c765d8fca4a6093e4a.jpg,2008_002736_jpg.rf.8f43ecb9e57980c765d8fca4a6093e4a.txt
2008_007766_jpg.rf.37b6a91a52f5468a389adea69e509a93.jpg,2008_007766_jpg.rf.37b6a91a52f5468a389adea69e509a93.txt
2008_002872_jpg.rf.0d201ca66c8c58408a7706329b91d3a2.jpg,2008_002872_jpg.rf.0d201ca66c8c58408a7706329b91d3a2.txt
2008_007852_jpg.rf.8afd4760e90024c56ec4ea9a1d0ff3bd.jpg,2008_007852_jpg.rf.8afd4760e90024c56ec4ea9a1d0ff3bd.txt
2009_002597_jpg.rf.582c06cc651a8b34fae70f0d0c05a208.jpg,2009_002597_jpg.rf.582c06cc651a8b34fae70f0d0c05a208.txt
2009_005181_jpg.rf.b399442ee74b5c1930644e2fc7d8f7c3.jpg,2009_005181_jpg.rf.b399442ee74b5c1930644e2fc7d8f7c3.txt
2008_008022_jpg.rf.85245b0097be690b4afdb29a8bd92704.jpg,2008_008022_jpg.rf.85245b0097be690b4afdb29a8bd92704.txt
2008_006979_jpg.rf.20abc4307c44057ba0e72bf139638489.jpg,2008_006979_jpg.rf.20abc4307c44057ba0e72bf139638489.txt
2009_004847_jpg.rf.33a2337cdf05c03c3536eb50969e7ae4.jpg,2009_004847_jpg.rf.33a2337cdf05c03c3536eb50969e7ae4.txt
2008_006992_jpg.rf.7159a8158087d9df4f037b3b93bf98f8.jpg,2008_006992_jpg.rf.7159a8158087d9df4f037b3b93bf98f8.txt
2008_006662_jpg.rf.b14b0a0d91af013d36f5a9163ecd3b03.jpg,2008_006662_jpg.rf.b14b0a0d91af013d36f5a9163ecd3b03.txt
2011_004802_jpg.rf.819ecd518482f3bccb21b0048bff470e.jpg,2011_004802_jpg.rf.819ecd518482f3bccb21b0048bff470e.txt
2009_003994_jpg.rf.341979d5b91e6fb387da8b7f99e17a83.jpg,2009_003994_jpg.rf.341979d5b91e6fb387da8b7f99e17a83.txt
2011_003801_jpg.rf.e8d7d2eac3f3a3f5a14fb55b1e315c4d.jpg,2011_003801_jpg.rf.e8d7d2eac3f3a3f5a14fb55b1e315c4d.txt
2009_004567_jpg.rf.8aac82f4b0f9c95e5557cd182fa317dd.jpg,2009_004567_jpg.rf.8aac82f4b0f9c95e5557cd182fa317dd.txt
2008_008053_jpg.rf.ad171002f0ec07e687bacf9eaa1deae8.jpg,2008_008053_jpg.rf.ad171002f0ec07e687bacf9eaa1deae8.txt
2009_004971_jpg.rf.e280f7078c43f9e0dd6c155029f3e3c4.jpg,2009_004971_jpg.rf.e280f7078c43f9e0dd6c155029f3e3c4.txt
2008_008526_jpg.rf.63d5325235a12642cc3f7cfc10dabe68.jpg,2008_008526_jpg.rf.63d5325235a12642cc3f7cfc10dabe68.txt
2008_006885_jpg.rf.5fa1845f8f59fa715abbca8cceccf775.jpg,2008_006885_jpg.rf.5fa1845f8f59fa715abbca8cceccf775.txt
2008_008356_jpg.rf.d9a4ca6d261032fc1c704cc177cbcfe0.jpg,2008_008356_jpg.rf.d9a4ca6d261032fc1c704cc177cbcfe0.txt
2008_006784_jpg.rf.610c382b0b6a28a3c04739e0366332e9.jpg,2008_006784_jpg.rf.610c382b0b6a28a3c04739e0366332e9.txt
2011_004342_jpg.rf.4c0cb46875d8d09acad40b720ec995b1.jpg,2011_004342_jpg.rf.4c0cb46875d8d09acad40b720ec995b1.txt
2008_006526_jpg.rf.98ae47b3e52aa2292aec9445f8f143a2.jpg,2008_006526_jpg.rf.98ae47b3e52aa2292aec9445f8f143a2.txt
2011_005003_jpg.rf.7e403be9a19f6afaab71eeca31b099b4.jpg,2011_005003_jpg.rf.7e403be9a19f6afaab71eeca31b099b4.txt
2009_004823_jpg.rf.f61419632c191b29f48be47624377ff1.jpg,2009_004823_jpg.rf.f61419632c191b29f48be47624377ff1.txt
2009_004019_jpg.rf.15761fcdbd58b9a1991f6246f1496dfd.jpg,2009_004019_jpg.rf.15761fcdbd58b9a1991f6246f1496dfd.txt
2009_004801_jpg.rf.ed92bb4f1f79973888eef6fe9870e217.jpg,2009_004801_jpg.rf.ed92bb4f1f79973888eef6fe9870e217.txt
2008_003330_jpg.rf.3d1f89d15a5ab5f84d3de55ca443f260.jpg,2008_003330_jpg.rf.3d1f89d15a5ab5f84d3de55ca443f260.txt
2009_005221_jpg.rf.d254ac9ab7b2ea7ee575e2a9d15584ab.jpg,2009_005221_jpg.rf.d254ac9ab7b2ea7ee575e2a9d15584ab.txt
2009_004038_jpg.rf.6061c5d745dc5d2b3a536dd254cd854e.jpg,2009_004038_jpg.rf.6061c5d745dc5d2b3a536dd254cd854e.txt
2009_004789_jpg.rf.f059b52a32a8a948d7dac0304e3f81ea.jpg,2009_004789_jpg.rf.f059b52a32a8a948d7dac0304e3f81ea.txt
2008_006534_jpg.rf.e8c91a3a380482bd261818955002c5e4.jpg,2008_006534_jpg.rf.e8c91a3a380482bd261818955002c5e4.txt
2008_007404_jpg.rf.7bae409461b0c623cbb88b9e8f0df8fb.jpg,2008_007404_jpg.rf.7bae409461b0c623cbb88b9e8f0df8fb.txt
2008_008301_jpg.rf.4c5bbe8deb1c976e4c5678090c575947.jpg,2008_008301_jpg.rf.4c5bbe8deb1c976e4c5678090c575947.txt
2008_007217_jpg.rf.07c6c93913ede0a19240f7c418b2af3e.jpg,2008_007217_jpg.rf.07c6c93913ede0a19240f7c418b2af3e.txt
2008_003847_jpg.rf.fd5db835b0f18be9427c402c493d8f3e.jpg,2008_003847_jpg.rf.fd5db835b0f18be9427c402c493d8f3e.txt
2008_002929_jpg.rf.faa9ed2a595c72810a10f8eebd94e08b.jpg,2008_002929_jpg.rf.faa9ed2a595c72810a10f8eebd94e08b.txt
2008_006722_jpg.rf.11d2685a1b09daf131dc2233191857fe.jpg,2008_006722_jpg.rf.11d2685a1b09daf131dc2233191857fe.txt
2008_008050_jpg.rf.72e9675febbfa60aba7dfaeafb87b3e4.jpg,2008_008050_jpg.rf.72e9675febbfa60aba7dfaeafb87b3e4.txt
2008_007142_jpg.rf.b231cc45e3a99d40503e29cdaf68ba94.jpg,2008_007142_jpg.rf.b231cc45e3a99d40503e29cdaf68ba94.txt
2008_003589_jpg.rf.de26345b29b6abfce4463d8e44dfa604.jpg,2008_003589_jpg.rf.de26345b29b6abfce4463d8e44dfa604.txt
2008_003196_jpg.rf.457e92c2167cd98f3737d601de671f32.jpg,2008_003196_jpg.rf.457e92c2167cd98f3737d601de671f32.txt
2011_004909_jpg.rf.3fbd06c74af2c5e79421a14936ec4870.jpg,2011_004909_jpg.rf.3fbd06c74af2c5e79421a14936ec4870.txt
2008_008402_jpg.rf.be52e7e705f9e3ab071c1c38fb2008f7.jpg,2008_008402_jpg.rf.be52e7e705f9e3ab071c1c38fb2008f7.txt
2009_002339_jpg.rf.dc405c262639a95ed65a74709c79dae8.jpg,2009_002339_jpg.rf.dc405c262639a95ed65a74709c79dae8.txt
2011_004524_jpg.rf.beac69e625186c986efa73941cad4d9c.jpg,2011_004524_jpg.rf.beac69e625186c986efa73941cad4d9c.txt
2008_007758_jpg.rf.4ddad3a67d5e6d38721272d79fadaf95.jpg,2008_007758_jpg.rf.4ddad3a67d5e6d38721272d79fadaf95.txt
2008_007504_jpg.rf.7a376884c77e2565be9368d93fbe8add.jpg,2008_007504_jpg.rf.7a376884c77e2565be9368d93fbe8add.txt
2009_002648_jpg.rf.8b928c1f7bca78905a0a71304f510f14.jpg,2009_002648_jpg.rf.8b928c1f7bca78905a0a71304f510f14.txt
2008_003449_jpg.rf.40236f7d2c51b4ee37c53758cf2497e8.jpg,2008_003449_jpg.rf.40236f7d2c51b4ee37c53758cf2497e8.txt
2008_006600_jpg.rf.cbd82238c3915d141e8743827d645b11.jpg,2008_006600_jpg.rf.cbd82238c3915d141e8743827d645b11.txt
2008_007692_jpg.rf.819108c0d6276c60071e4a3c31a22400.jpg,2008_007692_jpg.rf.819108c0d6276c60071e4a3c31a22400.txt
2009_005140_jpg.rf.040e9615b0e72ff56f59d8f18594c150.jpg,2009_005140_jpg.rf.040e9615b0e72ff56f59d8f18594c150.txt
2011_003505_jpg.rf.3e4460887aa4bac5ed814608b2e4b96b.jpg,2011_003505_jpg.rf.3e4460887aa4bac5ed814608b2e4b96b.txt
2009_002960_jpg.rf.7ce6914b2aeed5b59a71f3c72c3de4e4.jpg,2009_002960_jpg.rf.7ce6914b2aeed5b59a71f3c72c3de4e4.txt
2009_003685_jpg.rf.3fea28e2a0a4a422cc53635f88860921.jpg,2009_003685_jpg.rf.3fea28e2a0a4a422cc53635f88860921.txt
2008_006397_jpg.rf.749720b4ff70cf666787497386649bb4.jpg,2008_006397_jpg.rf.749720b4ff70cf666787497386649bb4.txt
2008_003598_jpg.rf.c447d1bbb44eba34a0427c0a49824bc9.jpg,2008_003598_jpg.rf.c447d1bbb44eba34a0427c0a49824bc9.txt
2008_003030_jpg.rf.5a85188f9223c23679577040f0f47f91.jpg,2008_003030_jpg.rf.5a85188f9223c23679577040f0f47f91.txt
2011_004840_jpg.rf.e7e4fdebe424b1a1ad908d9815a22e27.jpg,2011_004840_jpg.rf.e7e4fdebe424b1a1ad908d9815a22e27.txt
2008_007383_jpg.rf.e9ebbbcdcca93ac546fc007a3f664d6a.jpg,2008_007383_jpg.rf.e9ebbbcdcca93ac546fc007a3f664d6a.txt
2011_003858_jpg.rf.0b903b77f61d3ba85a29e5feff40cec1.jpg,2011_003858_jpg.rf.0b903b77f61d3ba85a29e5feff40cec1.txt
2009_002672_jpg.rf.585db312ae992f5e17794e533e12ce1d.jpg,2009_002672_jpg.rf.585db312ae992f5e17794e533e12ce1d.txt
2009_004639_jpg.rf.94a41edac443eee917bc62181c390ee1.jpg,2009_004639_jpg.rf.94a41edac443eee917bc62181c390ee1.txt
2009_003524_jpg.rf.e2cd4f1d30bc5d85d2f2ec197e825d9d.jpg,2009_003524_jpg.rf.e2cd4f1d30bc5d85d2f2ec197e825d9d.txt
2009_003549_jpg.rf.5c87f550b44f63a5600798aa5cb6df20.jpg,2009_003549_jpg.rf.5c87f550b44f63a5600798aa5cb6df20.txt
2009_004243_jpg.rf.eefd907688132bc64e523b6c79fae5fb.jpg,2009_004243_jpg.rf.eefd907688132bc64e523b6c79fae5fb.txt
2011_003475_jpg.rf.56f0c83c90e74a9932b84716778abd06.jpg,2011_003475_jpg.rf.56f0c83c90e74a9932b84716778abd06.txt
2008_003045_jpg.rf.dd3fc437e7a80ebb8ba7c9e8753415ed.jpg,2008_003045_jpg.rf.dd3fc437e7a80ebb8ba7c9e8753415ed.txt
2009_003705_jpg.rf.a850ffbe7d9e2664913b0c688072177a.jpg,2009_003705_jpg.rf.a850ffbe7d9e2664913b0c688072177a.txt
2009_003538_jpg.rf.805a43f9411bcedae817363e4876ec09.jpg,2009_003538_jpg.rf.805a43f9411bcedae817363e4876ec09.txt
2008_008511_jpg.rf.65ce463d2c0715920662b1c9524ce399.jpg,2008_008511_jpg.rf.65ce463d2c0715920662b1c9524ce399.txt
2009_003735_jpg.rf.292a34fea707f91b425887dba85d0d7a.jpg,2009_003735_jpg.rf.292a34fea707f91b425887dba85d0d7a.txt
2009_003241_jpg.rf.c0fa6d95e890d402f4c02369632cb984.jpg,2009_003241_jpg.rf.c0fa6d95e890d402f4c02369632cb984.txt
2009_003460_jpg.rf.fe21f576298e2bb96b11d5dee681939b.jpg,2009_003460_jpg.rf.fe21f576298e2bb96b11d5dee681939b.txt
2009_005178_jpg.rf.d7d506303288a4e659719bbd00e9fda3.jpg,2009_005178_jpg.rf.d7d506303288a4e659719bbd00e9fda3.txt
2009_004514_jpg.rf.087c31e9b9d5a44f40ca3311a2825492.jpg,2009_004514_jpg.rf.087c31e9b9d5a44f40ca3311a2825492.txt
2011_005036_jpg.rf.bbae6bc0dcd6f2ac20a5d4c2edd5588c.jpg,2011_005036_jpg.rf.bbae6bc0dcd6f2ac20a5d4c2edd5588c.txt
2008_003592_jpg.rf.4d065de0c02a3a76d3e81fa576f927e1.jpg,2008_003592_jpg.rf.4d065de0c02a3a76d3e81fa576f927e1.txt
2009_003704_jpg.rf.ec0c09ed595b8fd8944d53941944026a.jpg,2009_003704_jpg.rf.ec0c09ed595b8fd8944d53941944026a.txt
2008_008488_jpg.rf.cf3ee2ef706977504dea76ee1c1b111d.jpg,2008_008488_jpg.rf.cf3ee2ef706977504dea76ee1c1b111d.txt
2009_002774_jpg.rf.0ce25d4d2a4ce3c996b47802b843eb12.jpg,2009_002774_jpg.rf.0ce25d4d2a4ce3c996b47802b843eb12.txt
2008_008572_jpg.rf.ba6df2e60362f8f25f8fab9a43a10cd6.jpg,2008_008572_jpg.rf.ba6df2e60362f8f25f8fab9a43a10cd6.txt
2009_002376_jpg.rf.143c9fed8b65aa81d87c398c51a16bbf.jpg,2009_002376_jpg.rf.143c9fed8b65aa81d87c398c51a16bbf.txt
2008_008057_jpg.rf.d8dcd566d6117c726a00e341e37c45fd.jpg,2008_008057_jpg.rf.d8dcd566d6117c726a00e341e37c45fd.txt
2009_004159_jpg.rf.93cb253267c74ec1ac0b71de6434ae0c.jpg,2009_004159_jpg.rf.93cb253267c74ec1ac0b71de6434ae0c.txt
2008_006512_jpg.rf.4bec2f4e919f170fc093a2e416413058.jpg,2008_006512_jpg.rf.4bec2f4e919f170fc093a2e416413058.txt
2009_004559_jpg.rf.bed0189ed4de23f44afc413941ef9185.jpg,2009_004559_jpg.rf.bed0189ed4de23f44afc413941ef9185.txt
2009_004829_jpg.rf.0828ccfe9517f5a0c56ca142c990cfb4.jpg,2009_004829_jpg.rf.0828ccfe9517f5a0c56ca142c990cfb4.txt
2009_003758_jpg.rf.08e75b4e5a8a403381732bc642bac511.jpg,2009_003758_jpg.rf.08e75b4e5a8a403381732bc642bac511.txt
2011_003401_jpg.rf.ede9e8b8ce8cca8dc1948c40243e6ef8.jpg,2011_003401_jpg.rf.ede9e8b8ce8cca8dc1948c40243e6ef8.txt
2011_003445_jpg.rf.6831682208c7d512d1dced303224f451.jpg,2011_003445_jpg.rf.6831682208c7d512d1dced303224f451.txt
2011_004558_jpg.rf.2d985f63d86207dc939c801b065d04de.jpg,2011_004558_jpg.rf.2d985f63d86207dc939c801b065d04de.txt
2008_007525_jpg.rf.506db626e9ac024b39f8de93814d1640.jpg,2008_007525_jpg.rf.506db626e9ac024b39f8de93814d1640.txt
2011_003748_jpg.rf.0fbd1ef13484f8b1607077ecd702b762.jpg,2011_003748_jpg.rf.0fbd1ef13484f8b1607077ecd702b762.txt
2008_007660_jpg.rf.9c662211f6eafeb5f6a215ffcb1fa055.jpg,2008_007660_jpg.rf.9c662211f6eafeb5f6a215ffcb1fa055.txt
2008_003522_jpg.rf.708d8484356a373f8fc17f180f1ab83f.jpg,2008_003522_jpg.rf.708d8484356a373f8fc17f180f1ab83f.txt
2009_002771_jpg.rf.b4a5f87ef0656243770076892e7430c9.jpg,2009_002771_jpg.rf.b4a5f87ef0656243770076892e7430c9.txt
2008_008403_jpg.rf.fcc49e1e79ae2f1715d40c8e2663058d.jpg,2008_008403_jpg.rf.fcc49e1e79ae2f1715d40c8e2663058d.txt
2009_004635_jpg.rf.25698aa8300a19c34790e6ea29a1205d.jpg,2009_004635_jpg.rf.25698aa8300a19c34790e6ea29a1205d.txt
2011_003675_jpg.rf.774f4f6cbb222d0aeb60407ecdc0ea01.jpg,2011_003675_jpg.rf.774f4f6cbb222d0aeb60407ecdc0ea01.txt
2009_005142_jpg.rf.cbbaab393a6b4e4f40b9c1bcc51b14a4.jpg,2009_005142_jpg.rf.cbbaab393a6b4e4f40b9c1bcc51b14a4.txt
2008_003515_jpg.rf.fdd30e1a53db610542dd60dc3ae3a2ba.jpg,2008_003515_jpg.rf.fdd30e1a53db610542dd60dc3ae3a2ba.txt
2008_006524_jpg.rf.d160d87602bb0df22aa53587085644fe.jpg,2008_006524_jpg.rf.d160d87602bb0df22aa53587085644fe.txt
2008_003242_jpg.rf.8605c753387323bc5d7c82622f1826c5.jpg,2008_003242_jpg.rf.8605c753387323bc5d7c82622f1826c5.txt
2008_003667_jpg.rf.c50151770b409d576b63b42d6f303da2.jpg,2008_003667_jpg.rf.c50151770b409d576b63b42d6f303da2.txt
2008_007973_jpg.rf.720d606ed64e0094c85502b870395e22.jpg,2008_007973_jpg.rf.720d606ed64e0094c85502b870395e22.txt
2011_004581_jpg.rf.3f4167912bdc342f8d017f990ec3cefb.jpg,2011_004581_jpg.rf.3f4167912bdc342f8d017f990ec3cefb.txt
2008_007056_jpg.rf.7f5394296be1b80615c3b9487c6b17b2.jpg,2008_007056_jpg.rf.7f5394296be1b80615c3b9487c6b17b2.txt
2011_004646_jpg.rf.a0c9277e66be9d1c483fa3e5e2ddb27c.jpg,2011_004646_jpg.rf.a0c9277e66be9d1c483fa3e5e2ddb27c.txt
2009_004902_jpg.rf.3edee409ab8c7e3906b23730474bda90.jpg,2009_004902_jpg.rf.3edee409ab8c7e3906b23730474bda90.txt
2009_003901_jpg.rf.0965953ca44fd1e1228bffca94343515.jpg,2009_003901_jpg.rf.0965953ca44fd1e1228bffca94343515.txt
2009_002487_jpg.rf.f15338c95a4b49c587f1dceadd76ee23.jpg,2009_002487_jpg.rf.f15338c95a4b49c587f1dceadd76ee23.txt
2011_003514_jpg.rf.f650cbf9c0ce8b950e2fcee3bf2c67d3.jpg,2011_003514_jpg.rf.f650cbf9c0ce8b950e2fcee3bf2c67d3.txt
2009_003063_jpg.rf.f172c71b0fc0127400c246a9572dfba4.jpg,2009_003063_jpg.rf.f172c71b0fc0127400c246a9572dfba4.txt
2009_004025_jpg.rf.e493050c5d3de83fc720fa8e7ca40db0.jpg,2009_004025_jpg.rf.e493050c5d3de83fc720fa8e7ca40db0.txt
2009_004278_jpg.rf.ca2d42ed67f99e90867fe22c2f2b9c7d.jpg,2009_004278_jpg.rf.ca2d42ed67f99e90867fe22c2f2b9c7d.txt
2009_003347_jpg.rf.d40672a739af8ba0c33ab4d81ccf8005.jpg,2009_003347_jpg.rf.d40672a739af8ba0c33ab4d81ccf8005.txt
2009_004940_jpg.rf.27979f3d1a541473bde029a97f1133b3.jpg,2009_004940_jpg.rf.27979f3d1a541473bde029a97f1133b3.txt
2009_002539_jpg.rf.b86885d67275df48840c68ff08abe60b.jpg,2009_002539_jpg.rf.b86885d67275df48840c68ff08abe60b.txt
2008_006438_jpg.rf.106dd25853d39bb4a4ca049a1d2c5588.jpg,2008_006438_jpg.rf.106dd25853d39bb4a4ca049a1d2c5588.txt
2008_003707_jpg.rf.b0bed404a683e3042b54d8946cdfa053.jpg,2008_003707_jpg.rf.b0bed404a683e3042b54d8946cdfa053.txt
2009_003019_jpg.rf.6dcabd9c38b65ee925e7f91eb1e7506d.jpg,2009_003019_jpg.rf.6dcabd9c38b65ee925e7f91eb1e7506d.txt
2009_002381_jpg.rf.3bdc9c7781310606417d441b773ef10d.jpg,2009_002381_jpg.rf.3bdc9c7781310606417d441b773ef10d.txt
2008_006400_jpg.rf.6d163342fe454cc4bfce25f7d17541bc.jpg,2008_006400_jpg.rf.6d163342fe454cc4bfce25f7d17541bc.txt
2008_007970_jpg.rf.dd8bdb6d5e00589a40ee40867b48669f.jpg,2008_007970_jpg.rf.dd8bdb6d5e00589a40ee40867b48669f.txt
2011_004484_jpg.rf.036de5d5f3334a92d4441593c324ee94.jpg,2011_004484_jpg.rf.036de5d5f3334a92d4441593c324ee94.txt
2011_004127_jpg.rf.55eec1eb1cd6b7eb75c5a3829ee4f84b.jpg,2011_004127_jpg.rf.55eec1eb1cd6b7eb75c5a3829ee4f84b.txt
2009_005201_jpg.rf.cd37f8d6aea2b6d55cf3b3e610e926ee.jpg,2009_005201_jpg.rf.cd37f8d6aea2b6d55cf3b3e610e926ee.txt
2008_007975_jpg.rf.7e023ce8d17a77a8fc314353a18ebc20.jpg,2008_007975_jpg.rf.7e023ce8d17a77a8fc314353a18ebc20.txt
2009_005160_jpg.rf.f91fc07820462bf6e5977025207061ec.jpg,2009_005160_jpg.rf.f91fc07820462bf6e5977025207061ec.txt
2009_002208_jpg.rf.460b170397b1a6679d9c2a44376e3175.jpg,2009_002208_jpg.rf.460b170397b1a6679d9c2a44376e3175.txt
2008_008028_jpg.rf.e19e67d18d1d9b65d921bd5711686c4d.jpg,2008_008028_jpg.rf.e19e67d18d1d9b65d921bd5711686c4d.txt
2009_005040_jpg.rf.760d6cddfde3a7c657d54fe1a2999242.jpg,2009_005040_jpg.rf.760d6cddfde3a7c657d54fe1a2999242.txt
2011_005027_jpg.rf.bf60409e72711d7ee68f8183806685c8.jpg,2011_005027_jpg.rf.bf60409e72711d7ee68f8183806685c8.txt
2008_007105_jpg.rf.9ce2f844dd7c31d1f61f4f09d7a752e2.jpg,2008_007105_jpg.rf.9ce2f844dd7c31d1f61f4f09d7a752e2.txt
2008_008541_jpg.rf.3e08dac1a9c1f1caf159e4d922e61ffc.jpg,2008_008541_jpg.rf.3e08dac1a9c1f1caf159e4d922e61ffc.txt
2009_004212_jpg.rf.991f1f68dfb9f163c8d5f813092098e7.jpg,2009_004212_jpg.rf.991f1f68dfb9f163c8d5f813092098e7.txt
2009_002955_jpg.rf.497ef1dccbe4549f983370c03aaabbfc.jpg,2009_002955_jpg.rf.497ef1dccbe4549f983370c03aaabbfc.txt
2009_002908_jpg.rf.a404e6e328315bcae9f72d634696adbd.jpg,2009_002908_jpg.rf.a404e6e328315bcae9f72d634696adbd.txt
2009_003488_jpg.rf.e4aa33643e07177bf94fc86f062ca290.jpg,2009_003488_jpg.rf.e4aa33643e07177bf94fc86f062ca290.txt
2011_004636_jpg.rf.4ce0e3cfb42c29a0e72b66385b28a593.jpg,2011_004636_jpg.rf.4ce0e3cfb42c29a0e72b66385b28a593.txt
2008_007166_jpg.rf.77edd125cbd870d8613216d123bc3ddf.jpg,2008_007166_jpg.rf.77edd125cbd870d8613216d123bc3ddf.txt
2009_003768_jpg.rf.6d303fa739267d507b39818867b92430.jpg,2009_003768_jpg.rf.6d303fa739267d507b39818867b92430.txt
2008_003108_jpg.rf.04dcc89dcd2ad9c7739fc38f3a369019.jpg,2008_003108_jpg.rf.04dcc89dcd2ad9c7739fc38f3a369019.txt
2008_007321_jpg.rf.2260fd2ce5838f782e74bb9d22e61741.jpg,2008_007321_jpg.rf.2260fd2ce5838f782e74bb9d22e61741.txt
2008_008131_jpg.rf.d4adf69c3c80cf7da6cb3b8d253ecb4b.jpg,2008_008131_jpg.rf.d4adf69c3c80cf7da6cb3b8d253ecb4b.txt
2008_002814_jpg.rf.83820228924fa98460b39601dfe3438f.jpg,2008_002814_jpg.rf.83820228924fa98460b39601dfe3438f.txt
2011_004580_jpg.rf.d2fcf9ccf32fac1ff68824884a114b99.jpg,2011_004580_jpg.rf.d2fcf9ccf32fac1ff68824884a114b99.txt
2008_006987_jpg.rf.c1d1724dfbced226faaf2d79bcae5b37.jpg,2008_006987_jpg.rf.c1d1724dfbced226faaf2d79bcae5b37.txt
2009_004901_jpg.rf.fe1072719d29eabcfb3b3c69bd6bd485.jpg,2009_004901_jpg.rf.fe1072719d29eabcfb3b3c69bd6bd485.txt
2011_004346_jpg.rf.b6043fbdf94411a06907ea63f777299b.jpg,2011_004346_jpg.rf.b6043fbdf94411a06907ea63f777299b.txt
2008_008113_jpg.rf.6761f48c3bd3fe8a0847b96d91c7f9bb.jpg,2008_008113_jpg.rf.6761f48c3bd3fe8a0847b96d91c7f9bb.txt
2009_004919_jpg.rf.1264af7136db879e759411c6234d7d1f.jpg,2009_004919_jpg.rf.1264af7136db879e759411c6234d7d1f.txt
2009_003125_jpg.rf.de1a8f70181cda5cdd3469e7ecb5e4e5.jpg,2009_003125_jpg.rf.de1a8f70181cda5cdd3469e7ecb5e4e5.txt
2011_004774_jpg.rf.96ed45ee3869b8e7732df25951c7263f.jpg,2011_004774_jpg.rf.96ed45ee3869b8e7732df25951c7263f.txt
2008_003624_jpg.rf.5c4f51c943ef121608415fa1fab262b4.jpg,2008_003624_jpg.rf.5c4f51c943ef121608415fa1fab262b4.txt
2008_008364_jpg.rf.9053eb5e3a4523bd41cb9ac2fadc9e11.jpg,2008_008364_jpg.rf.9053eb5e3a4523bd41cb9ac2fadc9e11.txt
2011_004325_jpg.rf.5b7696ec16e2c9f58ef6f6644e927bbe.jpg,2011_004325_jpg.rf.5b7696ec16e2c9f58ef6f6644e927bbe.txt
2009_002506_jpg.rf.46f123e7d7c13ef42b88a6c10fc06bb2.jpg,2009_002506_jpg.rf.46f123e7d7c13ef42b88a6c10fc06bb2.txt
2008_008031_jpg.rf.e9ebcaacb15211d1138c44922319b803.jpg,2008_008031_jpg.rf.e9ebcaacb15211d1138c44922319b803.txt
2008_008544_jpg.rf.77bdd5916a453c466a62afe9bff91521.jpg,2008_008544_jpg.rf.77bdd5916a453c466a62afe9bff91521.txt
2009_003156_jpg.rf.69f692df282922d030d180865058d1c3.jpg,2009_003156_jpg.rf.69f692df282922d030d180865058d1c3.txt
2009_003499_jpg.rf.1d8d737bfe1c790dad028b76a664bf61.jpg,2009_003499_jpg.rf.1d8d737bfe1c790dad028b76a664bf61.txt
2008_003106_jpg.rf.50fb4c58ef973d7381438c0205d7b20e.jpg,2008_003106_jpg.rf.50fb4c58ef973d7381438c0205d7b20e.txt
2008_003497_jpg.rf.c7361ef66f59a9b9ec31db6cc1afd2c0.jpg,2008_003497_jpg.rf.c7361ef66f59a9b9ec31db6cc1afd2c0.txt
2009_002531_jpg.rf.21b84cacbc17f7a514fc7ef5f93d116e.jpg,2009_002531_jpg.rf.21b84cacbc17f7a514fc7ef5f93d116e.txt
2009_002429_jpg.rf.628f3c778231575bda2236fec12cfa84.jpg,2009_002429_jpg.rf.628f3c778231575bda2236fec12cfa84.txt
2008_006728_jpg.rf.143a174468bc1fba1dfa518ae922cd90.jpg,2008_006728_jpg.rf.143a174468bc1fba1dfa518ae922cd90.txt
2009_004188_jpg.rf.5c4933ceb5b43b6289677cb4b06c171a.jpg,2009_004188_jpg.rf.5c4933ceb5b43b6289677cb4b06c171a.txt
2011_003424_jpg.rf.f7bafb047e34713f121a1c115f0a458c.jpg,2011_003424_jpg.rf.f7bafb047e34713f121a1c115f0a458c.txt
2009_003115_jpg.rf.690d2bd084f0c3b07058dbf7256b7ad1.jpg,2009_003115_jpg.rf.690d2bd084f0c3b07058dbf7256b7ad1.txt
2011_003652_jpg.rf.6fd7fc86311ca7507df2473cf7ecf962.jpg,2011_003652_jpg.rf.6fd7fc86311ca7507df2473cf7ecf962.txt
2009_002399_jpg.rf.834e1b05f184069c71bc8465937afeaf.jpg,2009_002399_jpg.rf.834e1b05f184069c71bc8465937afeaf.txt
2008_003619_jpg.rf.e9167ab59dabfb7b0a81c05caf1829bc.jpg,2008_003619_jpg.rf.e9167ab59dabfb7b0a81c05caf1829bc.txt
2011_004903_jpg.rf.eb7b4f6a168ec2058f4474256cc30bcf.jpg,2011_004903_jpg.rf.eb7b4f6a168ec2058f4474256cc30bcf.txt
2008_007987_jpg.rf.6ee0f4ee35bb6d9fccbb33f9d7366f47.jpg,2008_007987_jpg.rf.6ee0f4ee35bb6d9fccbb33f9d7366f47.txt
2009_004503_jpg.rf.3c48bdd6b6c8e038ff30c00de539a7c3.jpg,2009_004503_jpg.rf.3c48bdd6b6c8e038ff30c00de539a7c3.txt
2009_005154_jpg.rf.650d64e5ffc1505cfe351aa9e8c4fe87.jpg,2009_005154_jpg.rf.650d64e5ffc1505cfe351aa9e8c4fe87.txt
2008_007317_jpg.rf.f7a6053493b40263a24ea9368204eabe.jpg,2008_007317_jpg.rf.f7a6053493b40263a24ea9368204eabe.txt
2008_003256_jpg.rf.74b5eb6f91a6989f0265fd292410902f.jpg,2008_003256_jpg.rf.74b5eb6f91a6989f0265fd292410902f.txt
2008_007827_jpg.rf.00d7de99d8e2a1e6f02d252d5b4c6ffd.jpg,2008_007827_jpg.rf.00d7de99d8e2a1e6f02d252d5b4c6ffd.txt
2009_004113_jpg.rf.97ea9152e1c7bd4fffae18dad49dc204.jpg,2009_004113_jpg.rf.97ea9152e1c7bd4fffae18dad49dc204.txt
2008_003483_jpg.rf.86cf74eec2cafaba194638c0a6fbd606.jpg,2008_003483_jpg.rf.86cf74eec2cafaba194638c0a6fbd606.txt
2008_003585_jpg.rf.dec702890e9e2a1f54ad33ec3f83c97a.jpg,2008_003585_jpg.rf.dec702890e9e2a1f54ad33ec3f83c97a.txt
2011_005012_jpg.rf.2257b76d19c0fe9342b6739f58e59fa9.jpg,2011_005012_jpg.rf.2257b76d19c0fe9342b6739f58e59fa9.txt
2009_003272_jpg.rf.bc9fc9d29784e84ba5a9ca68cc36dbbb.jpg,2009_003272_jpg.rf.bc9fc9d29784e84ba5a9ca68cc36dbbb.txt
2009_002136_jpg.rf.10a631b0129ff40e293af329665d9952.jpg,2009_002136_jpg.rf.10a631b0129ff40e293af329665d9952.txt
2009_004279_jpg.rf.d989f748ad04872a030b66777cf52a0e.jpg,2009_004279_jpg.rf.d989f748ad04872a030b66777cf52a0e.txt
2009_004002_jpg.rf.56d9cfe8f8cffb30d709699c46f38c1c.jpg,2009_004002_jpg.rf.56d9cfe8f8cffb30d709699c46f38c1c.txt
2009_004205_jpg.rf.df656af36c42204b2d5668019ded3416.jpg,2009_004205_jpg.rf.df656af36c42204b2d5668019ded3416.txt
2009_002668_jpg.rf.0c2e7a4e82594f922b9c86aa227f5d68.jpg,2009_002668_jpg.rf.0c2e7a4e82594f922b9c86aa227f5d68.txt
2008_003448_jpg.rf.983f3d601c27adf1f82d545bb2b4de57.jpg,2008_003448_jpg.rf.983f3d601c27adf1f82d545bb2b4de57.txt
2008_007205_jpg.rf.377b046c991634cd0b487c466e50ff0b.jpg,2008_007205_jpg.rf.377b046c991634cd0b487c466e50ff0b.txt
2008_003463_jpg.rf.8ec38f7be0b18c333a4d63edaf9c67d6.jpg,2008_003463_jpg.rf.8ec38f7be0b18c333a4d63edaf9c67d6.txt
2011_004465_jpg.rf.b25c35424ba39471188a3c70e1545d89.jpg,2011_004465_jpg.rf.b25c35424ba39471188a3c70e1545d89.txt
2009_002264_jpg.rf.b1ce75665c76a286173eac8aa396cc9d.jpg,2009_002264_jpg.rf.b1ce75665c76a286173eac8aa396cc9d.txt
2011_003777_jpg.rf.74114569c9278aa0542848c2c84a4953.jpg,2011_003777_jpg.rf.74114569c9278aa0542848c2c84a4953.txt
2009_002222_jpg.rf.b0c6296c689b92c1503942dc2ba39e17.jpg,2009_002222_jpg.rf.b0c6296c689b92c1503942dc2ba39e17.txt
2008_003059_jpg.rf.04c920ece8856c2356335ae4edb1db18.jpg,2008_003059_jpg.rf.04c920ece8856c2356335ae4edb1db18.txt
2008_007789_jpg.rf.f327218985f68f270c3af39022be1211.jpg,2008_007789_jpg.rf.f327218985f68f270c3af39022be1211.txt
2008_003083_jpg.rf.9da59a72306fab263e76e51096dc648b.jpg,2008_003083_jpg.rf.9da59a72306fab263e76e51096dc648b.txt
2008_007604_jpg.rf.b4e617bd8dffc2b98bba980c1e497b8b.jpg,2008_007604_jpg.rf.b4e617bd8dffc2b98bba980c1e497b8b.txt
2009_003450_jpg.rf.a487cdf64bdfcff82ce1c78905c54537.jpg,2009_003450_jpg.rf.a487cdf64bdfcff82ce1c78905c54537.txt
2009_004274_jpg.rf.d562fdaa95e36b34ec75eb9d21358907.jpg,2009_004274_jpg.rf.d562fdaa95e36b34ec75eb9d21358907.txt
2009_003345_jpg.rf.0f0afc404cd3eb4a122acfed94ccf13e.jpg,2009_003345_jpg.rf.0f0afc404cd3eb4a122acfed94ccf13e.txt
2009_003022_jpg.rf.da84daceb564739348bb1954a452a104.jpg,2009_003022_jpg.rf.da84daceb564739348bb1954a452a104.txt
2008_008080_jpg.rf.0713cd25ac13e57fd034513345747918.jpg,2008_008080_jpg.rf.0713cd25ac13e57fd034513345747918.txt
2008_008370_jpg.rf.bdbb439c6e1ca0749ead822e79e8ec57.jpg,2008_008370_jpg.rf.bdbb439c6e1ca0749ead822e79e8ec57.txt
2008_006425_jpg.rf.fa9511d37b2938da38df780c29365208.jpg,2008_006425_jpg.rf.fa9511d37b2938da38df780c29365208.txt
2008_003709_jpg.rf.f570291f03daf398eb02d1ca5c30479f.jpg,2008_003709_jpg.rf.f570291f03daf398eb02d1ca5c30479f.txt
2008_006549_jpg.rf.4e30dce1bada251f9520acc254e4f7f3.jpg,2008_006549_jpg.rf.4e30dce1bada251f9520acc254e4f7f3.txt
2009_003765_jpg.rf.1e7c009a0a6caebd264313d035394991.jpg,2009_003765_jpg.rf.1e7c009a0a6caebd264313d035394991.txt
2009_004587_jpg.rf.a474dde56f3dc4f9447fa5ad9b592efe.jpg,2009_004587_jpg.rf.a474dde56f3dc4f9447fa5ad9b592efe.txt
2011_003563_jpg.rf.e36c6b7bbbe5fb09df1c992b0b1a82a4.jpg,2011_003563_jpg.rf.e36c6b7bbbe5fb09df1c992b0b1a82a4.txt
2011_004042_jpg.rf.b7d9217c20402e18a317911e62f56913.jpg,2011_004042_jpg.rf.b7d9217c20402e18a317911e62f56913.txt
2009_004867_jpg.rf.0bf6b648b5e54aa406650524c7a75bae.jpg,2009_004867_jpg.rf.0bf6b648b5e54aa406650524c7a75bae.txt
2008_002680_jpg.rf.69225350747dc70101a827725850a019.jpg,2008_002680_jpg.rf.69225350747dc70101a827725850a019.txt
2011_004780_jpg.rf.5ecac65381a5584131bf1be6cef26112.jpg,2011_004780_jpg.rf.5ecac65381a5584131bf1be6cef26112.txt
2009_003897_jpg.rf.fc36ea52d7c059976a3fa27666befb33.jpg,2009_003897_jpg.rf.fc36ea52d7c059976a3fa27666befb33.txt
2009_002746_jpg.rf.5f507159a832d64797972f008fd61b06.jpg,2009_002746_jpg.rf.5f507159a832d64797972f008fd61b06.txt
2011_003548_jpg.rf.2307cf0b8a8abc76e9ab2e1a141d66e1.jpg,2011_003548_jpg.rf.2307cf0b8a8abc76e9ab2e1a141d66e1.txt
2009_003338_jpg.rf.47b774c87a4723aec520d07792ab987b.jpg,2009_003338_jpg.rf.47b774c87a4723aec520d07792ab987b.txt
2008_003343_jpg.rf.b8920c9228090ec2990af4dc372109fc.jpg,2008_003343_jpg.rf.b8920c9228090ec2990af4dc372109fc.txt
2008_003110_jpg.rf.f186f6a8bdbe0458f5b8e2fe43a23560.jpg,2008_003110_jpg.rf.f186f6a8bdbe0458f5b8e2fe43a23560.txt
2009_003543_jpg.rf.dd7b939d024a6ee07a79c08caaade6eb.jpg,2009_003543_jpg.rf.dd7b939d024a6ee07a79c08caaade6eb.txt
2009_002912_jpg.rf.35b5d56722596b3ebaa578cb50d72a1e.jpg,2009_002912_jpg.rf.35b5d56722596b3ebaa578cb50d72a1e.txt
2009_005073_jpg.rf.be7516e41b34ac162f14e8e98a7cdf7b.jpg,2009_005073_jpg.rf.be7516e41b34ac162f14e8e98a7cdf7b.txt
2009_002675_jpg.rf.48031d442399e45f10e2d2f0039aabe2.jpg,2009_002675_jpg.rf.48031d442399e45f10e2d2f0039aabe2.txt
2008_008382_jpg.rf.3813603f62d6f1ae0e48a4cb7dfe08c7.jpg,2008_008382_jpg.rf.3813603f62d6f1ae0e48a4cb7dfe08c7.txt
2011_004253_jpg.rf.69e1a10ef3dbdc460a7edd975382acc9.jpg,2011_004253_jpg.rf.69e1a10ef3dbdc460a7edd975382acc9.txt
2008_007353_jpg.rf.d481539a62932957dae5c6e84603223e.jpg,2008_007353_jpg.rf.d481539a62932957dae5c6e84603223e.txt
2011_003580_jpg.rf.ac61e8fb651006b037c13277359ec285.jpg,2011_003580_jpg.rf.ac61e8fb651006b037c13277359ec285.txt
2011_003292_jpg.rf.74a169b19c8a0344c40d78306927977e.jpg,2011_003292_jpg.rf.74a169b19c8a0344c40d78306927977e.txt
2009_003971_jpg.rf.0ab33e576401fa1d9d8c0580feaddd39.jpg,2009_003971_jpg.rf.0ab33e576401fa1d9d8c0580feaddd39.txt
2008_006719_jpg.rf.ba54f384409c551fa706ca872bf5bda1.jpg,2008_006719_jpg.rf.ba54f384409c551fa706ca872bf5bda1.txt
2009_002671_jpg.rf.238ecbde5078e67f784b3c6440be7205.jpg,2009_002671_jpg.rf.238ecbde5078e67f784b3c6440be7205.txt
2009_003363_jpg.rf.3e841631cbc32d025045470862386cb4.jpg,2009_003363_jpg.rf.3e841631cbc32d025045470862386cb4.txt
2008_002946_jpg.rf.1be1e6b899b32848b51befa2e26b3e81.jpg,2008_002946_jpg.rf.1be1e6b899b32848b51befa2e26b3e81.txt
2009_003107_jpg.rf.1ddf60fc6b7292b4c384dee91b990379.jpg,2009_003107_jpg.rf.1ddf60fc6b7292b4c384dee91b990379.txt
2009_004794_jpg.rf.e089f3489799d203b81a625fae99a645.jpg,2009_004794_jpg.rf.e089f3489799d203b81a625fae99a645.txt
2008_003238_jpg.rf.2b57efa07c2cb1b4e2c9972172aa653c.jpg,2008_003238_jpg.rf.2b57efa07c2cb1b4e2c9972172aa653c.txt
2011_004110_jpg.rf.8eb329dcfb7854cbbb184d6d29de577c.jpg,2011_004110_jpg.rf.8eb329dcfb7854cbbb184d6d29de577c.txt
2009_004148_jpg.rf.3daba8836eae6a2f21863f1fa9423200.jpg,2009_004148_jpg.rf.3daba8836eae6a2f21863f1fa9423200.txt
2011_005033_jpg.rf.c4591b1bd2f2cfd554441c3eff9cc4d5.jpg,2011_005033_jpg.rf.c4591b1bd2f2cfd554441c3eff9cc4d5.txt
2008_007595_jpg.rf.e89fc7acc5fdef0d3900ab068264396a.jpg,2008_007595_jpg.rf.e89fc7acc5fdef0d3900ab068264396a.txt
2009_003311_jpg.rf.8bff31313c4754a9b7cbec3f4ed151e7.jpg,2009_003311_jpg.rf.8bff31313c4754a9b7cbec3f4ed151e7.txt
2009_003519_jpg.rf.d15d5ec65ee4a688db6e65a5f1f38f88.jpg,2009_003519_jpg.rf.d15d5ec65ee4a688db6e65a5f1f38f88.txt
2008_008175_jpg.rf.3724bcf5698d0dcc9377c11da4f0be10.jpg,2008_008175_jpg.rf.3724bcf5698d0dcc9377c11da4f0be10.txt
2009_003084_jpg.rf.7d18b276e75c44fa1ffd3f373660f44a.jpg,2009_003084_jpg.rf.7d18b276e75c44fa1ffd3f373660f44a.txt
2008_008432_jpg.rf.1e6822d65465ffc78786b3ba15f13a45.jpg,2008_008432_jpg.rf.1e6822d65465ffc78786b3ba15f13a45.txt
2008_007058_jpg.rf.3cb008f7dc67aa718c5d00318589de21.jpg,2008_007058_jpg.rf.3cb008f7dc67aa718c5d00318589de21.txt
2009_002348_jpg.rf.a4362f28d647507ed78d0cd88cd35043.jpg,2009_002348_jpg.rf.a4362f28d647507ed78d0cd88cd35043.txt
2011_004324_jpg.rf.3a73876faf2bbb848f1b4ff602e4f6d8.jpg,2011_004324_jpg.rf.3a73876faf2bbb848f1b4ff602e4f6d8.txt
2008_007256_jpg.rf.2371d9317c9aa93f4e3ea5288840a50b.jpg,2008_007256_jpg.rf.2371d9317c9aa93f4e3ea5288840a50b.txt
2008_006923_jpg.rf.53d880c1ab2dbd40eebf7aaa6b7d7a31.jpg,2008_006923_jpg.rf.53d880c1ab2dbd40eebf7aaa6b7d7a31.txt
2009_002236_jpg.rf.621d7bddcb62a599a2711dfcba3fdb45.jpg,2009_002236_jpg.rf.621d7bddcb62a599a2711dfcba3fdb45.txt
2009_004241_jpg.rf.3a33eae06d8bd41f65b710fed469c05f.jpg,2009_004241_jpg.rf.3a33eae06d8bd41f65b710fed469c05f.txt
2011_003990_jpg.rf.a4ca23c6717751bdf66e21127afc5143.jpg,2011_003990_jpg.rf.a4ca23c6717751bdf66e21127afc5143.txt
2009_002557_jpg.rf.3fea031af338e7628be005b6982e52fe.jpg,2009_002557_jpg.rf.3fea031af338e7628be005b6982e52fe.txt
2009_003955_jpg.rf.7040bf28ac8df48499867d80fe307115.jpg,2009_003955_jpg.rf.7040bf28ac8df48499867d80fe307115.txt
2008_003361_jpg.rf.71fc50ad96d520a09e3d0c086fcaca9b.jpg,2008_003361_jpg.rf.71fc50ad96d520a09e3d0c086fcaca9b.txt
2008_008313_jpg.rf.e8be06d6db07e6cb3696266b88251589.jpg,2008_008313_jpg.rf.e8be06d6db07e6cb3696266b88251589.txt
2008_008564_jpg.rf.0d7a38775e0cc36627776e07702ce88c.jpg,2008_008564_jpg.rf.0d7a38775e0cc36627776e07702ce88c.txt
2011_003844_jpg.rf.89469c5ed0642606ed12c7e644fb9ffa.jpg,2011_003844_jpg.rf.89469c5ed0642606ed12c7e644fb9ffa.txt
2009_003381_jpg.rf.97ba30bcb940e6ed77374f91d332fc74.jpg,2009_003381_jpg.rf.97ba30bcb940e6ed77374f91d332fc74.txt
2009_002752_jpg.rf.cfd2a168e7f79023edb7b8f22dcb8cbd.jpg,2009_002752_jpg.rf.cfd2a168e7f79023edb7b8f22dcb8cbd.txt
2011_004904_jpg.rf.9fe34a5f39da7fdc8a6ac3c3c0422e4d.jpg,2011_004904_jpg.rf.9fe34a5f39da7fdc8a6ac3c3c0422e4d.txt
2008_006810_jpg.rf.6cf6ecef301fcd5e76e1897a5b54df88.jpg,2008_006810_jpg.rf.6cf6ecef301fcd5e76e1897a5b54df88.txt
2009_005194_jpg.rf.ea91e32187cc564c04d0b1cb0ab8720b.jpg,2009_005194_jpg.rf.ea91e32187cc564c04d0b1cb0ab8720b.txt
2008_007864_jpg.rf.793cbbae15908cbcf9b9d2d820dee90b.jpg,2008_007864_jpg.rf.793cbbae15908cbcf9b9d2d820dee90b.txt
2008_006570_jpg.rf.39bdb9db6e9c607761cd95b53f7945ac.jpg,2008_006570_jpg.rf.39bdb9db6e9c607761cd95b53f7945ac.txt
2008_007643_jpg.rf.35727fd1066e53968934ca220cf76bae.jpg,2008_007643_jpg.rf.35727fd1066e53968934ca220cf76bae.txt
2009_002267_jpg.rf.ff30f61a1264a22f973ccb8aa711b460.jpg,2009_002267_jpg.rf.ff30f61a1264a22f973ccb8aa711b460.txt
2009_002715_jpg.rf.ff5ec23e49d46dbb7af4d8f680f17734.jpg,2009_002715_jpg.rf.ff5ec23e49d46dbb7af4d8f680f17734.txt
2011_004467_jpg.rf.6b338ccb6ba33e90f3432861f96fefcd.jpg,2011_004467_jpg.rf.6b338ccb6ba33e90f3432861f96fefcd.txt
2009_002406_jpg.rf.4965a12a0823a2f1cda8edc7312e568f.jpg,2009_002406_jpg.rf.4965a12a0823a2f1cda8edc7312e568f.txt
2008_007850_jpg.rf.27a00bc7fdc1f71473e077f252fc905d.jpg,2008_007850_jpg.rf.27a00bc7fdc1f71473e077f252fc905d.txt
2011_003326_jpg.rf.69a279435ca27f1cc0d31ece56ad4d36.jpg,2011_003326_jpg.rf.69a279435ca27f1cc0d31ece56ad4d36.txt
2011_003674_jpg.rf.54cae9c33a77268190a0fda7a3158f37.jpg,2011_003674_jpg.rf.54cae9c33a77268190a0fda7a3158f37.txt
2008_007884_jpg.rf.0cce4e3159a0f0d19c472e101dabaa2c.jpg,2008_007884_jpg.rf.0cce4e3159a0f0d19c472e101dabaa2c.txt
2009_003598_jpg.rf.9845b62b589d3874cee0c7f51e37f1d4.jpg,2009_003598_jpg.rf.9845b62b589d3874cee0c7f51e37f1d4.txt
2008_006404_jpg.rf.ab9a5fce376f945e269fc8fb9e264a0f.jpg,2008_006404_jpg.rf.ab9a5fce376f945e269fc8fb9e264a0f.txt
2008_007735_jpg.rf.1967c89b9639ad621aff291c996b8bd4.jpg,2008_007735_jpg.rf.1967c89b9639ad621aff291c996b8bd4.txt
2009_002918_jpg.rf.1262078e67caff05781d4d9eabab357b.jpg,2009_002918_jpg.rf.1262078e67caff05781d4d9eabab357b.txt
2008_003094_jpg.rf.ed8fbf2bba243931247646c4958840a4.jpg,2008_003094_jpg.rf.ed8fbf2bba243931247646c4958840a4.txt
2008_007858_jpg.rf.2cac9176c20e9e05d65e04c7fea7b9d8.jpg,2008_007858_jpg.rf.2cac9176c20e9e05d65e04c7fea7b9d8.txt
2011_004989_jpg.rf.787bb8dc115f6778493c8ce87b076ec9.jpg,2011_004989_jpg.rf.787bb8dc115f6778493c8ce87b076ec9.txt
2009_002687_jpg.rf.be591d9f1ec0fe4749986994f1dd0597.jpg,2009_002687_jpg.rf.be591d9f1ec0fe4749986994f1dd0597.txt
2008_007443_jpg.rf.4efbb35263889989f97b577b6fb50367.jpg,2008_007443_jpg.rf.4efbb35263889989f97b577b6fb50367.txt
2009_004346_jpg.rf.97ed30a0af305aa0506b5c4befa20ae0.jpg,2009_004346_jpg.rf.97ed30a0af305aa0506b5c4befa20ae0.txt
2008_008307_jpg.rf.c0906dc07edec22ff161f3acd5929e80.jpg,2008_008307_jpg.rf.c0906dc07edec22ff161f3acd5929e80.txt
2009_002670_jpg.rf.f1e1762336e2ba373cec64550d0b91f2.jpg,2009_002670_jpg.rf.f1e1762336e2ba373cec64550d0b91f2.txt
2009_004007_jpg.rf.74118843ea4fb8f1bc6e497c5695e490.jpg,2009_004007_jpg.rf.74118843ea4fb8f1bc6e497c5695e490.txt
2011_003534_jpg.rf.f4d3032941877687de8c1d7c70e0114e.jpg,2011_003534_jpg.rf.f4d3032941877687de8c1d7c70e0114e.txt
2008_003316_jpg.rf.3629037f576017910cedd0f7996a7a12.jpg,2008_003316_jpg.rf.3629037f576017910cedd0f7996a7a12.txt
2011_004318_jpg.rf.93c414bf47531f4ee0afd1de61d71f22.jpg,2011_004318_jpg.rf.93c414bf47531f4ee0afd1de61d71f22.txt
2008_002811_jpg.rf.77f1fcfde876392ca73f61e561567ada.jpg,2008_002811_jpg.rf.77f1fcfde876392ca73f61e561567ada.txt
2009_002566_jpg.rf.c0b358adba518009bde5699906ab4202.jpg,2009_002566_jpg.rf.c0b358adba518009bde5699906ab4202.txt
2011_004180_jpg.rf.09f6a21956a4b9c7b2f5afd5f230c96e.jpg,2011_004180_jpg.rf.09f6a21956a4b9c7b2f5afd5f230c96e.txt
2009_004117_jpg.rf.8b6bc52cd91623676e44eec7097f1b83.jpg,2009_004117_jpg.rf.8b6bc52cd91623676e44eec7097f1b83.txt
2009_002684_jpg.rf.c709920c2e460ba7ae29c617aec7a99a.jpg,2009_002684_jpg.rf.c709920c2e460ba7ae29c617aec7a99a.txt
2009_004624_jpg.rf.f0c419ef9c17ecd6ec471e6fa86760fa.jpg,2009_004624_jpg.rf.f0c419ef9c17ecd6ec471e6fa86760fa.txt
2008_007945_jpg.rf.bddc12cdb1e85ab2b0b70ae3a70f813b.jpg,2008_007945_jpg.rf.bddc12cdb1e85ab2b0b70ae3a70f813b.txt
2009_004669_jpg.rf.d16e446771f81b998a7a5a16a53bfcf3.jpg,2009_004669_jpg.rf.d16e446771f81b998a7a5a16a53bfcf3.txt
2008_003265_jpg.rf.37fd57f44ac5c3f41ac42be62a7ef64e.jpg,2008_003265_jpg.rf.37fd57f44ac5c3f41ac42be62a7ef64e.txt
2008_006690_jpg.rf.3754ea07d9b68fb0c146d9ed78f0f63f.jpg,2008_006690_jpg.rf.3754ea07d9b68fb0c146d9ed78f0f63f.txt
2011_004034_jpg.rf.eb21a234a8fcda528ca34ceec4e63efe.jpg,2011_004034_jpg.rf.eb21a234a8fcda528ca34ceec4e63efe.txt
2008_006606_jpg.rf.fb18325cd706906c3d6bab946de9150f.jpg,2008_006606_jpg.rf.fb18325cd706906c3d6bab946de9150f.txt
2009_002754_jpg.rf.3ac4f0f356084f56a1c98c8143312462.jpg,2009_002754_jpg.rf.3ac4f0f356084f56a1c98c8143312462.txt
2009_003958_jpg.rf.d7624a4fe183f8a153e066245aeb5bcb.jpg,2009_003958_jpg.rf.d7624a4fe183f8a153e066245aeb5bcb.txt
2008_003826_jpg.rf.cf83762a1c4e595f8526a859c022b2bc.jpg,2008_003826_jpg.rf.cf83762a1c4e595f8526a859c022b2bc.txt
2009_004765_jpg.rf.ce087fadb4f11f9757178b2f3b6c7d42.jpg,2009_004765_jpg.rf.ce087fadb4f11f9757178b2f3b6c7d42.txt
2009_003899_jpg.rf.211b5b8a1a9d16b4f0eacca0e0478986.jpg,2009_003899_jpg.rf.211b5b8a1a9d16b4f0eacca0e0478986.txt
2009_003098_jpg.rf.76d3184c07430e8d1ff169449fbf50ef.jpg,2009_003098_jpg.rf.76d3184c07430e8d1ff169449fbf50ef.txt
2009_002577_jpg.rf.74322516f5f5f5fa24555d98a7b500d6.jpg,2009_002577_jpg.rf.74322516f5f5f5fa24555d98a7b500d6.txt
2009_003566_jpg.rf.e6fb6b3e7968366c262822898205387a.jpg,2009_003566_jpg.rf.e6fb6b3e7968366c262822898205387a.txt
2008_003743_jpg.rf.a71fe35f5cc7733d28d25903b7c24041.jpg,2008_003743_jpg.rf.a71fe35f5cc7733d28d25903b7c24041.txt
2008_002880_jpg.rf.51fbea9cb539f88bb3046d237b861bb9.jpg,2008_002880_jpg.rf.51fbea9cb539f88bb3046d237b861bb9.txt
2008_007295_jpg.rf.c230b00f48ee38f6e7cf719f0320ba94.jpg,2008_007295_jpg.rf.c230b00f48ee38f6e7cf719f0320ba94.txt
2008_003143_jpg.rf.611ed64d28038c832e21d10dcb2f617c.jpg,2008_003143_jpg.rf.611ed64d28038c832e21d10dcb2f617c.txt
2009_004290_jpg.rf.94c088c613dd6e86fd7e6c1f2c1c7699.jpg,2009_004290_jpg.rf.94c088c613dd6e86fd7e6c1f2c1c7699.txt
2008_007594_jpg.rf.c992e25004d32cceb5d44379784ff4e8.jpg,2008_007594_jpg.rf.c992e25004d32cceb5d44379784ff4e8.txt
2011_003490_jpg.rf.447fff40cac11fd6f547356b05bc4a00.jpg,2011_003490_jpg.rf.447fff40cac11fd6f547356b05bc4a00.txt
2011_005039_jpg.rf.45696cb1bb010f86a9c6c496cff00c75.jpg,2011_005039_jpg.rf.45696cb1bb010f86a9c6c496cff00c75.txt
2009_003650_jpg.rf.5728f1ea212aacdbcf4a413ce088e87a.jpg,2009_003650_jpg.rf.5728f1ea212aacdbcf4a413ce088e87a.txt
2008_003286_jpg.rf.42c78a8eb77303fca32d1bed4055573f.jpg,2008_003286_jpg.rf.42c78a8eb77303fca32d1bed4055573f.txt
2008_002710_jpg.rf.73bcc4f08ed06ca2989afa1d948eb002.jpg,2008_002710_jpg.rf.73bcc4f08ed06ca2989afa1d948eb002.txt
2008_003205_jpg.rf.ebe6df85ae5eeee7bc56693ee255fa95.jpg,2008_003205_jpg.rf.ebe6df85ae5eeee7bc56693ee255fa95.txt
2009_003402_jpg.rf.d8b1a0a33978984d072bbb6a1269ce64.jpg,2009_003402_jpg.rf.d8b1a0a33978984d072bbb6a1269ce64.txt
2011_003567_jpg.rf.73954c81b32d85799442f17a03a003dc.jpg,2011_003567_jpg.rf.73954c81b32d85799442f17a03a003dc.txt
2009_004448_jpg.rf.de98752549b7e8fc2e3c2fc98f86b73b.jpg,2009_004448_jpg.rf.de98752549b7e8fc2e3c2fc98f86b73b.txt
2011_003420_jpg.rf.955370ecc92ec6a50ad65dfcf6e6fa23.jpg,2011_003420_jpg.rf.955370ecc92ec6a50ad65dfcf6e6fa23.txt
2008_007350_jpg.rf.c21b5e4635221c550af532002493156f.jpg,2008_007350_jpg.rf.c21b5e4635221c550af532002493156f.txt
2009_004340_jpg.rf.24f5ae775a5d8d6d805068331fb502fe.jpg,2009_004340_jpg.rf.24f5ae775a5d8d6d805068331fb502fe.txt
2008_008246_jpg.rf.36219c008e8f9999085e714c510839d4.jpg,2008_008246_jpg.rf.36219c008e8f9999085e714c510839d4.txt
2008_007050_jpg.rf.53e2ba2b337f64b2df718f6bb2e0df45.jpg,2008_007050_jpg.rf.53e2ba2b337f64b2df718f6bb2e0df45.txt
2008_006554_jpg.rf.71d04e31986f1f71d030abe1c0916535.jpg,2008_006554_jpg.rf.71d04e31986f1f71d030abe1c0916535.txt
2009_002652_jpg.rf.22724c5fa356f59da4cc37477f63e316.jpg,2009_002652_jpg.rf.22724c5fa356f59da4cc37477f63e316.txt
2009_002182_jpg.rf.b45966c7a771f4df114a7764a69964c3.jpg,2009_002182_jpg.rf.b45966c7a771f4df114a7764a69964c3.txt
2008_008380_jpg.rf.6eca5ce0b421eac5d5531f273b649dce.jpg,2008_008380_jpg.rf.6eca5ce0b421eac5d5531f273b649dce.txt
2009_003351_jpg.rf.3e0931ebcaf4bb953a766c6933570ec9.jpg,2009_003351_jpg.rf.3e0931ebcaf4bb953a766c6933570ec9.txt
2008_003671_jpg.rf.a8786fd01de132fa475d8cdd0e352bbe.jpg,2008_003671_jpg.rf.a8786fd01de132fa475d8cdd0e352bbe.txt
2009_002165_jpg.rf.3193fa2b17af68a01c3715a15400f1ad.jpg,2009_002165_jpg.rf.3193fa2b17af68a01c3715a15400f1ad.txt
2011_004674_jpg.rf.69223c1a561d4db89136d615a527cca3.jpg,2011_004674_jpg.rf.69223c1a561d4db89136d615a527cca3.txt
2009_003399_jpg.rf.95835dabb85faf8c5f5179306bb7391e.jpg,2009_003399_jpg.rf.95835dabb85faf8c5f5179306bb7391e.txt
2009_003592_jpg.rf.ff6480e21f088ccaf3f37189ed3dcad5.jpg,2009_003592_jpg.rf.ff6480e21f088ccaf3f37189ed3dcad5.txt
2011_004985_jpg.rf.5d316413536d7c4b3907c87087526d7e.jpg,2011_004985_jpg.rf.5d316413536d7c4b3907c87087526d7e.txt
2008_008132_jpg.rf.12ae451258b24c40d9362c9aabd60c43.jpg,2008_008132_jpg.rf.12ae451258b24c40d9362c9aabd60c43.txt
2009_002710_jpg.rf.8d69427ffb57e069125b7e84f8ad9d91.jpg,2009_002710_jpg.rf.8d69427ffb57e069125b7e84f8ad9d91.txt
2011_003981_jpg.rf.0bbc8c42ef051443f62922736e2ba8ed.jpg,2011_003981_jpg.rf.0bbc8c42ef051443f62922736e2ba8ed.txt
2009_004986_jpg.rf.7b35f18cf790ce904c0741fda0ee5a79.jpg,2009_004986_jpg.rf.7b35f18cf790ce904c0741fda0ee5a79.txt
2009_004626_jpg.rf.2c643166238efde15f40fe1940fcfc7d.jpg,2009_004626_jpg.rf.2c643166238efde15f40fe1940fcfc7d.txt
2011_003997_jpg.rf.cc165922f76d210f0f83060b3d3e6747.jpg,2011_003997_jpg.rf.cc165922f76d210f0f83060b3d3e6747.txt
2009_002127_jpg.rf.a879bc3f1766269270e45c3429618526.jpg,2009_002127_jpg.rf.a879bc3f1766269270e45c3429618526.txt
2011_004702_jpg.rf.2cdedb5524a162482fd1b9f40ec70bb1.jpg,2011_004702_jpg.rf.2cdedb5524a162482fd1b9f40ec70bb1.txt
2009_002680_jpg.rf.d36fbd9044b3f050806ced2b6832cfe9.jpg,2009_002680_jpg.rf.d36fbd9044b3f050806ced2b6832cfe9.txt
2008_003231_jpg.rf.ec882fe93824cdf2ef3c6d6f14b4bcfe.jpg,2008_003231_jpg.rf.ec882fe93824cdf2ef3c6d6f14b4bcfe.txt
2009_002556_jpg.rf.401d79cc1c8b61d882161746b6129d77.jpg,2009_002556_jpg.rf.401d79cc1c8b61d882161746b6129d77.txt
2008_006715_jpg.rf.aa8f4c665290236e551cb6640a89b7d0.jpg,2008_006715_jpg.rf.aa8f4c665290236e551cb6640a89b7d0.txt
2008_006747_jpg.rf.b524bd260d57811a9b82b9ac5d3e775f.jpg,2008_006747_jpg.rf.b524bd260d57811a9b82b9ac5d3e775f.txt
2008_006817_jpg.rf.5de83e98ad0662b4b09049702cff4b45.jpg,2008_006817_jpg.rf.5de83e98ad0662b4b09049702cff4b45.txt
2011_004442_jpg.rf.b820d745647b4902a3844cc041d7d523.jpg,2011_004442_jpg.rf.b820d745647b4902a3844cc041d7d523.txt
2009_002449_jpg.rf.ac2eae18de8178ed8efa6cbd3fbd5bbe.jpg,2009_002449_jpg.rf.ac2eae18de8178ed8efa6cbd3fbd5bbe.txt
2009_004946_jpg.rf.d91515580139d4d6acfe3646eddbdfdf.jpg,2009_004946_jpg.rf.d91515580139d4d6acfe3646eddbdfdf.txt
2011_004438_jpg.rf.a6d66f7065640684f0ba7a748ea864d9.jpg,2011_004438_jpg.rf.a6d66f7065640684f0ba7a748ea864d9.txt
2008_003351_jpg.rf.a00fec4587db172a92ac48b6dd531500.jpg,2008_003351_jpg.rf.a00fec4587db172a92ac48b6dd531500.txt
2008_006705_jpg.rf.9b9d8a8d637550fccaff4e2d0a079f4e.jpg,2008_006705_jpg.rf.9b9d8a8d637550fccaff4e2d0a079f4e.txt
2008_006407_jpg.rf.1d41438a9b02f65bdf2f839ae0444d3e.jpg,2008_006407_jpg.rf.1d41438a9b02f65bdf2f839ae0444d3e.txt
2009_004347_jpg.rf.8f1da0e206879a7f68c1fd4932f53b95.jpg,2009_004347_jpg.rf.8f1da0e206879a7f68c1fd4932f53b95.txt
2009_004905_jpg.rf.810aeef549f45ab0b6d78179838b82fe.jpg,2009_004905_jpg.rf.810aeef549f45ab0b6d78179838b82fe.txt
2009_004996_jpg.rf.0f421922b6d060f650ff63dcc4717aa7.jpg,2009_004996_jpg.rf.0f421922b6d060f650ff63dcc4717aa7.txt
2011_003484_jpg.rf.08ca00ab5e358df703bca5f530a93e24.jpg,2011_003484_jpg.rf.08ca00ab5e358df703bca5f530a93e24.txt
2008_006519_jpg.rf.4639b4d1f8e13e684d87b065cf6f5aa9.jpg,2008_006519_jpg.rf.4639b4d1f8e13e684d87b065cf6f5aa9.txt
2008_007870_jpg.rf.b537cd52a4a032d42fafa0bbc03ecb9b.jpg,2008_007870_jpg.rf.b537cd52a4a032d42fafa0bbc03ecb9b.txt
2009_004163_jpg.rf.ff299f477ca46d476cfaa1bd9a646233.jpg,2009_004163_jpg.rf.ff299f477ca46d476cfaa1bd9a646233.txt
2009_005006_jpg.rf.b4af8d8b087547ec10d098dc9f925ffb.jpg,2009_005006_jpg.rf.b4af8d8b087547ec10d098dc9f925ffb.txt
2009_003825_jpg.rf.1fa035928d822f980558c39f4e6b51ac.jpg,2009_003825_jpg.rf.1fa035928d822f980558c39f4e6b51ac.txt
2009_003187_jpg.rf.59964c371a6f0f863341244fd632d6d6.jpg,2009_003187_jpg.rf.59964c371a6f0f863341244fd632d6d6.txt
2011_004769_jpg.rf.36520abe1f0c86e2e3799a3c61d1e2fd.jpg,2011_004769_jpg.rf.36520abe1f0c86e2e3799a3c61d1e2fd.txt
2011_003905_jpg.rf.5dae80c2c084e255a8326ec27d9243c8.jpg,2011_003905_jpg.rf.5dae80c2c084e255a8326ec27d9243c8.txt
2009_005232_jpg.rf.38df0bed1a116f58d8e4982204611be4.jpg,2009_005232_jpg.rf.38df0bed1a116f58d8e4982204611be4.txt
2008_003418_jpg.rf.2b7ae724b85b785d9493b49a7f991133.jpg,2008_003418_jpg.rf.2b7ae724b85b785d9493b49a7f991133.txt
2011_004138_jpg.rf.872c1fa3654f303321f344a0a8039c04.jpg,2011_004138_jpg.rf.872c1fa3654f303321f344a0a8039c04.txt
2008_008154_jpg.rf.f5b3b1b1ec52ce0b1134d0de2e4cabd3.jpg,2008_008154_jpg.rf.f5b3b1b1ec52ce0b1134d0de2e4cabd3.txt
2009_004623_jpg.rf.836ff43e8fd128db7b06084de52a06d8.jpg,2009_004623_jpg.rf.836ff43e8fd128db7b06084de52a06d8.txt
2009_004897_jpg.rf.f6e1da8ef84268f7342e109bb7dcbffe.jpg,2009_004897_jpg.rf.f6e1da8ef84268f7342e109bb7dcbffe.txt
2008_007356_jpg.rf.d8cfaad644f60ed4aafd160257d15720.jpg,2008_007356_jpg.rf.d8cfaad644f60ed4aafd160257d15720.txt
2011_004984_jpg.rf.bec94fb5c598301863007bdd7a0487b2.jpg,2011_004984_jpg.rf.bec94fb5c598301863007bdd7a0487b2.txt
2008_003578_jpg.rf.2636a51b89590a8488cd1e995595b1cc.jpg,2008_003578_jpg.rf.2636a51b89590a8488cd1e995595b1cc.txt
2009_002843_jpg.rf.3494964f4d2c12ead10dcd64ed5ea17e.jpg,2009_002843_jpg.rf.3494964f4d2c12ead10dcd64ed5ea17e.txt
2011_005023_jpg.rf.06bbf3ffc404dc9e93652b5df51c9285.jpg,2011_005023_jpg.rf.06bbf3ffc404dc9e93652b5df51c9285.txt
2008_007082_jpg.rf.cbdd9bd17d311199354c5b2fd6c2cd26.jpg,2008_007082_jpg.rf.cbdd9bd17d311199354c5b2fd6c2cd26.txt
2008_007054_jpg.rf.e1e956cb595517e33a8f939a7fc98d67.jpg,2008_007054_jpg.rf.e1e956cb595517e33a8f939a7fc98d67.txt
2008_002826_jpg.rf.f984864d222eaf34b3d8ddb735e3c46d.jpg,2008_002826_jpg.rf.f984864d222eaf34b3d8ddb735e3c46d.txt
2008_007363_jpg.rf.bd96e7178fd9af93f1582ad2712d9fe3.jpg,2008_007363_jpg.rf.bd96e7178fd9af93f1582ad2712d9fe3.txt
2009_003634_jpg.rf.a34927b8c4ef6b868f29880189f56c54.jpg,2009_003634_jpg.rf.a34927b8c4ef6b868f29880189f56c54.txt
2008_003645_jpg.rf.d9da69191b6dcbe42bd0e8f37fdd7e48.jpg,2008_003645_jpg.rf.d9da69191b6dcbe42bd0e8f37fdd7e48.txt
2011_004520_jpg.rf.7d96bc2c5886e5c5ee625a0c72f85e3f.jpg,2011_004520_jpg.rf.7d96bc2c5886e5c5ee625a0c72f85e3f.txt
2008_002942_jpg.rf.01c05d6e9a4e855e6632734586eeed3b.jpg,2008_002942_jpg.rf.01c05d6e9a4e855e6632734586eeed3b.txt
2008_008220_jpg.rf.7f7da9311d2a9aaf1636a345a3080d43.jpg,2008_008220_jpg.rf.7f7da9311d2a9aaf1636a345a3080d43.txt
2011_003361_jpg.rf.1513da89f17b23bf2844ba68f681d0b1.jpg,2011_003361_jpg.rf.1513da89f17b23bf2844ba68f681d0b1.txt
2011_003493_jpg.rf.66dc0a6f2d984c91a6287e58e2640f7b.jpg,2011_003493_jpg.rf.66dc0a6f2d984c91a6287e58e2640f7b.txt
2009_004898_jpg.rf.2fc80c7dd5d99cb5f1285e56e46d1069.jpg,2009_004898_jpg.rf.2fc80c7dd5d99cb5f1285e56e46d1069.txt
2008_007291_jpg.rf.2fca436925b52ea33cf897125a34a2fb.jpg,2008_007291_jpg.rf.2fca436925b52ea33cf897125a34a2fb.txt
2011_004682_jpg.rf.91232035274f0aaf2c2c939fa9465ca9.jpg,2011_004682_jpg.rf.91232035274f0aaf2c2c939fa9465ca9.txt
2011_004233_jpg.rf.fab8097b003181a5fd48ed910081743f.jpg,2011_004233_jpg.rf.fab8097b003181a5fd48ed910081743f.txt
2008_002868_jpg.rf.6b1164ffc5c2c316a281ff5fc1f9f356.jpg,2008_002868_jpg.rf.6b1164ffc5c2c316a281ff5fc1f9f356.txt
2008_006522_jpg.rf.9c27f065ecbe4ffa3f8c136ad6cf58bf.jpg,2008_006522_jpg.rf.9c27f065ecbe4ffa3f8c136ad6cf58bf.txt
2008_003769_jpg.rf.419d9c373106cb91761edc7fc52d5c6d.jpg,2008_003769_jpg.rf.419d9c373106cb91761edc7fc52d5c6d.txt
2008_007922_jpg.rf.a23f6c01d830751f001a8511c092d26b.jpg,2008_007922_jpg.rf.a23f6c01d830751f001a8511c092d26b.txt
2011_004918_jpg.rf.9f49146e77c62f1137f4abda9514a098.jpg,2011_004918_jpg.rf.9f49146e77c62f1137f4abda9514a098.txt
2008_008528_jpg.rf.3c5dec747a17621ed32fe2efe97ba64a.jpg,2008_008528_jpg.rf.3c5dec747a17621ed32fe2efe97ba64a.txt
2009_004530_jpg.rf.eb64db9fa8790ea7623f3c2c1bf8c900.jpg,2009_004530_jpg.rf.eb64db9fa8790ea7623f3c2c1bf8c900.txt
2008_007836_jpg.rf.444983eb7107f265f23b7dc422e8e470.jpg,2008_007836_jpg.rf.444983eb7107f265f23b7dc422e8e470.txt
2011_004384_jpg.rf.74c50ef9e1933e0c8f195355d7b04b08.jpg,2011_004384_jpg.rf.74c50ef9e1933e0c8f195355d7b04b08.txt
2008_003300_jpg.rf.619b8127b68eb1d9a21ae7b93d66b71c.jpg,2008_003300_jpg.rf.619b8127b68eb1d9a21ae7b93d66b71c.txt
2009_005111_jpg.rf.6b15459458e8c9f8559c7d30b51e0049.jpg,2009_005111_jpg.rf.6b15459458e8c9f8559c7d30b51e0049.txt
2008_007942_jpg.rf.aa97536acfcfedf5b4bbcb2f1a33f7ba.jpg,2008_007942_jpg.rf.aa97536acfcfedf5b4bbcb2f1a33f7ba.txt
2008_003128_jpg.rf.c363df62b3dbbba6f64aae83ae50666c.jpg,2008_003128_jpg.rf.c363df62b3dbbba6f64aae83ae50666c.txt
2011_004283_jpg.rf.9b68fa9c767feb800f9e6df7aa1722a1.jpg,2011_004283_jpg.rf.9b68fa9c767feb800f9e6df7aa1722a1.txt
2008_003275_jpg.rf.5074c6b0977fe4398cf19d7cf5f9317a.jpg,2008_003275_jpg.rf.5074c6b0977fe4398cf19d7cf5f9317a.txt
2008_002795_jpg.rf.78412423a4d32912673daec55c0db0ed.jpg,2008_002795_jpg.rf.78412423a4d32912673daec55c0db0ed.txt
2008_007935_jpg.rf.6f266b4fb5b1c2c739bced46f044b9c2.jpg,2008_007935_jpg.rf.6f266b4fb5b1c2c739bced46f044b9c2.txt
2011_004158_jpg.rf.de3cf5021e239c80f6f41d981f2d9fce.jpg,2011_004158_jpg.rf.de3cf5021e239c80f6f41d981f2d9fce.txt
2009_002253_jpg.rf.b78277083a9b20f16d34aafb4e53d680.jpg,2009_002253_jpg.rf.b78277083a9b20f16d34aafb4e53d680.txt
2009_003032_jpg.rf.e9f06bda98d691faa2aee7b616874e68.jpg,2009_003032_jpg.rf.e9f06bda98d691faa2aee7b616874e68.txt
2008_008501_jpg.rf.dba1879dd612191d33046052bc373cf8.jpg,2008_008501_jpg.rf.dba1879dd612191d33046052bc373cf8.txt
2008_002787_jpg.rf.c6c2d564b9266baf376e33878be9ade1.jpg,2008_002787_jpg.rf.c6c2d564b9266baf376e33878be9ade1.txt
2009_003504_jpg.rf.fd6d12120423f0ede538cf892ae49163.jpg,2009_003504_jpg.rf.fd6d12120423f0ede538cf892ae49163.txt
2009_003083_jpg.rf.0c8e4b20f9362ba449631b66a01bb3c7.jpg,2009_003083_jpg.rf.0c8e4b20f9362ba449631b66a01bb3c7.txt
2011_004335_jpg.rf.d2059b194b52e6f0662b70077b269e44.jpg,2011_004335_jpg.rf.d2059b194b52e6f0662b70077b269e44.txt
2008_006403_jpg.rf.d5b15b4d8c5c89bcfd89a7b4b13051f1.jpg,2008_006403_jpg.rf.d5b15b4d8c5c89bcfd89a7b4b13051f1.txt
2008_008274_jpg.rf.edc0ff67a471fd90f590d5048b693b02.jpg,2008_008274_jpg.rf.edc0ff67a471fd90f590d5048b693b02.txt
2011_004036_jpg.rf.5e5a72f39438e64c6517799cbfdb9b2e.jpg,2011_004036_jpg.rf.5e5a72f39438e64c6517799cbfdb9b2e.txt
2009_004094_jpg.rf.4ffa244e4c7b5795dad7102d842bdee9.jpg,2009_004094_jpg.rf.4ffa244e4c7b5795dad7102d842bdee9.txt
2009_003194_jpg.rf.81dfd1e0c911e6f097b8886042a13f77.jpg,2009_003194_jpg.rf.81dfd1e0c911e6f097b8886042a13f77.txt
2009_004371_jpg.rf.b9afd43f4a218d07a06ff9f2d81606a4.jpg,2009_004371_jpg.rf.b9afd43f4a218d07a06ff9f2d81606a4.txt
2009_002993_jpg.rf.3893ac98320bf0a18dc23e391a261bf0.jpg,2009_002993_jpg.rf.3893ac98320bf0a18dc23e391a261bf0.txt
2009_004218_jpg.rf.459989ec4baec7e339ca56f1b0c04eac.jpg,2009_004218_jpg.rf.459989ec4baec7e339ca56f1b0c04eac.txt
2009_003551_jpg.rf.f560bbd534f1eb88d5cc2ce650213744.jpg,2009_003551_jpg.rf.f560bbd534f1eb88d5cc2ce650213744.txt
2009_004445_jpg.rf.f0bf7ecddc85a943367cdf34437c66fc.jpg,2009_004445_jpg.rf.f0bf7ecddc85a943367cdf34437c66fc.txt
2009_003089_jpg.rf.9e9fb68c5729f6518c77010a1faf40d9.jpg,2009_003089_jpg.rf.9e9fb68c5729f6518c77010a1faf40d9.txt
2009_003165_jpg.rf.0f17896b878e35323d6a7640d05d30f8.jpg,2009_003165_jpg.rf.0f17896b878e35323d6a7640d05d30f8.txt
2009_002371_jpg.rf.a34caf16a93076f157942be3cbd1d77e.jpg,2009_002371_jpg.rf.a34caf16a93076f157942be3cbd1d77e.txt
2009_003261_jpg.rf.f09fceb180b3a26347cfc0909d2e2864.jpg,2009_003261_jpg.rf.f09fceb180b3a26347cfc0909d2e2864.txt
2009_002226_jpg.rf.83b6d4f10625c7c27586045258f56c19.jpg,2009_002226_jpg.rf.83b6d4f10625c7c27586045258f56c19.txt
2008_006523_jpg.rf.4c1313a8f8efb7238852d1a948c1b4ed.jpg,2008_006523_jpg.rf.4c1313a8f8efb7238852d1a948c1b4ed.txt
2008_006625_jpg.rf.4bcf8bb97133304588b543cef5afc88f.jpg,2008_006625_jpg.rf.4bcf8bb97133304588b543cef5afc88f.txt
2009_004988_jpg.rf.3d7458b67a08f2ca755ef3e41a48e7f4.jpg,2009_004988_jpg.rf.3d7458b67a08f2ca755ef3e41a48e7f4.txt
2008_002774_jpg.rf.83eca7d449fa93502c37815e47572bb5.jpg,2008_002774_jpg.rf.83eca7d449fa93502c37815e47572bb5.txt
2011_004640_jpg.rf.2cee7d0861ad8131344a3877a233705f.jpg,2011_004640_jpg.rf.2cee7d0861ad8131344a3877a233705f.txt
2008_003484_jpg.rf.c06fbd6ea842ec6a0171fea2e6774bc7.jpg,2008_003484_jpg.rf.c06fbd6ea842ec6a0171fea2e6774bc7.txt
2008_003429_jpg.rf.da363d7cb2247c3ad02db2cf286dc1ed.jpg,2008_003429_jpg.rf.da363d7cb2247c3ad02db2cf286dc1ed.txt
2011_004282_jpg.rf.30b8abb67707d0dc93c104dab5605120.jpg,2011_004282_jpg.rf.30b8abb67707d0dc93c104dab5605120.txt
2011_004401_jpg.rf.e796f29c796756a0aee619e34ff46d0a.jpg,2011_004401_jpg.rf.e796f29c796756a0aee619e34ff46d0a.txt
2008_002804_jpg.rf.b909049a795e6647312df661436b4526.jpg,2008_002804_jpg.rf.b909049a795e6647312df661436b4526.txt
2008_003200_jpg.rf.dccd460f5747fadda794e40cea4512b7.jpg,2008_003200_jpg.rf.dccd460f5747fadda794e40cea4512b7.txt
2009_002570_jpg.rf.f4b02622389dfffb94c818e83fdcc6c9.jpg,2009_002570_jpg.rf.f4b02622389dfffb94c818e83fdcc6c9.txt
2008_008203_jpg.rf.6dd18a572bea6ee4d0bab7687ba9dcc8.jpg,2008_008203_jpg.rf.6dd18a572bea6ee4d0bab7687ba9dcc8.txt
2009_002470_jpg.rf.0b0678acb74da1dcaee8b5fa2e723eea.jpg,2009_002470_jpg.rf.0b0678acb74da1dcaee8b5fa2e723eea.txt
2011_003365_jpg.rf.062e001b949b6ad91ab2bfe364ff9d85.jpg,2011_003365_jpg.rf.062e001b949b6ad91ab2bfe364ff9d85.txt
2009_002632_jpg.rf.a9a1056d1c3b2601ff7c2748a6dc33bc.jpg,2009_002632_jpg.rf.a9a1056d1c3b2601ff7c2748a6dc33bc.txt
2009_003913_jpg.rf.fccfbf7d98662bbf70febba0308e9bc5.jpg,2009_003913_jpg.rf.fccfbf7d98662bbf70febba0308e9bc5.txt
2009_005162_jpg.rf.712ba6b7a18432d31808d65684956992.jpg,2009_005162_jpg.rf.712ba6b7a18432d31808d65684956992.txt
2008_003251_jpg.rf.f01804a399f91e4c2007e82d131993aa.jpg,2008_003251_jpg.rf.f01804a399f91e4c2007e82d131993aa.txt
2009_002215_jpg.rf.71dfb60d3037ffbd856f941fc5dc90f8.jpg,2009_002215_jpg.rf.71dfb60d3037ffbd856f941fc5dc90f8.txt
2009_003849_jpg.rf.dfcf0898500becb3681452ef43a6bacf.jpg,2009_003849_jpg.rf.dfcf0898500becb3681452ef43a6bacf.txt
2009_003576_jpg.rf.dffd07b26cac347fa8dcfc4cce4cfac0.jpg,2009_003576_jpg.rf.dffd07b26cac347fa8dcfc4cce4cfac0.txt
2011_003811_jpg.rf.0be204ec187ed7f69a189f6c5ee62001.jpg,2011_003811_jpg.rf.0be204ec187ed7f69a189f6c5ee62001.txt
2011_004718_jpg.rf.89190ef653d8cfb7566227c589d88e9f.jpg,2011_004718_jpg.rf.89190ef653d8cfb7566227c589d88e9f.txt
2008_007507_jpg.rf.cbdc524f60686ac5e0956f907f4145eb.jpg,2008_007507_jpg.rf.cbdc524f60686ac5e0956f907f4145eb.txt
2009_002856_jpg.rf.30b8f3c40875dcdef4365773347e1cb2.jpg,2009_002856_jpg.rf.30b8f3c40875dcdef4365773347e1cb2.txt
2009_002673_jpg.rf.474bee19d51113d8ee896a66d37e422d.jpg,2009_002673_jpg.rf.474bee19d51113d8ee896a66d37e422d.txt
2009_002592_jpg.rf.dff9bc81c6bb703fd36d04c31b295adf.jpg,2009_002592_jpg.rf.dff9bc81c6bb703fd36d04c31b295adf.txt
2008_003348_jpg.rf.21c6acd535784d1505f306d00b75244b.jpg,2008_003348_jpg.rf.21c6acd535784d1505f306d00b75244b.txt
2009_002559_jpg.rf.483817e355cade73b6389ee733d2dac2.jpg,2009_002559_jpg.rf.483817e355cade73b6389ee733d2dac2.txt
2008_006946_jpg.rf.61497ad0c03b55d940ff11ae6f6d6931.jpg,2008_006946_jpg.rf.61497ad0c03b55d940ff11ae6f6d6931.txt
2009_004686_jpg.rf.41588f086aebd7eb47ca25c1ca630f14.jpg,2009_004686_jpg.rf.41588f086aebd7eb47ca25c1ca630f14.txt
2009_003267_jpg.rf.f58d83752e329b0b5294208cbde3c8d0.jpg,2009_003267_jpg.rf.f58d83752e329b0b5294208cbde3c8d0.txt
2009_003333_jpg.rf.8d76730bf5dc3590adcf000162f7d41a.jpg,2009_003333_jpg.rf.8d76730bf5dc3590adcf000162f7d41a.txt
2008_003793_jpg.rf.f38bd8ae60a6235a30da6a2dfeecd6f4.jpg,2008_003793_jpg.rf.f38bd8ae60a6235a30da6a2dfeecd6f4.txt
2008_006981_jpg.rf.66e7bc67e517317c1ddb037e196e14fb.jpg,2008_006981_jpg.rf.66e7bc67e517317c1ddb037e196e14fb.txt
2008_006538_jpg.rf.5d391a4b5fc200a35f7cc10cf1e6a29d.jpg,2008_006538_jpg.rf.5d391a4b5fc200a35f7cc10cf1e6a29d.txt
2011_004117_jpg.rf.599a9f9a76c271a7bc0f3a108ffb90a1.jpg,2011_004117_jpg.rf.599a9f9a76c271a7bc0f3a108ffb90a1.txt
2011_004906_jpg.rf.0d40b2d074aa7aa68227bd8b6cc2cfc7.jpg,2011_004906_jpg.rf.0d40b2d074aa7aa68227bd8b6cc2cfc7.txt
2008_007567_jpg.rf.ef49f90f87dd7514e5128f39f5e63790.jpg,2008_007567_jpg.rf.ef49f90f87dd7514e5128f39f5e63790.txt
2011_003559_jpg.rf.04bf1eaac9817bc8121aa011b51db065.jpg,2011_003559_jpg.rf.04bf1eaac9817bc8121aa011b51db065.txt
2011_003984_jpg.rf.de2e8271c9b62fac42f0d2af4d94be77.jpg,2011_003984_jpg.rf.de2e8271c9b62fac42f0d2af4d94be77.txt
2011_005043_jpg.rf.4a22c2b1e3eee6c27f7a3d2699181bf4.jpg,2011_005043_jpg.rf.4a22c2b1e3eee6c27f7a3d2699181bf4.txt
2008_003813_jpg.rf.8316bbf938fd1c8829d5109af50159d1.jpg,2008_003813_jpg.rf.8316bbf938fd1c8829d5109af50159d1.txt
2011_003357_jpg.rf.93d447fa9a4dba6ba5b19b55fc1b5dce.jpg,2011_003357_jpg.rf.93d447fa9a4dba6ba5b19b55fc1b5dce.txt
2009_003857_jpg.rf.a16d61b3247f57e2ee5b139c94bb92a8.jpg,2009_003857_jpg.rf.a16d61b3247f57e2ee5b139c94bb92a8.txt
2009_002386_jpg.rf.461923d43c0c13dc5957a76026bdd8c2.jpg,2009_002386_jpg.rf.461923d43c0c13dc5957a76026bdd8c2.txt
2009_004001_jpg.rf.8c6dbb4d1681aaf0100f3ceed4bc7433.jpg,2009_004001_jpg.rf.8c6dbb4d1681aaf0100f3ceed4bc7433.txt
2008_003100_jpg.rf.1540de20daf486a85c1ab5827f6b5527.jpg,2008_003100_jpg.rf.1540de20daf486a85c1ab5827f6b5527.txt
2009_005036_jpg.rf.7724424fc574278cb58c555c2a9666ad.jpg,2009_005036_jpg.rf.7724424fc574278cb58c555c2a9666ad.txt
2008_007985_jpg.rf.83cc7ba7db45a6a0df3068d5a9fa3ab9.jpg,2008_007985_jpg.rf.83cc7ba7db45a6a0df3068d5a9fa3ab9.txt
2009_004570_jpg.rf.7e13095f67a7983e9040ade57fb838a9.jpg,2009_004570_jpg.rf.7e13095f67a7983e9040ade57fb838a9.txt
2008_008075_jpg.rf.4ce1d97cc81ce0fdecdb6d256771da94.jpg,2008_008075_jpg.rf.4ce1d97cc81ce0fdecdb6d256771da94.txt
2008_007145_jpg.rf.bd7bedbc02b9dfe52773ec4b8f2305d7.jpg,2008_007145_jpg.rf.bd7bedbc02b9dfe52773ec4b8f2305d7.txt
2009_002128_jpg.rf.bbf4fe7c1bb6edd496d9a6de4f521f17.jpg,2009_002128_jpg.rf.bbf4fe7c1bb6edd496d9a6de4f521f17.txt
2008_008324_jpg.rf.2a0ab5a3994f49e52b0c8162a8b86f2e.jpg,2008_008324_jpg.rf.2a0ab5a3994f49e52b0c8162a8b86f2e.txt
2008_003835_jpg.rf.eb6fea438cbc1ac83a42721707b54ec5.jpg,2008_003835_jpg.rf.eb6fea438cbc1ac83a42721707b54ec5.txt
2008_008064_jpg.rf.89d46482b9db053ccbf6729b0c742680.jpg,2008_008064_jpg.rf.89d46482b9db053ccbf6729b0c742680.txt
2011_004655_jpg.rf.202daae739f0d45db18623ec4370c517.jpg,2011_004655_jpg.rf.202daae739f0d45db18623ec4370c517.txt
2008_002687_jpg.rf.d26115c9b6c3962b2a68730d44b2cedc.jpg,2008_002687_jpg.rf.d26115c9b6c3962b2a68730d44b2cedc.txt
2011_003476_jpg.rf.4cddc375dfea645ff7960a1b9ae01c35.jpg,2011_003476_jpg.rf.4cddc375dfea645ff7960a1b9ae01c35.txt
2009_002967_jpg.rf.d1589ba8bd4a697330ac3b154c5bd6aa.jpg,2009_002967_jpg.rf.d1589ba8bd4a697330ac3b154c5bd6aa.txt
2009_004157_jpg.rf.6770ca8a5b540e7295691a23cc8cceb5.jpg,2009_004157_jpg.rf.6770ca8a5b540e7295691a23cc8cceb5.txt
2011_004096_jpg.rf.68df6dc2b289729074682a9dc84a2233.jpg,2011_004096_jpg.rf.68df6dc2b289729074682a9dc84a2233.txt
2008_008122_jpg.rf.bb22ad92576bb72ed37d12eb2f931e15.jpg,2008_008122_jpg.rf.bb22ad92576bb72ed37d12eb2f931e15.txt
2008_003777_jpg.rf.ea8a6939c3cffe6adda40d06f7fe5267.jpg,2008_003777_jpg.rf.ea8a6939c3cffe6adda40d06f7fe5267.txt
2008_007760_jpg.rf.7e5b257448861f92dd7fbefcbe27437f.jpg,2008_007760_jpg.rf.7e5b257448861f92dd7fbefcbe27437f.txt
2008_007129_jpg.rf.a6d3eebd2254c9b2dafd67e85d3403b4.jpg,2008_007129_jpg.rf.a6d3eebd2254c9b2dafd67e85d3403b4.txt
2009_004651_jpg.rf.8b6cbe2c2455fc8eecbfb4bab1313fdc.jpg,2009_004651_jpg.rf.8b6cbe2c2455fc8eecbfb4bab1313fdc.txt
2008_003762_jpg.rf.d1df3ff1f438772e9a8404c37fe8c305.jpg,2008_003762_jpg.rf.d1df3ff1f438772e9a8404c37fe8c305.txt
2008_007675_jpg.rf.85fc3058afa6e10c3e7e430255741b8d.jpg,2008_007675_jpg.rf.85fc3058afa6e10c3e7e430255741b8d.txt
2011_004586_jpg.rf.2803cfa368d6125264877216f9b4131f.jpg,2011_004586_jpg.rf.2803cfa368d6125264877216f9b4131f.txt
2009_002425_jpg.rf.5b230da60569541543859767909fb3a0.jpg,2009_002425_jpg.rf.5b230da60569541543859767909fb3a0.txt
2008_007585_jpg.rf.4981b17db17eceb4b765fea2f604f23a.jpg,2008_007585_jpg.rf.4981b17db17eceb4b765fea2f604f23a.txt
2009_004357_jpg.rf.b3f354c724a3300499874db73d002ea3.jpg,2009_004357_jpg.rf.b3f354c724a3300499874db73d002ea3.txt
2009_005084_jpg.rf.b3ade88bdca4193f3bbcab0be0c4e173.jpg,2009_005084_jpg.rf.b3ade88bdca4193f3bbcab0be0c4e173.txt
2011_004097_jpg.rf.d3fa20b40aec6c90358d08358c9653b8.jpg,2011_004097_jpg.rf.d3fa20b40aec6c90358d08358c9653b8.txt
2008_007511_jpg.rf.6657e7204273738931cdcfd96bd78fd8.jpg,2008_007511_jpg.rf.6657e7204273738931cdcfd96bd78fd8.txt
2009_005189_jpg.rf.504b38ca0e225aeb71a8422f55c9b9f1.jpg,2009_005189_jpg.rf.504b38ca0e225aeb71a8422f55c9b9f1.txt
2008_007269_jpg.rf.95a20ffa37feb8e455ade738a2b0a428.jpg,2008_007269_jpg.rf.95a20ffa37feb8e455ade738a2b0a428.txt
2008_003831_jpg.rf.73a11385952ac825e85ac6b78797652a.jpg,2008_003831_jpg.rf.73a11385952ac825e85ac6b78797652a.txt
2011_004685_jpg.rf.1b38307fd3f270e6ff661ec8a114e9f2.jpg,2011_004685_jpg.rf.1b38307fd3f270e6ff661ec8a114e9f2.txt
2009_003013_jpg.rf.af2728cd09e1dc5f6d1880f18de62424.jpg,2009_003013_jpg.rf.af2728cd09e1dc5f6d1880f18de62424.txt
2011_004445_jpg.rf.a94a1f6ec46288393bbb715cb9af9130.jpg,2011_004445_jpg.rf.a94a1f6ec46288393bbb715cb9af9130.txt
2011_004858_jpg.rf.5c4898eef2ec5c1595df54870bcbc6ab.jpg,2011_004858_jpg.rf.5c4898eef2ec5c1595df54870bcbc6ab.txt
2009_005161_jpg.rf.169ddfcf94315aae608ca275c3e8b51d.jpg,2009_005161_jpg.rf.169ddfcf94315aae608ca275c3e8b51d.txt
2009_005086_jpg.rf.1937f4d66e1d249b92c669aa613a27f9.jpg,2009_005086_jpg.rf.1937f4d66e1d249b92c669aa613a27f9.txt
2011_004545_jpg.rf.ee9e00b6f60232db6f0d2f1c019e1313.jpg,2011_004545_jpg.rf.ee9e00b6f60232db6f0d2f1c019e1313.txt
2009_003304_jpg.rf.d803ff78403dcfaa85be040043d7863b.jpg,2009_003304_jpg.rf.d803ff78403dcfaa85be040043d7863b.txt
2008_006924_jpg.rf.00b2e7d88310e451410b4317fe07ccf4.jpg,2008_006924_jpg.rf.00b2e7d88310e451410b4317fe07ccf4.txt
2008_006558_jpg.rf.ffd8ce6402020ff75673e6a0bf5ebe82.jpg,2008_006558_jpg.rf.ffd8ce6402020ff75673e6a0bf5ebe82.txt
2011_004775_jpg.rf.13cdd861e0391deb73169ba68b343a7b.jpg,2011_004775_jpg.rf.13cdd861e0391deb73169ba68b343a7b.txt
2009_002879_jpg.rf.37caf759a2831b77e01d46eab7f260e3.jpg,2009_002879_jpg.rf.37caf759a2831b77e01d46eab7f260e3.txt
2011_003299_jpg.rf.198aacddb1ea581b809c849ea0d5fd49.jpg,2011_003299_jpg.rf.198aacddb1ea581b809c849ea0d5fd49.txt
2009_003713_jpg.rf.afbafd3d02877029d37f9752dff0602b.jpg,2009_003713_jpg.rf.afbafd3d02877029d37f9752dff0602b.txt
2011_004574_jpg.rf.19691b072d0efa3d955b07b642e85f9c.jpg,2011_004574_jpg.rf.19691b072d0efa3d955b07b642e85f9c.txt
2008_003501_jpg.rf.5af8aa2f49b9e22b96464e8970b6101a.jpg,2008_003501_jpg.rf.5af8aa2f49b9e22b96464e8970b6101a.txt
2009_003820_jpg.rf.04931abef1054fbf9fa15c9aa14ed2d8.jpg,2009_003820_jpg.rf.04931abef1054fbf9fa15c9aa14ed2d8.txt
2009_004716_jpg.rf.0dde879ae172d539a277dddc17cee442.jpg,2009_004716_jpg.rf.0dde879ae172d539a277dddc17cee442.txt
2009_004390_jpg.rf.006c79578e736764e1a976a5ddc812ce.jpg,2009_004390_jpg.rf.006c79578e736764e1a976a5ddc812ce.txt
2008_006475_jpg.rf.4a789805a9c0139e275a793fe0c8218a.jpg,2008_006475_jpg.rf.4a789805a9c0139e275a793fe0c8218a.txt
2008_003916_jpg.rf.e126f071d55ea4084d7fc8b8a7802b5e.jpg,2008_003916_jpg.rf.e126f071d55ea4084d7fc8b8a7802b5e.txt
2011_003349_jpg.rf.fa7fa45a3e6c725848956984f7580dc0.jpg,2011_003349_jpg.rf.fa7fa45a3e6c725848956984f7580dc0.txt
2008_003140_jpg.rf.ef517908bfcdcf4294dfd9a02f26d49a.jpg,2008_003140_jpg.rf.ef517908bfcdcf4294dfd9a02f26d49a.txt
2008_006461_jpg.rf.858408ecdc81cd6212a9b5125a559cee.jpg,2008_006461_jpg.rf.858408ecdc81cd6212a9b5125a559cee.txt
2011_003756_jpg.rf.0b1d1e39fccc2906ee14ed9c4f451ccf.jpg,2011_003756_jpg.rf.0b1d1e39fccc2906ee14ed9c4f451ccf.txt
2008_007994_jpg.rf.2593ff3ced214f8e93401df4675ec93e.jpg,2008_007994_jpg.rf.2593ff3ced214f8e93401df4675ec93e.txt
2009_002123_jpg.rf.d8b6c9cb641f71452b8c5157a0b7b297.jpg,2009_002123_jpg.rf.d8b6c9cb641f71452b8c5157a0b7b297.txt
2009_002928_jpg.rf.d3bb721fb1399cac7780b4f36f5322ad.jpg,2009_002928_jpg.rf.d3bb721fb1399cac7780b4f36f5322ad.txt
2009_003722_jpg.rf.330cafafbf0ad76355eaff9c8ff90aa8.jpg,2009_003722_jpg.rf.330cafafbf0ad76355eaff9c8ff90aa8.txt
2009_003725_jpg.rf.34c41d5a0f95b5233c2ecb2adc535a0b.jpg,2009_003725_jpg.rf.34c41d5a0f95b5233c2ecb2adc535a0b.txt
2008_008552_jpg.rf.8a870c78cc0cd17650d15d5f52c9fe12.jpg,2008_008552_jpg.rf.8a870c78cc0cd17650d15d5f52c9fe12.txt
2009_004836_jpg.rf.3c84f575410bc13ddc169756015c5c02.jpg,2009_004836_jpg.rf.3c84f575410bc13ddc169756015c5c02.txt
2008_003613_jpg.rf.da20d7a65b8aea258d7aa1fa071667a4.jpg,2008_003613_jpg.rf.da20d7a65b8aea258d7aa1fa071667a4.txt
2009_002739_jpg.rf.9f89e0e5987691bd3af5c8ec1fded833.jpg,2009_002739_jpg.rf.9f89e0e5987691bd3af5c8ec1fded833.txt
2011_004850_jpg.rf.958e2eb9ecf614d321346a5ac674d3d8.jpg,2011_004850_jpg.rf.958e2eb9ecf614d321346a5ac674d3d8.txt
2009_003627_jpg.rf.90bffec96b8cbe6af9eacaac7afc3286.jpg,2009_003627_jpg.rf.90bffec96b8cbe6af9eacaac7afc3286.txt
2008_007793_jpg.rf.dc8d210ed3550b0920569914457cab06.jpg,2008_007793_jpg.rf.dc8d210ed3550b0920569914457cab06.txt
2011_004103_jpg.rf.93c7decdea4b692fd13c9227713c6f3c.jpg,2011_004103_jpg.rf.93c7decdea4b692fd13c9227713c6f3c.txt
2008_008482_jpg.rf.a40d7aec80c318a5347bcd99005c9497.jpg,2008_008482_jpg.rf.a40d7aec80c318a5347bcd99005c9497.txt
2011_004312_jpg.rf.8e18c9cacd0d1977754da1e077cda49c.jpg,2011_004312_jpg.rf.8e18c9cacd0d1977754da1e077cda49c.txt
2008_002752_jpg.rf.10dd5c1c2ba0d561a9b5f17d38ad6c81.jpg,2008_002752_jpg.rf.10dd5c1c2ba0d561a9b5f17d38ad6c81.txt
2008_003141_jpg.rf.57e255f3d6deb9f2fa5ce2d4ecd317c7.jpg,2008_003141_jpg.rf.57e255f3d6deb9f2fa5ce2d4ecd317c7.txt
2009_002708_jpg.rf.65aacb708a193d2364953a5e986cec60.jpg,2009_002708_jpg.rf.65aacb708a193d2364953a5e986cec60.txt
2009_004442_jpg.rf.eaba3687a4941daaec2ff65a5f4d5360.jpg,2009_004442_jpg.rf.eaba3687a4941daaec2ff65a5f4d5360.txt
2009_004217_jpg.rf.f2a06aa102cda5a528a2041b40f445fb.jpg,2009_004217_jpg.rf.f2a06aa102cda5a528a2041b40f445fb.txt
2008_007298_jpg.rf.1bb5533d04915e535e89f357098cfb60.jpg,2008_007298_jpg.rf.1bb5533d04915e535e89f357098cfb60.txt
2008_002817_jpg.rf.ca4d02a7294f7451f4042980793c006b.jpg,2008_002817_jpg.rf.ca4d02a7294f7451f4042980793c006b.txt
2008_007513_jpg.rf.478d8108a42f70086373bd7f75c9d8a2.jpg,2008_007513_jpg.rf.478d8108a42f70086373bd7f75c9d8a2.txt
2008_003933_jpg.rf.8e58de6b9304344ad375165e07f5ea73.jpg,2008_003933_jpg.rf.8e58de6b9304344ad375165e07f5ea73.txt
2008_007448_jpg.rf.74b9033de66baf6a9f20dc38c83b57d3.jpg,2008_007448_jpg.rf.74b9033de66baf6a9f20dc38c83b57d3.txt
2009_002758_jpg.rf.1a9eb4f0a29e69fe47921c168e958585.jpg,2009_002758_jpg.rf.1a9eb4f0a29e69fe47921c168e958585.txt
2008_003884_jpg.rf.8380c57f38ca9ae5c94b520660971195.jpg,2008_003884_jpg.rf.8380c57f38ca9ae5c94b520660971195.txt
2008_008363_jpg.rf.c41047ce5cb97961a56b408d3c2cbe6d.jpg,2008_008363_jpg.rf.c41047ce5cb97961a56b408d3c2cbe6d.txt
2011_004407_jpg.rf.aa04d222ed0fefd86af0821145ad0497.jpg,2011_004407_jpg.rf.aa04d222ed0fefd86af0821145ad0497.txt
2011_004277_jpg.rf.6324dbce6a28e7420950b839c2dc6d33.jpg,2011_004277_jpg.rf.6324dbce6a28e7420950b839c2dc6d33.txt
2011_004120_jpg.rf.876c4420ec21fce0a9a5d544db6f5ddf.jpg,2011_004120_jpg.rf.876c4420ec21fce0a9a5d544db6f5ddf.txt
2011_004946_jpg.rf.7891659ee1c8ce5c3b7b3d8566c156e4.jpg,2011_004946_jpg.rf.7891659ee1c8ce5c3b7b3d8566c156e4.txt
2011_004570_jpg.rf.1b321782cc20dab391f714b176d0d921.jpg,2011_004570_jpg.rf.1b321782cc20dab391f714b176d0d921.txt
2008_008434_jpg.rf.66b4e034106b96711ce39144376f0b5f.jpg,2008_008434_jpg.rf.66b4e034106b96711ce39144376f0b5f.txt
2011_004330_jpg.rf.c4ac110df6bd8c700fa114f9f27af7bb.jpg,2011_004330_jpg.rf.c4ac110df6bd8c700fa114f9f27af7bb.txt
2011_003860_jpg.rf.c573c159af74ea5ce9a04cba8b184d8a.jpg,2011_003860_jpg.rf.c573c159af74ea5ce9a04cba8b184d8a.txt
2009_004769_jpg.rf.20662d4c792fdd652812f722ba0770b8.jpg,2009_004769_jpg.rf.20662d4c792fdd652812f722ba0770b8.txt
2009_003612_jpg.rf.eb61de8c288e5e077b1b2c9a0d9cd88c.jpg,2009_003612_jpg.rf.eb61de8c288e5e077b1b2c9a0d9cd88c.txt
2009_003054_jpg.rf.40ff8753fee9b51bee4e30f2cc77ec0e.jpg,2009_003054_jpg.rf.40ff8753fee9b51bee4e30f2cc77ec0e.txt
2008_006564_jpg.rf.d9c06cbe0c1a0d97bf811a002123cd5e.jpg,2008_006564_jpg.rf.d9c06cbe0c1a0d97bf811a002123cd5e.txt
2011_004194_jpg.rf.1966e40af8399d7a94866fd7cfdf1902.jpg,2011_004194_jpg.rf.1966e40af8399d7a94866fd7cfdf1902.txt
2008_006665_jpg.rf.a9cf43908d32317449c5b8ef8914ac52.jpg,2008_006665_jpg.rf.a9cf43908d32317449c5b8ef8914ac52.txt
2008_007227_jpg.rf.a172bf59a47e861c4a46eab9ef790f58.jpg,2008_007227_jpg.rf.a172bf59a47e861c4a46eab9ef790f58.txt
2009_004005_jpg.rf.2ab9b1c4941c00b0982351a58e3a1da1.jpg,2009_004005_jpg.rf.2ab9b1c4941c00b0982351a58e3a1da1.txt
2009_002231_jpg.rf.eec1b2e0a6e061591c37b34a76d1206c.jpg,2009_002231_jpg.rf.eec1b2e0a6e061591c37b34a76d1206c.txt
2011_003884_jpg.rf.25f5a50a9b39a5fc950a7e9ce427c13b.jpg,2011_003884_jpg.rf.25f5a50a9b39a5fc950a7e9ce427c13b.txt
2008_007397_jpg.rf.4fc2b401951c7edfef1fc2da80a64594.jpg,2008_007397_jpg.rf.4fc2b401951c7edfef1fc2da80a64594.txt
2009_002228_jpg.rf.2c7d36fe212b01f5e43740ace24599cb.jpg,2009_002228_jpg.rf.2c7d36fe212b01f5e43740ace24599cb.txt
2008_008086_jpg.rf.7f144ad1f21bf1f4a2eabcc6781ce89f.jpg,2008_008086_jpg.rf.7f144ad1f21bf1f4a2eabcc6781ce89f.txt
2009_003091_jpg.rf.64ef732f1373b00db08098d3335a8fa5.jpg,2009_003091_jpg.rf.64ef732f1373b00db08098d3335a8fa5.txt
2008_003090_jpg.rf.364b9f19704672b1741747f3ebe296d2.jpg,2008_003090_jpg.rf.364b9f19704672b1741747f3ebe296d2.txt
2009_004759_jpg.rf.44ae330d2ede90d9203f5be192bf1c1d.jpg,2009_004759_jpg.rf.44ae330d2ede90d9203f5be192bf1c1d.txt
2009_003707_jpg.rf.d52c73cf5480bdb58e60916d617a09f1.jpg,2009_003707_jpg.rf.d52c73cf5480bdb58e60916d617a09f1.txt
2011_003449_jpg.rf.ac65cf219468b0b7e5c41825a596f77a.jpg,2011_003449_jpg.rf.ac65cf219468b0b7e5c41825a596f77a.txt
2009_005035_jpg.rf.ba43ab4d2ad232d4cd530f3d073be3c2.jpg,2009_005035_jpg.rf.ba43ab4d2ad232d4cd530f3d073be3c2.txt
2009_004112_jpg.rf.46d6a70b8c83e978c6e2e8d99937e271.jpg,2009_004112_jpg.rf.46d6a70b8c83e978c6e2e8d99937e271.txt
2008_008184_jpg.rf.833ec9c6b81e6813bc5d07b31c039089.jpg,2008_008184_jpg.rf.833ec9c6b81e6813bc5d07b31c039089.txt
2008_008106_jpg.rf.ae5b343e47627d5f50fed86d2513c1d7.jpg,2008_008106_jpg.rf.ae5b343e47627d5f50fed86d2513c1d7.txt
2011_003491_jpg.rf.f61c35d33d0a851ec94df2995978d8a1.jpg,2011_003491_jpg.rf.f61c35d33d0a851ec94df2995978d8a1.txt
2009_003417_jpg.rf.8c62bb0458cb7a1e71d90b3575003106.jpg,2009_003417_jpg.rf.8c62bb0458cb7a1e71d90b3575003106.txt
2008_002838_jpg.rf.849bac5563d5e24ad4fce0cb21e1ec28.jpg,2008_002838_jpg.rf.849bac5563d5e24ad4fce0cb21e1ec28.txt
2009_002833_jpg.rf.f9a475d51d542658e74b926725c2c9a8.jpg,2009_002833_jpg.rf.f9a475d51d542658e74b926725c2c9a8.txt
2008_007241_jpg.rf.96f5488caf3a1fe6245582df70490ee4.jpg,2008_007241_jpg.rf.96f5488caf3a1fe6245582df70490ee4.txt
2011_004446_jpg.rf.67716a89a25eb4ed16a5e380bd286988.jpg,2011_004446_jpg.rf.67716a89a25eb4ed16a5e380bd286988.txt
2008_006825_jpg.rf.70c4b42333994582faf3e9d3ccf80c26.jpg,2008_006825_jpg.rf.70c4b42333994582faf3e9d3ccf80c26.txt
2011_003418_jpg.rf.236c533c888ff9505d034b4bedbf5b96.jpg,2011_003418_jpg.rf.236c533c888ff9505d034b4bedbf5b96.txt
2008_003579_jpg.rf.50c943ef84f1dd76a78ace06de4d79e0.jpg,2008_003579_jpg.rf.50c943ef84f1dd76a78ace06de4d79e0.txt
2009_003095_jpg.rf.619c7fc5aaee0de55f47711702b674b5.jpg,2009_003095_jpg.rf.619c7fc5aaee0de55f47711702b674b5.txt
2008_006989_jpg.rf.e3ced66e42ad29731f23f0eee5a8aca6.jpg,2008_006989_jpg.rf.e3ced66e42ad29731f23f0eee5a8aca6.txt
2008_002719_jpg.rf.e28f98bb2f3e991f15fd7c8cfe7eaf63.jpg,2008_002719_jpg.rf.e28f98bb2f3e991f15fd7c8cfe7eaf63.txt
2008_003821_jpg.rf.c5f1a524165db4d7e9da4c994faabd6a.jpg,2008_003821_jpg.rf.c5f1a524165db4d7e9da4c994faabd6a.txt
2008_008338_jpg.rf.55d0aef4806027ab49f04a81d2ed56ef.jpg,2008_008338_jpg.rf.55d0aef4806027ab49f04a81d2ed56ef.txt
2009_004201_jpg.rf.a1009607ab5324e4659e519f75e10b74.jpg,2009_004201_jpg.rf.a1009607ab5324e4659e519f75e10b74.txt
2008_008152_jpg.rf.b1b3cbcbfeefb775d5fbf0e47fd27140.jpg,2008_008152_jpg.rf.b1b3cbcbfeefb775d5fbf0e47fd27140.txt
2009_004642_jpg.rf.a32647903c4499e86157571db261cfd1.jpg,2009_004642_jpg.rf.a32647903c4499e86157571db261cfd1.txt
2008_006502_jpg.rf.0007021b1be21b0fd2500e1e9ce7304e.jpg,2008_006502_jpg.rf.0007021b1be21b0fd2500e1e9ce7304e.txt
2008_003089_jpg.rf.130faacf8acb4500799765410a4581ca.jpg,2008_003089_jpg.rf.130faacf8acb4500799765410a4581ca.txt
2011_004790_jpg.rf.52166ee14642329db4582f7f80e5f115.jpg,2011_004790_jpg.rf.52166ee14642329db4582f7f80e5f115.txt
2011_003693_jpg.rf.56c10d239cd0d2c9d6d1d5405187d7d8.jpg,2011_003693_jpg.rf.56c10d239cd0d2c9d6d1d5405187d7d8.txt
2011_005016_jpg.rf.f9d32e8425b156a3b107b34b9bc559fc.jpg,2011_005016_jpg.rf.f9d32e8425b156a3b107b34b9bc559fc.txt
2009_004828_jpg.rf.c7ed67bbab4035d46d5decfe807197fa.jpg,2009_004828_jpg.rf.c7ed67bbab4035d46d5decfe807197fa.txt
2011_003535_jpg.rf.832f2b718dae078295a7f300d7cc336c.jpg,2011_003535_jpg.rf.832f2b718dae078295a7f300d7cc336c.txt
2009_004933_jpg.rf.efe8e8bd03eed0cfb2c9e87105f2ea94.jpg,2009_004933_jpg.rf.efe8e8bd03eed0cfb2c9e87105f2ea94.txt
2009_003974_jpg.rf.a28d90b9ef08f2c520ef781912518f1f.jpg,2009_003974_jpg.rf.a28d90b9ef08f2c520ef781912518f1f.txt
2008_008365_jpg.rf.5250c964e12f586ba99b370ca8b188a1.jpg,2008_008365_jpg.rf.5250c964e12f586ba99b370ca8b188a1.txt
2009_002282_jpg.rf.9f1d78d4142a551ca0eac8e387dcda2f.jpg,2009_002282_jpg.rf.9f1d78d4142a551ca0eac8e387dcda2f.txt
2009_005218_jpg.rf.927f524ea602e7c6e41e2bf1052d372f.jpg,2009_005218_jpg.rf.927f524ea602e7c6e41e2bf1052d372f.txt
2009_002388_jpg.rf.1e043463105b6c838bc5d97da78e45cb.jpg,2009_002388_jpg.rf.1e043463105b6c838bc5d97da78e45cb.txt
2009_002674_jpg.rf.dca23e5ea931646ae744cd97fda68f2d.jpg,2009_002674_jpg.rf.dca23e5ea931646ae744cd97fda68f2d.txt
2009_002390_jpg.rf.b014a19ebeb2e59cc53b142202650ac9.jpg,2009_002390_jpg.rf.b014a19ebeb2e59cc53b142202650ac9.txt
2011_004227_jpg.rf.75baaae22b78df6a50743d66880a11a6.jpg,2011_004227_jpg.rf.75baaae22b78df6a50743d66880a11a6.txt
2008_006710_jpg.rf.c018f57a620f45daa8f8d771c1cb9d1c.jpg,2008_006710_jpg.rf.c018f57a620f45daa8f8d771c1cb9d1c.txt
2008_003133_jpg.rf.08fa6277e7067871bfa7a1456412fcc2.jpg,2008_003133_jpg.rf.08fa6277e7067871bfa7a1456412fcc2.txt
2008_007500_jpg.rf.2a0e0a39e143ac7b6e8c561ce86e59a6.jpg,2008_007500_jpg.rf.2a0e0a39e143ac7b6e8c561ce86e59a6.txt
2009_003297_jpg.rf.f9a5f01791bd18b02bc82ea90773276c.jpg,2009_003297_jpg.rf.f9a5f01791bd18b02bc82ea90773276c.txt
2009_002420_jpg.rf.82a4d447cbd5d31c81ae181b447643e7.jpg,2009_002420_jpg.rf.82a4d447cbd5d31c81ae181b447643e7.txt
2009_005133_jpg.rf.6b0f210409fba2a34726947d1bed6fe5.jpg,2009_005133_jpg.rf.6b0f210409fba2a34726947d1bed6fe5.txt
2008_007685_jpg.rf.c420170dee96832b1c135f2aff0ca359.jpg,2008_007685_jpg.rf.c420170dee96832b1c135f2aff0ca359.txt
2008_007853_jpg.rf.d02920bc688dfb47d3fc1078c6e7a904.jpg,2008_007853_jpg.rf.d02920bc688dfb47d3fc1078c6e7a904.txt
2009_002139_jpg.rf.a1837612b2b9cd778830d0a7ba97b5c7.jpg,2009_002139_jpg.rf.a1837612b2b9cd778830d0a7ba97b5c7.txt
2011_004676_jpg.rf.a8676ee6ebcdfdc96b4eb5f55f41f2cc.jpg,2011_004676_jpg.rf.a8676ee6ebcdfdc96b4eb5f55f41f2cc.txt
2008_002943_jpg.rf.c132fab9efb3c8007e00c8c8a99ea91c.jpg,2008_002943_jpg.rf.c132fab9efb3c8007e00c8c8a99ea91c.txt
2009_003067_jpg.rf.2c3e98575e713d769aad81c37c0bd15e.jpg,2009_003067_jpg.rf.2c3e98575e713d769aad81c37c0bd15e.txt
2009_004298_jpg.rf.b71ae6ce2dcac169992e6348b3030c7f.jpg,2009_004298_jpg.rf.b71ae6ce2dcac169992e6348b3030c7f.txt
2009_003447_jpg.rf.2e445612df96a740d77d7f85e08c7842.jpg,2009_003447_jpg.rf.2e445612df96a740d77d7f85e08c7842.txt
2008_007629_jpg.rf.71f9af69256b4d2d6a5bdb23d1ee4e43.jpg,2008_007629_jpg.rf.71f9af69256b4d2d6a5bdb23d1ee4e43.txt
2008_007196_jpg.rf.ddca518021d0ef8ada6546dcdc7e24d5.jpg,2008_007196_jpg.rf.ddca518021d0ef8ada6546dcdc7e24d5.txt
2011_003591_jpg.rf.c0bea9a2f637fd9e92ea6878b6c62c15.jpg,2011_003591_jpg.rf.c0bea9a2f637fd9e92ea6878b6c62c15.txt
2008_002705_jpg.rf.ea6bd9281bfdf557a07c8eb14f71697b.jpg,2008_002705_jpg.rf.ea6bd9281bfdf557a07c8eb14f71697b.txt
2009_002938_jpg.rf.e70ef1c5976f0124251d4cac25881b8a.jpg,2009_002938_jpg.rf.e70ef1c5976f0124251d4cac25881b8a.txt
2008_008319_jpg.rf.48b3a73deb84f0a3cd85710e13966821.jpg,2008_008319_jpg.rf.48b3a73deb84f0a3cd85710e13966821.txt
2011_004801_jpg.rf.8eae69ea9dd929101f5e26577fd17eef.jpg,2011_004801_jpg.rf.8eae69ea9dd929101f5e26577fd17eef.txt
2009_003070_jpg.rf.32381208d60f3c2cf510b662a8dda889.jpg,2009_003070_jpg.rf.32381208d60f3c2cf510b662a8dda889.txt
2009_004677_jpg.rf.5e00fb024703ea4f5d24ba21016fa547.jpg,2009_004677_jpg.rf.5e00fb024703ea4f5d24ba21016fa547.txt
2008_002716_jpg.rf.08110f0a79080c5eb9fadf55dbb07ed4.jpg,2008_002716_jpg.rf.08110f0a79080c5eb9fadf55dbb07ed4.txt
2011_004063_jpg.rf.d3e4e1d5cebf64fcc756bd9ff92b32f7.jpg,2011_004063_jpg.rf.d3e4e1d5cebf64fcc756bd9ff92b32f7.txt
2008_007825_jpg.rf.a7b4a263f74cd73534beeefbaad7f225.jpg,2008_007825_jpg.rf.a7b4a263f74cd73534beeefbaad7f225.txt
2008_008379_jpg.rf.888687cc16d8e9786ce69352cca8d9f0.jpg,2008_008379_jpg.rf.888687cc16d8e9786ce69352cca8d9f0.txt
2009_004763_jpg.rf.de4bcad24eb3b81870afbc1f0479be51.jpg,2009_004763_jpg.rf.de4bcad24eb3b81870afbc1f0479be51.txt
2009_004601_jpg.rf.f64a8b8f88e747ebdece2ac8342af043.jpg,2009_004601_jpg.rf.f64a8b8f88e747ebdece2ac8342af043.txt
2008_007966_jpg.rf.a443fd8ab38905120b5c1673321daf99.jpg,2008_007966_jpg.rf.a443fd8ab38905120b5c1673321daf99.txt
2008_003485_jpg.rf.91cc368061113f4379561c980a2cd647.jpg,2008_003485_jpg.rf.91cc368061113f4379561c980a2cd647.txt
2008_007597_jpg.rf.ada2284eae5348753223639d62952014.jpg,2008_007597_jpg.rf.ada2284eae5348753223639d62952014.txt
2011_004514_jpg.rf.78184d0bd3754e9ee7d318b49eb70167.jpg,2011_004514_jpg.rf.78184d0bd3754e9ee7d318b49eb70167.txt
2008_006429_jpg.rf.7407d97de137e9bda45c9729b85ec8ce.jpg,2008_006429_jpg.rf.7407d97de137e9bda45c9729b85ec8ce.txt
2009_003012_jpg.rf.b7f4a6661a297d51c66da7856d5cfca0.jpg,2009_003012_jpg.rf.b7f4a6661a297d51c66da7856d5cfca0.txt
2009_004341_jpg.rf.9f7f8af27e93aadfbbdfe495e50f18bd.jpg,2009_004341_jpg.rf.9f7f8af27e93aadfbbdfe495e50f18bd.txt
2009_002614_jpg.rf.08dfdea8d5f6b1033cc913cdfb1523ae.jpg,2009_002614_jpg.rf.08dfdea8d5f6b1033cc913cdfb1523ae.txt
2009_003908_jpg.rf.4d1eb1ed13b51f602319f30c6e533e2a.jpg,2009_003908_jpg.rf.4d1eb1ed13b51f602319f30c6e533e2a.txt
2008_008011_jpg.rf.9e26600752f3dee3c7aeb045d7f0a343.jpg,2008_008011_jpg.rf.9e26600752f3dee3c7aeb045d7f0a343.txt
2008_003590_jpg.rf.2725f561c6a4d840fa110221c2a2bd7c.jpg,2008_003590_jpg.rf.2725f561c6a4d840fa110221c2a2bd7c.txt
2008_002715_jpg.rf.889f1bef32699ff77894aaa2a2180c93.jpg,2008_002715_jpg.rf.889f1bef32699ff77894aaa2a2180c93.txt
2009_003668_jpg.rf.8fc94c8211842868c8963506500ded09.jpg,2009_003668_jpg.rf.8fc94c8211842868c8963506500ded09.txt
2009_004394_jpg.rf.35c07cabf5b4cfa706ef1b971c80341f.jpg,2009_004394_jpg.rf.35c07cabf5b4cfa706ef1b971c80341f.txt
2011_004830_jpg.rf.77e17a282e5e5a6b2fe8759373f2ce15.jpg,2011_004830_jpg.rf.77e17a282e5e5a6b2fe8759373f2ce15.txt
2008_008242_jpg.rf.a5525ad00247323e04c1ec7dc642743d.jpg,2008_008242_jpg.rf.a5525ad00247323e04c1ec7dc642743d.txt
2009_003973_jpg.rf.062e95721899b3d4153176f3d765845f.jpg,2009_003973_jpg.rf.062e95721899b3d4153176f3d765845f.txt
2009_004449_jpg.rf.7d85ef1cac0185f3bc175d75d4e00a04.jpg,2009_004449_jpg.rf.7d85ef1cac0185f3bc175d75d4e00a04.txt
2008_002852_jpg.rf.64f7b18b717f802976f27ec2d3f1b31c.jpg,2008_002852_jpg.rf.64f7b18b717f802976f27ec2d3f1b31c.txt
2008_003360_jpg.rf.cb1b7cfb1968a5216e89bdf8a1d59f6e.jpg,2008_003360_jpg.rf.cb1b7cfb1968a5216e89bdf8a1d59f6e.txt
2011_004881_jpg.rf.31b5d19d28e4e7cab49864a4801eab4a.jpg,2011_004881_jpg.rf.31b5d19d28e4e7cab49864a4801eab4a.txt
2008_006684_jpg.rf.a0771bf3b4677c2f224a45bfa7a2e6c5.jpg,2008_006684_jpg.rf.a0771bf3b4677c2f224a45bfa7a2e6c5.txt
2011_004177_jpg.rf.e7328f90aa02c7bf1d5d6d973171b1aa.jpg,2011_004177_jpg.rf.e7328f90aa02c7bf1d5d6d973171b1aa.txt
2011_004287_jpg.rf.cb75c17d215797d9fc3fa9fa1493e3cc.jpg,2011_004287_jpg.rf.cb75c17d215797d9fc3fa9fa1493e3cc.txt
2009_003064_jpg.rf.6ab5e51c8102025f5f2543c0666b8e7a.jpg,2009_003064_jpg.rf.6ab5e51c8102025f5f2543c0666b8e7a.txt
2008_008191_jpg.rf.17c9914da48ad1a245e92282563bb531.jpg,2008_008191_jpg.rf.17c9914da48ad1a245e92282563bb531.txt
2008_006926_jpg.rf.ad87758ebfa9f3193a6082a298388986.jpg,2008_006926_jpg.rf.ad87758ebfa9f3193a6082a298388986.txt
2008_008058_jpg.rf.00257327e91864d61464d79c20de67e8.jpg,2008_008058_jpg.rf.00257327e91864d61464d79c20de67e8.txt
2009_003340_jpg.rf.4eac4bf31e38c15a5075c0c4f0d897b6.jpg,2009_003340_jpg.rf.4eac4bf31e38c15a5075c0c4f0d897b6.txt
2008_007608_jpg.rf.bac732929a591a0a7b6608dfb8f84ce3.jpg,2008_007608_jpg.rf.bac732929a591a0a7b6608dfb8f84ce3.txt
2009_004834_jpg.rf.a8cccb084b3367b837fd1fa7dece0d11.jpg,2009_004834_jpg.rf.a8cccb084b3367b837fd1fa7dece0d11.txt
2008_003466_jpg.rf.6a4560016bfc94ba8e48b098b0636fc3.jpg,2008_003466_jpg.rf.6a4560016bfc94ba8e48b098b0636fc3.txt
2009_004732_jpg.rf.b9ba1e51305a159e4c4aeae350e30cfe.jpg,2009_004732_jpg.rf.b9ba1e51305a159e4c4aeae350e30cfe.txt
2009_005204_jpg.rf.24a089768f34b2bbbd1bc9b4855778c5.jpg,2009_005204_jpg.rf.24a089768f34b2bbbd1bc9b4855778c5.txt
2009_004507_jpg.rf.b77fcba02783eaa7fef0afd934d66515.jpg,2009_004507_jpg.rf.b77fcba02783eaa7fef0afd934d66515.txt
2011_004218_jpg.rf.d12e507c4885846a09dbbb5a73cfbd4e.jpg,2011_004218_jpg.rf.d12e507c4885846a09dbbb5a73cfbd4e.txt
2008_007764_jpg.rf.460eeedb2f41f701b51bf0f0391bd535.jpg,2008_007764_jpg.rf.460eeedb2f41f701b51bf0f0391bd535.txt
2008_008210_jpg.rf.76bb55b4281d5f3e94f89339d5d91cef.jpg,2008_008210_jpg.rf.76bb55b4281d5f3e94f89339d5d91cef.txt
2011_004420_jpg.rf.4653c8e20807e96621a37c37dcebe618.jpg,2011_004420_jpg.rf.4653c8e20807e96621a37c37dcebe618.txt
2008_007038_jpg.rf.d66ba23b4f5dc2e6d1dc5a2655877461.jpg,2008_007038_jpg.rf.d66ba23b4f5dc2e6d1dc5a2655877461.txt
2009_003736_jpg.rf.2b8d6493dd330e978d11217b5124203a.jpg,2009_003736_jpg.rf.2b8d6493dd330e978d11217b5124203a.txt
2008_003764_jpg.rf.fcdb2bd7387be8de47d3c0dcbf583b7e.jpg,2008_003764_jpg.rf.fcdb2bd7387be8de47d3c0dcbf583b7e.txt
2008_008443_jpg.rf.3aada50710a14699b932438c290678f4.jpg,2008_008443_jpg.rf.3aada50710a14699b932438c290678f4.txt
2008_006874_jpg.rf.78bc94c966ce2e11bb25a12b0669a803.jpg,2008_006874_jpg.rf.78bc94c966ce2e11bb25a12b0669a803.txt
2011_004531_jpg.rf.274b91feb120a5c45698a3bc42f6cee1.jpg,2011_004531_jpg.rf.274b91feb120a5c45698a3bc42f6cee1.txt
2008_006833_jpg.rf.de7e4d390e0b85a5dee5eb0a5ef73fbf.jpg,2008_006833_jpg.rf.de7e4d390e0b85a5dee5eb0a5ef73fbf.txt
2008_007748_jpg.rf.da7e153e4da5d2bb842bde9e28b135f1.jpg,2008_007748_jpg.rf.da7e153e4da5d2bb842bde9e28b135f1.txt
2008_006621_jpg.rf.89523d695fcb422f855cba6fd06391ca.jpg,2008_006621_jpg.rf.89523d695fcb422f855cba6fd06391ca.txt
2008_007289_jpg.rf.c8e52ddd0ad99f4a080181d1953320b5.jpg,2008_007289_jpg.rf.c8e52ddd0ad99f4a080181d1953320b5.txt
2008_007746_jpg.rf.531037616abc56e02293f7e9a2d159a2.jpg,2008_007746_jpg.rf.531037616abc56e02293f7e9a2d159a2.txt
2009_004033_jpg.rf.bd6b1e5bfa86feaa16350e949c6b4e0a.jpg,2009_004033_jpg.rf.bd6b1e5bfa86feaa16350e949c6b4e0a.txt
2009_003130_jpg.rf.d0789592e53df97fac4328ad21a6fb03.jpg,2009_003130_jpg.rf.d0789592e53df97fac4328ad21a6fb03.txt
2011_004084_jpg.rf.2531dc98e2255e6da734b3605bea0faf.jpg,2011_004084_jpg.rf.2531dc98e2255e6da734b3605bea0faf.txt
2008_007729_jpg.rf.ca8b6ccf4fa6d0a216e947d1fa28f08a.jpg,2008_007729_jpg.rf.ca8b6ccf4fa6d0a216e947d1fa28f08a.txt
2009_005191_jpg.rf.a5e9bee8f0104446b24496e31e1b3372.jpg,2009_005191_jpg.rf.a5e9bee8f0104446b24496e31e1b3372.txt
2011_003826_jpg.rf.a3df762a4f37384579415f871b99b77e.jpg,2011_003826_jpg.rf.a3df762a4f37384579415f871b99b77e.txt
2008_007579_jpg.rf.31c8b7eb298c1040fbee250b48fdb663.jpg,2008_007579_jpg.rf.31c8b7eb298c1040fbee250b48fdb663.txt
2009_003238_jpg.rf.ba1882882dac6b0c9e5ab3685c01d034.jpg,2009_003238_jpg.rf.ba1882882dac6b0c9e5ab3685c01d034.txt
2011_003959_jpg.rf.37efb9a4dca70f7176f7ab5fd2675413.jpg,2011_003959_jpg.rf.37efb9a4dca70f7176f7ab5fd2675413.txt
2008_006463_jpg.rf.0f6eb3e4b26028b49973db066cea169b.jpg,2008_006463_jpg.rf.0f6eb3e4b26028b49973db066cea169b.txt
2009_003367_jpg.rf.098298c3adcdbb1ac955865a57a70f4c.jpg,2009_003367_jpg.rf.098298c3adcdbb1ac955865a57a70f4c.txt
2009_003000_jpg.rf.ac6b7cf0842ce80d7b8269fddbb73ee1.jpg,2009_003000_jpg.rf.ac6b7cf0842ce80d7b8269fddbb73ee1.txt
2008_002970_jpg.rf.98942b270efef56571fcf905070d4894.jpg,2008_002970_jpg.rf.98942b270efef56571fcf905070d4894.txt
2008_008336_jpg.rf.7b78a0020c2f686a43ff8e3d8906e2c7.jpg,2008_008336_jpg.rf.7b78a0020c2f686a43ff8e3d8906e2c7.txt
2008_006730_jpg.rf.d6778f4ff6862cf2039be820b44b4c65.jpg,2008_006730_jpg.rf.d6778f4ff6862cf2039be820b44b4c65.txt
2008_007161_jpg.rf.0c453aaecc21f56d4f408fa8523d079b.jpg,2008_007161_jpg.rf.0c453aaecc21f56d4f408fa8523d079b.txt
2008_008343_jpg.rf.80ca88f33b222ecdcdaa042c958cff11.jpg,2008_008343_jpg.rf.80ca88f33b222ecdcdaa042c958cff11.txt
2008_007043_jpg.rf.adb3552a3a1e3ec42b6a5be17722dd1b.jpg,2008_007043_jpg.rf.adb3552a3a1e3ec42b6a5be17722dd1b.txt
2009_003380_jpg.rf.563f84412b2e3f64d32a75b06121f18b.jpg,2009_003380_jpg.rf.563f84412b2e3f64d32a75b06121f18b.txt
2008_003647_jpg.rf.ca9068a0ffaf8940a097e56f77d7303f.jpg,2008_003647_jpg.rf.ca9068a0ffaf8940a097e56f77d7303f.txt
2009_003209_jpg.rf.7a76a3a85aba25367f14de4c6f75efc8.jpg,2009_003209_jpg.rf.7a76a3a85aba25367f14de4c6f75efc8.txt
2009_004848_jpg.rf.b7ae5330a4402c75d522b38613429d69.jpg,2009_004848_jpg.rf.b7ae5330a4402c75d522b38613429d69.txt
2008_003026_jpg.rf.790902588c77e3026f6f6331360d6b43.jpg,2008_003026_jpg.rf.790902588c77e3026f6f6331360d6b43.txt
2009_004855_jpg.rf.28198d9b39fd0faaaedf72b27c31fe8d.jpg,2009_004855_jpg.rf.28198d9b39fd0faaaedf72b27c31fe8d.txt
2009_004761_jpg.rf.05d4690b616c44fbd9faa7c64711ba88.jpg,2009_004761_jpg.rf.05d4690b616c44fbd9faa7c64711ba88.txt
2008_003572_jpg.rf.e9dae9e27f57e931e74bccbc3d06f9b8.jpg,2008_003572_jpg.rf.e9dae9e27f57e931e74bccbc3d06f9b8.txt
2008_006824_jpg.rf.88c463fc4e10040e6a431e2d2be79942.jpg,2008_006824_jpg.rf.88c463fc4e10040e6a431e2d2be79942.txt
2011_004896_jpg.rf.a67aee43ebbbd4275b713330b0c6ea10.jpg,2011_004896_jpg.rf.a67aee43ebbbd4275b713330b0c6ea10.txt
2008_002873_jpg.rf.fa3132bd3701a16436b1383001614069.jpg,2008_002873_jpg.rf.fa3132bd3701a16436b1383001614069.txt
2008_003394_jpg.rf.e963ccfeacdf5b2686900b472df27a9d.jpg,2008_003394_jpg.rf.e963ccfeacdf5b2686900b472df27a9d.txt
2009_003531_jpg.rf.254a56da614a39d2007a6184e63f8e89.jpg,2009_003531_jpg.rf.254a56da614a39d2007a6184e63f8e89.txt
2008_007855_jpg.rf.849a584b24801db9f9ac3bf7ab839e83.jpg,2008_007855_jpg.rf.849a584b24801db9f9ac3bf7ab839e83.txt
2008_007090_jpg.rf.638f790e29d48bf72efb071e1004be63.jpg,2008_007090_jpg.rf.638f790e29d48bf72efb071e1004be63.txt
2011_003751_jpg.rf.b5d2cf26e04548b3113973e94cc3f136.jpg,2011_003751_jpg.rf.b5d2cf26e04548b3113973e94cc3f136.txt
2009_004277_jpg.rf.1d18c4e71074362e4b864cf9b83b41af.jpg,2009_004277_jpg.rf.1d18c4e71074362e4b864cf9b83b41af.txt
2009_003360_jpg.rf.2cd46da945456ba1f7e119ca89cff51e.jpg,2009_003360_jpg.rf.2cd46da945456ba1f7e119ca89cff51e.txt
2009_004760_jpg.rf.3878cdfe68e617305afb88e55e897579.jpg,2009_004760_jpg.rf.3878cdfe68e617305afb88e55e897579.txt
2011_004280_jpg.rf.18e95a44c5daa8a3c4980f809115921c.jpg,2011_004280_jpg.rf.18e95a44c5daa8a3c4980f809115921c.txt
2009_002212_jpg.rf.84c63b38d84034796e41ee26a589249c.jpg,2009_002212_jpg.rf.84c63b38d84034796e41ee26a589249c.txt
2009_002759_jpg.rf.58caf431566fff80df8c16f03875fd58.jpg,2009_002759_jpg.rf.58caf431566fff80df8c16f03875fd58.txt
2009_003982_jpg.rf.58cfb1050a3a50a6dac34d3dc08dc0da.jpg,2009_003982_jpg.rf.58cfb1050a3a50a6dac34d3dc08dc0da.txt
2009_002808_jpg.rf.2d8ce47cdd200ceec06968b8ffce8328.jpg,2009_002808_jpg.rf.2d8ce47cdd200ceec06968b8ffce8328.txt
2009_002326_jpg.rf.fa50b23ae62283cb72fe6fbdf0cea2fe.jpg,2009_002326_jpg.rf.fa50b23ae62283cb72fe6fbdf0cea2fe.txt
2009_004890_jpg.rf.468f9240cccfb34cab5773d007e12c8a.jpg,2009_004890_jpg.rf.468f9240cccfb34cab5773d007e12c8a.txt
2008_006843_jpg.rf.024fffc5e48d13daa79b300864f3d3ac.jpg,2008_006843_jpg.rf.024fffc5e48d13daa79b300864f3d3ac.txt
2008_007954_jpg.rf.6c14af15090a5eaad63e798c5e331dcf.jpg,2008_007954_jpg.rf.6c14af15090a5eaad63e798c5e331dcf.txt
2011_004928_jpg.rf.29b9cff5b989fcbab226841731fbaec5.jpg,2011_004928_jpg.rf.29b9cff5b989fcbab226841731fbaec5.txt
2009_004598_jpg.rf.f51125b3444dbbff9421cae9576836e1.jpg,2009_004598_jpg.rf.f51125b3444dbbff9421cae9576836e1.txt
2009_004464_jpg.rf.2f640481a5ac1eb5351637c0dfb60fdd.jpg,2009_004464_jpg.rf.2f640481a5ac1eb5351637c0dfb60fdd.txt
2008_002917_jpg.rf.53e8448882197a09eef2afb952fdba34.jpg,2008_002917_jpg.rf.53e8448882197a09eef2afb952fdba34.txt
2008_006626_jpg.rf.a3d22e7eb0c7f8758a3f5eff6b14a8a3.jpg,2008_006626_jpg.rf.a3d22e7eb0c7f8758a3f5eff6b14a8a3.txt
2008_007875_jpg.rf.022c0351d92c44127489ce4dac2682e3.jpg,2008_007875_jpg.rf.022c0351d92c44127489ce4dac2682e3.txt
2008_007130_jpg.rf.d6c22bde52f28e736ff05f3480101d97.jpg,2008_007130_jpg.rf.d6c22bde52f28e736ff05f3480101d97.txt
2009_004983_jpg.rf.f902668b911a8159af1314166204950a.jpg,2009_004983_jpg.rf.f902668b911a8159af1314166204950a.txt
2011_003929_jpg.rf.34bcf3272945d8b87f77e246e40741f2.jpg,2011_003929_jpg.rf.34bcf3272945d8b87f77e246e40741f2.txt
2009_002177_jpg.rf.e96bd92453ca7dae5dbcc001bf6b8316.jpg,2009_002177_jpg.rf.e96bd92453ca7dae5dbcc001bf6b8316.txt
2009_002649_jpg.rf.22afa635265c5985581eb94f0500c0f6.jpg,2009_002649_jpg.rf.22afa635265c5985581eb94f0500c0f6.txt
2011_003885_jpg.rf.cbe9e2a9ce7bac54ca4dd265aabed550.jpg,2011_003885_jpg.rf.cbe9e2a9ce7bac54ca4dd265aabed550.txt
2008_003063_jpg.rf.5c8c2a52f243e56697adee97272a6efe.jpg,2008_003063_jpg.rf.5c8c2a52f243e56697adee97272a6efe.txt
2008_006834_jpg.rf.5b51868a9df13b068b01e44ea24fdd23.jpg,2008_006834_jpg.rf.5b51868a9df13b068b01e44ea24fdd23.txt
2011_003631_jpg.rf.e76cc79e3ad55f6665255c4eb673daed.jpg,2011_003631_jpg.rf.e76cc79e3ad55f6665255c4eb673daed.txt
2011_004962_jpg.rf.14e7586f52ed1ecc27dfa49461ac8d53.jpg,2011_004962_jpg.rf.14e7586f52ed1ecc27dfa49461ac8d53.txt
2009_005062_jpg.rf.67a5613e86b063fb6f52b8e821bd24e0.jpg,2009_005062_jpg.rf.67a5613e86b063fb6f52b8e821bd24e0.txt
2011_004132_jpg.rf.d23de5c1595355377856db59e6abcd59.jpg,2011_004132_jpg.rf.d23de5c1595355377856db59e6abcd59.txt
2009_004721_jpg.rf.23e774c68a8d0af7748343966dbf3e36.jpg,2009_004721_jpg.rf.23e774c68a8d0af7748343966dbf3e36.txt
2011_005060_jpg.rf.81e0dab7cefc38604e516d9756c940ad.jpg,2011_005060_jpg.rf.81e0dab7cefc38604e516d9756c940ad.txt
2008_007218_jpg.rf.3bf6dcc003740285a55c9f811c3a67ed.jpg,2008_007218_jpg.rf.3bf6dcc003740285a55c9f811c3a67ed.txt
2008_007724_jpg.rf.a415e780c474ff24d3f159be4a2c7a2d.jpg,2008_007724_jpg.rf.a415e780c474ff24d3f159be4a2c7a2d.txt
2011_004263_jpg.rf.cdfe4802edb1f89d4b8a641a64360870.jpg,2011_004263_jpg.rf.cdfe4802edb1f89d4b8a641a64360870.txt
2009_005183_jpg.rf.228f71a59dae6f399dbc8db249482b64.jpg,2009_005183_jpg.rf.228f71a59dae6f399dbc8db249482b64.txt
2011_003995_jpg.rf.aa1a21dbce6f0868dae9d36dea7f31c7.jpg,2011_003995_jpg.rf.aa1a21dbce6f0868dae9d36dea7f31c7.txt
2008_007496_jpg.rf.97943394a4579d5181287a99c060df35.jpg,2008_007496_jpg.rf.97943394a4579d5181287a99c060df35.txt
2008_003811_jpg.rf.2cba051fc38e3bb518b603a9fad2f199.jpg,2008_003811_jpg.rf.2cba051fc38e3bb518b603a9fad2f199.txt
2008_007432_jpg.rf.f442aa0107a0c117786e0498fa9cfaaa.jpg,2008_007432_jpg.rf.f442aa0107a0c117786e0498fa9cfaaa.txt
2008_007932_jpg.rf.cbbd0830dc5c39db6c390eadb3288ec9.jpg,2008_007932_jpg.rf.cbbd0830dc5c39db6c390eadb3288ec9.txt
2009_002571_jpg.rf.fd0a6f89319eb62121f10d226e14de07.jpg,2009_002571_jpg.rf.fd0a6f89319eb62121f10d226e14de07.txt
2009_004361_jpg.rf.e906b3fb809969191befcba683f24d8f.jpg,2009_004361_jpg.rf.e906b3fb809969191befcba683f24d8f.txt
2009_004374_jpg.rf.84d8798524d7b0e321b723d986fe482e.jpg,2009_004374_jpg.rf.84d8798524d7b0e321b723d986fe482e.txt
2008_007661_jpg.rf.51194b7b2d499a2e37c5649de1f71ae0.jpg,2008_007661_jpg.rf.51194b7b2d499a2e37c5649de1f71ae0.txt
2011_004964_jpg.rf.84a5c4a16b0ddd4d89d914778870b8aa.jpg,2011_004964_jpg.rf.84a5c4a16b0ddd4d89d914778870b8aa.txt
2008_007282_jpg.rf.69f65274b3d4f6f7bb7eae91b1b6242e.jpg,2008_007282_jpg.rf.69f65274b3d4f6f7bb7eae91b1b6242e.txt
2009_004841_jpg.rf.79499f7251134813ae16e7edf4cd0aa1.jpg,2009_004841_jpg.rf.79499f7251134813ae16e7edf4cd0aa1.txt
2011_004179_jpg.rf.17730fde784cbdf4463d5947e6ce915e.jpg,2011_004179_jpg.rf.17730fde784cbdf4463d5947e6ce915e.txt
2008_003232_jpg.rf.7cc479d2ab844470a3f8659544fa70ac.jpg,2008_003232_jpg.rf.7cc479d2ab844470a3f8659544fa70ac.txt
2008_002751_jpg.rf.d33de5eeccdfc15f384fdafd9a4c5d43.jpg,2008_002751_jpg.rf.d33de5eeccdfc15f384fdafd9a4c5d43.txt
2008_007949_jpg.rf.925619b1ea03000c9196b6020803819d.jpg,2008_007949_jpg.rf.925619b1ea03000c9196b6020803819d.txt
2011_003304_jpg.rf.8bf5b802e49bf1e09f6591ab4bf4f8f6.jpg,2011_003304_jpg.rf.8bf5b802e49bf1e09f6591ab4bf4f8f6.txt
2009_004748_jpg.rf.cf4cc780c41bda529c6291bbb39f349a.jpg,2009_004748_jpg.rf.cf4cc780c41bda529c6291bbb39f349a.txt
2011_004015_jpg.rf.33797f506a2850998f85e61b15c07249.jpg,2011_004015_jpg.rf.33797f506a2850998f85e61b15c07249.txt
2008_007361_jpg.rf.27a93f2d50be48d2b0859ccc44200afe.jpg,2008_007361_jpg.rf.27a93f2d50be48d2b0859ccc44200afe.txt
2011_004596_jpg.rf.43603a69ea614145c85e6a5ac366a12b.jpg,2011_004596_jpg.rf.43603a69ea614145c85e6a5ac366a12b.txt
2011_003412_jpg.rf.cd9854fd8f90475aa1834e90991364b3.jpg,2011_003412_jpg.rf.cd9854fd8f90475aa1834e90991364b3.txt
2008_007676_jpg.rf.8b4c8d422c033907f507492f68de0087.jpg,2008_007676_jpg.rf.8b4c8d422c033907f507492f68de0087.txt
2009_003077_jpg.rf.4dbb04c9391056d6801af8f7e9f3bb3d.jpg,2009_003077_jpg.rf.4dbb04c9391056d6801af8f7e9f3bb3d.txt
2009_003066_jpg.rf.144e78fa0da27f9647d65462ff5f6726.jpg,2009_003066_jpg.rf.144e78fa0da27f9647d65462ff5f6726.txt
2011_004301_jpg.rf.fb53de7f8d7e3c53082efeda328d2878.jpg,2011_004301_jpg.rf.fb53de7f8d7e3c53082efeda328d2878.txt
2009_003144_jpg.rf.9c9f96e07cae14ed37db4d31e4f96268.jpg,2009_003144_jpg.rf.9c9f96e07cae14ed37db4d31e4f96268.txt
2008_003576_jpg.rf.01122afda0f1fdb53f210d3ad005c704.jpg,2008_003576_jpg.rf.01122afda0f1fdb53f210d3ad005c704.txt
2009_003411_jpg.rf.82f62997939eec1e0f018b51ae8b8ad1.jpg,2009_003411_jpg.rf.82f62997939eec1e0f018b51ae8b8ad1.txt
2009_005202_jpg.rf.860c6f1ffc664283909baf06e983dde2.jpg,2009_005202_jpg.rf.860c6f1ffc664283909baf06e983dde2.txt
2008_008406_jpg.rf.340677592894379d6134d69f6f16f69c.jpg,2008_008406_jpg.rf.340677592894379d6134d69f6f16f69c.txt
2008_008179_jpg.rf.f58b6dc6609ae80b698a5c5d61f354a7.jpg,2008_008179_jpg.rf.f58b6dc6609ae80b698a5c5d61f354a7.txt
2011_004059_jpg.rf.3edaf19f88d317929e8c78a0d0758eaf.jpg,2011_004059_jpg.rf.3edaf19f88d317929e8c78a0d0758eaf.txt
2008_002750_jpg.rf.08caeb0acf48a78e763bfb9d450acb77.jpg,2008_002750_jpg.rf.08caeb0acf48a78e763bfb9d450acb77.txt
2009_003312_jpg.rf.614672a77cf75132c801e085d42a0c02.jpg,2009_003312_jpg.rf.614672a77cf75132c801e085d42a0c02.txt
2008_008331_jpg.rf.631fa625f06024d97b7f24b7e70576b8.jpg,2008_008331_jpg.rf.631fa625f06024d97b7f24b7e70576b8.txt
2008_006864_jpg.rf.e0230f60d95177a8a46b4284e3d61669.jpg,2008_006864_jpg.rf.e0230f60d95177a8a46b4284e3d61669.txt
2009_003129_jpg.rf.188d9f304b78f85a69559b15bdf3c5c0.jpg,2009_003129_jpg.rf.188d9f304b78f85a69559b15bdf3c5c0.txt
2009_003802_jpg.rf.f196216b4eb9dd60bc060edbf5af158d.jpg,2009_003802_jpg.rf.f196216b4eb9dd60bc060edbf5af158d.txt
2008_007648_jpg.rf.348c63106813ecc89a6f904692949c7e.jpg,2008_007648_jpg.rf.348c63106813ecc89a6f904692949c7e.txt
2009_002688_jpg.rf.e699174da4ad847e780239c35104b3f0.jpg,2009_002688_jpg.rf.e699174da4ad847e780239c35104b3f0.txt
2008_002776_jpg.rf.d027b09b517f4b2790b4a0211f23a92b.jpg,2008_002776_jpg.rf.d027b09b517f4b2790b4a0211f23a92b.txt
2011_003746_jpg.rf.ea943a9a0ea6e9571a711c83af73a44f.jpg,2011_003746_jpg.rf.ea943a9a0ea6e9571a711c83af73a44f.txt
2009_004434_jpg.rf.635f3876b7ffe1e097095729ee88aca4.jpg,2009_004434_jpg.rf.635f3876b7ffe1e097095729ee88aca4.txt
2011_004898_jpg.rf.d1c37fbfebeda9425fd57faebf6205e9.jpg,2011_004898_jpg.rf.d1c37fbfebeda9425fd57faebf6205e9.txt
2009_002553_jpg.rf.c9ba1759386b0c6310a9a2fce324b039.jpg,2009_002553_jpg.rf.c9ba1759386b0c6310a9a2fce324b039.txt
2009_003461_jpg.rf.ae4516c62e5c9136bcd5cdbe40f47e69.jpg,2009_003461_jpg.rf.ae4516c62e5c9136bcd5cdbe40f47e69.txt
2009_004456_jpg.rf.1ea345805f5b5614a8041a3f630a26fa.jpg,2009_004456_jpg.rf.1ea345805f5b5614a8041a3f630a26fa.txt
2009_002527_jpg.rf.814acd4acd1a0bafb4eb8dcaa4eb0f78.jpg,2009_002527_jpg.rf.814acd4acd1a0bafb4eb8dcaa4eb0f78.txt
2008_003209_jpg.rf.85704843e873304cccf6bf279c144d06.jpg,2008_003209_jpg.rf.85704843e873304cccf6bf279c144d06.txt
2011_004029_jpg.rf.257a11c5730a719bb013920e407a9442.jpg,2011_004029_jpg.rf.257a11c5730a719bb013920e407a9442.txt
2008_003252_jpg.rf.baaf66bd733eacccc78dc04ab366f75f.jpg,2008_003252_jpg.rf.baaf66bd733eacccc78dc04ab366f75f.txt
2009_003068_jpg.rf.0d8d8fd1a841ad05c51b8c1265f3b1b3.jpg,2009_003068_jpg.rf.0d8d8fd1a841ad05c51b8c1265f3b1b3.txt
2009_002423_jpg.rf.d61b2d4570554410e347f58697e595de.jpg,2009_002423_jpg.rf.d61b2d4570554410e347f58697e595de.txt
2008_007953_jpg.rf.288075b7eedafe35f815a57a28efeacf.jpg,2008_007953_jpg.rf.288075b7eedafe35f815a57a28efeacf.txt
2011_005118_jpg.rf.fbe19618aca83a365b565fbcfdf9498d.jpg,2011_005118_jpg.rf.fbe19618aca83a365b565fbcfdf9498d.txt
2011_003634_jpg.rf.3c8248d5ef7f39797accc0652e3f6601.jpg,2011_003634_jpg.rf.3c8248d5ef7f39797accc0652e3f6601.txt
2009_004492_jpg.rf.0256125aad38ca8e89cdf58a815c3e99.jpg,2009_004492_jpg.rf.0256125aad38ca8e89cdf58a815c3e99.txt
2009_005190_jpg.rf.eadcfe20bb063bbb5874cd5ae8ac6c7b.jpg,2009_005190_jpg.rf.eadcfe20bb063bbb5874cd5ae8ac6c7b.txt
2011_003807_jpg.rf.ec48ae4b49df4bc6d57ebcca740139e6.jpg,2011_003807_jpg.rf.ec48ae4b49df4bc6d57ebcca740139e6.txt
2008_006701_jpg.rf.951ee50f108dcadfb0a16c0f9db27a1f.jpg,2008_006701_jpg.rf.951ee50f108dcadfb0a16c0f9db27a1f.txt
2008_006880_jpg.rf.f103a80425f81eddeb1f3cf7c773fe6e.jpg,2008_006880_jpg.rf.f103a80425f81eddeb1f3cf7c773fe6e.txt
2009_002567_jpg.rf.c6a8c6bbb559ee867a1b07f21d2f8930.jpg,2009_002567_jpg.rf.c6a8c6bbb559ee867a1b07f21d2f8930.txt
2011_004654_jpg.rf.77ad9b5b9a13cbdd054348b5cdde7136.jpg,2011_004654_jpg.rf.77ad9b5b9a13cbdd054348b5cdde7136.txt
2008_007469_jpg.rf.a40bc4391ea4582965f387cc7718d3f4.jpg,2008_007469_jpg.rf.a40bc4391ea4582965f387cc7718d3f4.txt
2009_002289_jpg.rf.fd6ab8aa687abb8bd2893cafc6f7af81.jpg,2009_002289_jpg.rf.fd6ab8aa687abb8bd2893cafc6f7af81.txt
2008_003311_jpg.rf.0677fc95d016eaefa745764501eee8dc.jpg,2008_003311_jpg.rf.0677fc95d016eaefa745764501eee8dc.txt
2009_002599_jpg.rf.ddb64a0978634d587be0525f9c9bd708.jpg,2009_002599_jpg.rf.ddb64a0978634d587be0525f9c9bd708.txt
2009_004129_jpg.rf.c17d897adb410784c146385ddabfb29f.jpg,2009_004129_jpg.rf.c17d897adb410784c146385ddabfb29f.txt
2009_002817_jpg.rf.92b50b929a11a3f0284d2aef23a019e4.jpg,2009_002817_jpg.rf.92b50b929a11a3f0284d2aef23a019e4.txt
2011_003576_jpg.rf.0d1162db1f55c5518d2e085946a84bdd.jpg,2011_003576_jpg.rf.0d1162db1f55c5518d2e085946a84bdd.txt
2011_003689_jpg.rf.5209850b2ae188aea1034a75bc0b8000.jpg,2011_003689_jpg.rf.5209850b2ae188aea1034a75bc0b8000.txt
2008_006432_jpg.rf.14c087d9b52aa3bb46329e80a24982ff.jpg,2008_006432_jpg.rf.14c087d9b52aa3bb46329e80a24982ff.txt
2011_003343_jpg.rf.4df362de593cd517b732e212924e4796.jpg,2011_003343_jpg.rf.4df362de593cd517b732e212924e4796.txt
2009_004284_jpg.rf.288ef52b047a5434cd1b4f2b26a60761.jpg,2009_004284_jpg.rf.288ef52b047a5434cd1b4f2b26a60761.txt
2009_002985_jpg.rf.4a3e19c370aed0c99a07dbcc89b50ac9.jpg,2009_002985_jpg.rf.4a3e19c370aed0c99a07dbcc89b50ac9.txt
2008_008098_jpg.rf.67a06459490d6742e276c73b562e7c04.jpg,2008_008098_jpg.rf.67a06459490d6742e276c73b562e7c04.txt
2008_003072_jpg.rf.2196d059538e9af2289d414c83002381.jpg,2008_003072_jpg.rf.2196d059538e9af2289d414c83002381.txt
2008_006530_jpg.rf.017e5d291a268afe7803311d85846328.jpg,2008_006530_jpg.rf.017e5d291a268afe7803311d85846328.txt
2008_003417_jpg.rf.104dd3a1fc79206136df9c787c1f011f.jpg,2008_003417_jpg.rf.104dd3a1fc79206136df9c787c1f011f.txt
2009_003254_jpg.rf.188b4b5563a94e67ab03daa0ec53369b.jpg,2009_003254_jpg.rf.188b4b5563a94e67ab03daa0ec53369b.txt
2011_004829_jpg.rf.b2164567cb7ae056da0c1a3efa43b25c.jpg,2011_004829_jpg.rf.b2164567cb7ae056da0c1a3efa43b25c.txt
2009_003992_jpg.rf.b25977ab556ce76152d486d0945a9a08.jpg,2009_003992_jpg.rf.b25977ab556ce76152d486d0945a9a08.txt
2011_003382_jpg.rf.e973daf4e682fb4d5c97f0a970d81d40.jpg,2011_003382_jpg.rf.e973daf4e682fb4d5c97f0a970d81d40.txt
2009_004174_jpg.rf.d02054f85c0b2011d7346b5ecbecb5c1.jpg,2009_004174_jpg.rf.d02054f85c0b2011d7346b5ecbecb5c1.txt
2009_004486_jpg.rf.237842de56848a3ce019a864fe5a257c.jpg,2009_004486_jpg.rf.237842de56848a3ce019a864fe5a257c.txt
2009_002790_jpg.rf.d20560f1d2de8bb57e0da441bab6da73.jpg,2009_002790_jpg.rf.d20560f1d2de8bb57e0da441bab6da73.txt
2009_003738_jpg.rf.61246647222e64dd8b713b467616a8cb.jpg,2009_003738_jpg.rf.61246647222e64dd8b713b467616a8cb.txt
2009_003664_jpg.rf.61828ad69af44283fbb29f079284ecbb.jpg,2009_003664_jpg.rf.61828ad69af44283fbb29f079284ecbb.txt
2011_004409_jpg.rf.714c37e371eeeba64bba0ac024537596.jpg,2011_004409_jpg.rf.714c37e371eeeba64bba0ac024537596.txt
2011_004773_jpg.rf.d777fc9b67887c27899f21d846919f24.jpg,2011_004773_jpg.rf.d777fc9b67887c27899f21d846919f24.txt
2011_004927_jpg.rf.3323a0e4373e43d419aeb46d6811a983.jpg,2011_004927_jpg.rf.3323a0e4373e43d419aeb46d6811a983.txt
2008_008051_jpg.rf.2d91a533f00e4e35bf5d0f114f3350c9.jpg,2008_008051_jpg.rf.2d91a533f00e4e35bf5d0f114f3350c9.txt
2009_004133_jpg.rf.fd31b591576c07ea2aa18764e06f4c50.jpg,2009_004133_jpg.rf.fd31b591576c07ea2aa18764e06f4c50.txt
2008_003001_jpg.rf.15fd43193b94c2320863eb147be3740a.jpg,2008_003001_jpg.rf.15fd43193b94c2320863eb147be3740a.txt
2009_004805_jpg.rf.6293d4c04f4401d6b137513ed813dd07.jpg,2009_004805_jpg.rf.6293d4c04f4401d6b137513ed813dd07.txt
2011_003527_jpg.rf.c081ffb615cc34828590ba55953193ec.jpg,2011_003527_jpg.rf.c081ffb615cc34828590ba55953193ec.txt
2009_002914_jpg.rf.12bb9668cdf46b1c826ad755b717dc12.jpg,2009_002914_jpg.rf.12bb9668cdf46b1c826ad755b717dc12.txt
2008_006818_jpg.rf.93626ab92f8cdad33a2759aee0e44cea.jpg,2008_006818_jpg.rf.93626ab92f8cdad33a2759aee0e44cea.txt
2011_003603_jpg.rf.f6bc33dccd22004cd72e35763c5d1d77.jpg,2011_003603_jpg.rf.f6bc33dccd22004cd72e35763c5d1d77.txt
2009_003836_jpg.rf.b31df7aacbf3c8092a84ed817fe4b939.jpg,2009_003836_jpg.rf.b31df7aacbf3c8092a84ed817fe4b939.txt
2008_007014_jpg.rf.2aafa6f9b762ed3ed8d7ff6924441612.jpg,2008_007014_jpg.rf.2aafa6f9b762ed3ed8d7ff6924441612.txt
2009_003679_jpg.rf.39d3851bbdf117e40db5db170108f190.jpg,2009_003679_jpg.rf.39d3851bbdf117e40db5db170108f190.txt
2009_004193_jpg.rf.9adb5e7d5d7ce80919e1d8b52490c5f3.jpg,2009_004193_jpg.rf.9adb5e7d5d7ce80919e1d8b52490c5f3.txt
2008_007281_jpg.rf.c03a76059b05b952f712e48756fff67d.jpg,2008_007281_jpg.rf.c03a76059b05b952f712e48756fff67d.txt
2009_002743_jpg.rf.cce3698d15b6dce0395232509a67da0f.jpg,2009_002743_jpg.rf.cce3698d15b6dce0395232509a67da0f.txt
2009_004859_jpg.rf.3002dc34b14b1ca4c04494d8ec7918ab.jpg,2009_004859_jpg.rf.3002dc34b14b1ca4c04494d8ec7918ab.txt
2009_003805_jpg.rf.6e0928a8f7e4b10ddb608b7d1e7f6b3f.jpg,2009_003805_jpg.rf.6e0928a8f7e4b10ddb608b7d1e7f6b3f.txt
2008_003894_jpg.rf.05bdd3276cadc73699e448b80c2f9bf4.jpg,2008_003894_jpg.rf.05bdd3276cadc73699e448b80c2f9bf4.txt
2008_007529_jpg.rf.db1bf1a0ea6ed1fd158a21682a2d7664.jpg,2008_007529_jpg.rf.db1bf1a0ea6ed1fd158a21682a2d7664.txt
2011_003940_jpg.rf.6fe2c3da804cec445638e090954e9ccc.jpg,2011_003940_jpg.rf.6fe2c3da804cec445638e090954e9ccc.txt
2008_007524_jpg.rf.8123c175e9872381d10eecbdca1cc722.jpg,2008_007524_jpg.rf.8123c175e9872381d10eecbdca1cc722.txt
2011_004711_jpg.rf.5c2c7abe464e09649260f2bbd480377b.jpg,2011_004711_jpg.rf.5c2c7abe464e09649260f2bbd480377b.txt
2011_004039_jpg.rf.04b5acf3a3e45feb4660323816f39189.jpg,2011_004039_jpg.rf.04b5acf3a3e45feb4660323816f39189.txt
2011_004651_jpg.rf.ca14d1a4e6e870126d4dd85b02215b1a.jpg,2011_004651_jpg.rf.ca14d1a4e6e870126d4dd85b02215b1a.txt
2008_002709_jpg.rf.d02f5c150577fdbfd4dde676c7299e22.jpg,2008_002709_jpg.rf.d02f5c150577fdbfd4dde676c7299e22.txt
2011_004857_jpg.rf.0b0550b3404216d30e80cde1b5800c22.jpg,2011_004857_jpg.rf.0b0550b3404216d30e80cde1b5800c22.txt
2009_003034_jpg.rf.17ff98127634e3f9c42b4ce33f19185f.jpg,2009_003034_jpg.rf.17ff98127634e3f9c42b4ce33f19185f.txt
2008_008496_jpg.rf.2be3b2004b4fcb9acc52cfe33fe105d1.jpg,2008_008496_jpg.rf.2be3b2004b4fcb9acc52cfe33fe105d1.txt
2008_002845_jpg.rf.20d2cd7788dde53ba55fdb9655fceaac.jpg,2008_002845_jpg.rf.20d2cd7788dde53ba55fdb9655fceaac.txt
2008_003424_jpg.rf.c4ed4403220d7105d1dabc181dacd827.jpg,2008_003424_jpg.rf.c4ed4403220d7105d1dabc181dacd827.txt
2009_003467_jpg.rf.a31d67d1d2351c6aa62e2e83cde37c38.jpg,2009_003467_jpg.rf.a31d67d1d2351c6aa62e2e83cde37c38.txt
2008_007061_jpg.rf.8fd7930b8533835037cc373a54afe434.jpg,2008_007061_jpg.rf.8fd7930b8533835037cc373a54afe434.txt
2008_003929_jpg.rf.c472c683ee3069285412f98b218b0544.jpg,2008_003929_jpg.rf.c472c683ee3069285412f98b218b0544.txt
2008_003105_jpg.rf.f8cc6bfe736fa3e84967d8e369fd7feb.jpg,2008_003105_jpg.rf.f8cc6bfe736fa3e84967d8e369fd7feb.txt
2011_004215_jpg.rf.a6affa0fb0bb5dfc0233ccb443c7d55c.jpg,2011_004215_jpg.rf.a6affa0fb0bb5dfc0233ccb443c7d55c.txt
2008_006543_jpg.rf.bb3e4ed5023b916ed9280610ecbd2c92.jpg,2008_006543_jpg.rf.bb3e4ed5023b916ed9280610ecbd2c92.txt
2008_003688_jpg.rf.551cfa990d1cc9b5b62c0deecda977f2.jpg,2008_003688_jpg.rf.551cfa990d1cc9b5b62c0deecda977f2.txt
2008_002894_jpg.rf.590077a93a1f8598ec0790f2d2207c3f.jpg,2008_002894_jpg.rf.590077a93a1f8598ec0790f2d2207c3f.txt
2008_008241_jpg.rf.24effd6af5b6943a52d41f0c54302105.jpg,2008_008241_jpg.rf.24effd6af5b6943a52d41f0c54302105.txt
2009_004965_jpg.rf.4088db3d67cc99a536951256ef56e66f.jpg,2009_004965_jpg.rf.4088db3d67cc99a536951256ef56e66f.txt
2009_005170_jpg.rf.e0a37ab0805dc38899f86b17539c0f9b.jpg,2009_005170_jpg.rf.e0a37ab0805dc38899f86b17539c0f9b.txt
2011_005059_jpg.rf.6b3dcbb50ccc4138828d65c06071d5d8.jpg,2011_005059_jpg.rf.6b3dcbb50ccc4138828d65c06071d5d8.txt
2009_003400_jpg.rf.8b155bf8f511ff407c57b27301d64b49.jpg,2009_003400_jpg.rf.8b155bf8f511ff407c57b27301d64b49.txt
2008_006671_jpg.rf.8df7f154ca70d9862170a95c6aab348c.jpg,2008_006671_jpg.rf.8df7f154ca70d9862170a95c6aab348c.txt
2008_007640_jpg.rf.c02f6b4ff827362d8d253c56dd5e930b.jpg,2008_007640_jpg.rf.c02f6b4ff827362d8d253c56dd5e930b.txt
2011_003473_jpg.rf.e4409a22312509aa9d9a348f5cb6d207.jpg,2011_003473_jpg.rf.e4409a22312509aa9d9a348f5cb6d207.txt
2008_006896_jpg.rf.3460ace9596cea5d037d257f724bde7d.jpg,2008_006896_jpg.rf.3460ace9596cea5d037d257f724bde7d.txt
2008_008029_jpg.rf.0458a6f3218d7b3c19784444b5f64195.jpg,2008_008029_jpg.rf.0458a6f3218d7b3c19784444b5f64195.txt
2011_004307_jpg.rf.49b4483db06f3189377d3e6714cb1a7d.jpg,2011_004307_jpg.rf.49b4483db06f3189377d3e6714cb1a7d.txt
2009_003157_jpg.rf.299fe7c09ec910b1554205cf4d87d047.jpg,2009_003157_jpg.rf.299fe7c09ec910b1554205cf4d87d047.txt
2011_004152_jpg.rf.ef7c3d3f8053b219e090446cc200ba10.jpg,2011_004152_jpg.rf.ef7c3d3f8053b219e090446cc200ba10.txt
2011_004220_jpg.rf.77414abdc33919a145387fe3760e3657.jpg,2011_004220_jpg.rf.77414abdc33919a145387fe3760e3657.txt
2008_003189_jpg.rf.8b6a8622c96bdbf7ff0b7659741ee47a.jpg,2008_003189_jpg.rf.8b6a8622c96bdbf7ff0b7659741ee47a.txt
2009_003751_jpg.rf.2214ecef508dea7381f85873f5b9fa92.jpg,2009_003751_jpg.rf.2214ecef508dea7381f85873f5b9fa92.txt
2008_003593_jpg.rf.bdce8ff2ce7232ad658fa6e688f1a9f8.jpg,2008_003593_jpg.rf.bdce8ff2ce7232ad658fa6e688f1a9f8.txt
2009_002799_jpg.rf.5ce09a239dbc91d5cdef3edfd8d815dd.jpg,2009_002799_jpg.rf.5ce09a239dbc91d5cdef3edfd8d815dd.txt
2011_004077_jpg.rf.0076de5f701f1538957ec8c28d0093ee.jpg,2011_004077_jpg.rf.0076de5f701f1538957ec8c28d0093ee.txt
2008_002806_jpg.rf.c05d10fc24a4b6e637f15f0a14214424.jpg,2008_002806_jpg.rf.c05d10fc24a4b6e637f15f0a14214424.txt
2009_004671_jpg.rf.a45367b37a00f5d87194e9400b1db0e4.jpg,2009_004671_jpg.rf.a45367b37a00f5d87194e9400b1db0e4.txt
2009_004537_jpg.rf.b131069534f98da344825e4662f34cc0.jpg,2009_004537_jpg.rf.b131069534f98da344825e4662f34cc0.txt
2011_003459_jpg.rf.28c2f9bc846773daf57786464d9be50a.jpg,2011_003459_jpg.rf.28c2f9bc846773daf57786464d9be50a.txt
2008_003559_jpg.rf.b21c1adcba354bc12080d1928dd923be.jpg,2008_003559_jpg.rf.b21c1adcba354bc12080d1928dd923be.txt
2008_002882_jpg.rf.8bfd33362508fc03d2724b31de324e32.jpg,2008_002882_jpg.rf.8bfd33362508fc03d2724b31de324e32.txt
2009_003500_jpg.rf.3d80a08da2dd0d4bb01ce3a064624f82.jpg,2009_003500_jpg.rf.3d80a08da2dd0d4bb01ce3a064624f82.txt
2008_002820_jpg.rf.e3d78b0fe4417d149d6d27c7ff1ae870.jpg,2008_002820_jpg.rf.e3d78b0fe4417d149d6d27c7ff1ae870.txt
2008_008148_jpg.rf.e659cdf96277fb6e907f711f85c7f8d9.jpg,2008_008148_jpg.rf.e659cdf96277fb6e907f711f85c7f8d9.txt
2008_002916_jpg.rf.cf113512549e960850271642cf9740d5.jpg,2008_002916_jpg.rf.cf113512549e960850271642cf9740d5.txt
2008_007265_jpg.rf.867482fd04c9d1826f2c725c6eb9548f.jpg,2008_007265_jpg.rf.867482fd04c9d1826f2c725c6eb9548f.txt
2008_002960_jpg.rf.4b165c24162c05962c877a815bae60f6.jpg,2008_002960_jpg.rf.4b165c24162c05962c877a815bae60f6.txt
2009_002366_jpg.rf.bb8956eeb05dc54d2627d58da5821745.jpg,2009_002366_jpg.rf.bb8956eeb05dc54d2627d58da5821745.txt
2011_004969_jpg.rf.f46645ffbdc6aa8c02c38e4150559ce0.jpg,2011_004969_jpg.rf.f46645ffbdc6aa8c02c38e4150559ce0.txt
2009_003128_jpg.rf.d4d8abd3c5533d07bb0e91007300614c.jpg,2009_003128_jpg.rf.d4d8abd3c5533d07bb0e91007300614c.txt
2008_003134_jpg.rf.18f711adedb2a317e9c8f2835a6606ba.jpg,2008_003134_jpg.rf.18f711adedb2a317e9c8f2835a6606ba.txt
2011_003362_jpg.rf.6108a10a0cb21b1b08cf730460e60f60.jpg,2011_003362_jpg.rf.6108a10a0cb21b1b08cf730460e60f60.txt
2011_003488_jpg.rf.6e583ba75a935dfbd683df362587f355.jpg,2011_003488_jpg.rf.6e583ba75a935dfbd683df362587f355.txt
2008_003331_jpg.rf.226ac3bbd91cab9e8fa49dd67f59de82.jpg,2008_003331_jpg.rf.226ac3bbd91cab9e8fa49dd67f59de82.txt
2008_003552_jpg.rf.652e9f34691b426677432b8ccd322de7.jpg,2008_003552_jpg.rf.652e9f34691b426677432b8ccd322de7.txt
2009_003969_jpg.rf.a55609a985173953f9a1e56a8afd0950.jpg,2009_003969_jpg.rf.a55609a985173953f9a1e56a8afd0950.txt
2009_002393_jpg.rf.10a9fe64255f7c3919496fb74e0837ba.jpg,2009_002393_jpg.rf.10a9fe64255f7c3919496fb74e0837ba.txt
2008_007069_jpg.rf.b551dfc3ee9fdb5edea994ce18c863b2.jpg,2008_007069_jpg.rf.b551dfc3ee9fdb5edea994ce18c863b2.txt
2009_002171_jpg.rf.74f1bffe7426e5070d378177c47d6842.jpg,2009_002171_jpg.rf.74f1bffe7426e5070d378177c47d6842.txt
2009_004772_jpg.rf.4e37043de67004149c309e5bf016a173.jpg,2009_004772_jpg.rf.4e37043de67004149c309e5bf016a173.txt
2009_004557_jpg.rf.5d61675bb8c2a4548945551a0e1fb5f5.jpg,2009_004557_jpg.rf.5d61675bb8c2a4548945551a0e1fb5f5.txt
2009_005210_jpg.rf.a4f48eee9704fd3506a2651b0acf7ffa.jpg,2009_005210_jpg.rf.a4f48eee9704fd3506a2651b0acf7ffa.txt
2009_003039_jpg.rf.87435ac7e4525bb6fde1243261edc84c.jpg,2009_003039_jpg.rf.87435ac7e4525bb6fde1243261edc84c.txt
2008_007786_jpg.rf.050b897568af945d24a2a8d69853c6fb.jpg,2008_007786_jpg.rf.050b897568af945d24a2a8d69853c6fb.txt
2008_003703_jpg.rf.825229e397448cee503b5cd0978090e5.jpg,2008_003703_jpg.rf.825229e397448cee503b5cd0978090e5.txt
2009_002990_jpg.rf.a45481bed757ac956414ee3d35fbcf0e.jpg,2009_002990_jpg.rf.a45481bed757ac956414ee3d35fbcf0e.txt
2011_003749_jpg.rf.1b257050efd98a13ae6daeea6cfedbd8.jpg,2011_003749_jpg.rf.1b257050efd98a13ae6daeea6cfedbd8.txt
2008_003610_jpg.rf.7cb6cabe9edbddb22fe6d7e719e1280e.jpg,2008_003610_jpg.rf.7cb6cabe9edbddb22fe6d7e719e1280e.txt
2008_007576_jpg.rf.73fb488a907adaf6986daa50c7c3b5d8.jpg,2008_007576_jpg.rf.73fb488a907adaf6986daa50c7c3b5d8.txt
2008_006591_jpg.rf.4aa203df35566ed754247f7c10c734de.jpg,2008_006591_jpg.rf.4aa203df35566ed754247f7c10c734de.txt
2009_003686_jpg.rf.0c912d58691d8b9f08862972658f61a6.jpg,2009_003686_jpg.rf.0c912d58691d8b9f08862972658f61a6.txt
2011_003730_jpg.rf.047ec2a5c572e397725c2650da39c531.jpg,2011_003730_jpg.rf.047ec2a5c572e397725c2650da39c531.txt
2011_004228_jpg.rf.7a5dcd4c73a1b25956f80b9e7e4aa923.jpg,2011_004228_jpg.rf.7a5dcd4c73a1b25956f80b9e7e4aa923.txt
2008_003706_jpg.rf.3262439db2f915c9a69e2a0723792333.jpg,2008_003706_jpg.rf.3262439db2f915c9a69e2a0723792333.txt
2011_003324_jpg.rf.de5460988e80a400b6c6afb32b0332c6.jpg,2011_003324_jpg.rf.de5460988e80a400b6c6afb32b0332c6.txt
2008_003344_jpg.rf.585a727cd9c487f32d09414dd9a1f245.jpg,2008_003344_jpg.rf.585a727cd9c487f32d09414dd9a1f245.txt
2009_003771_jpg.rf.7aac7f832fe89b01cfc61c5da5857634.jpg,2009_003771_jpg.rf.7aac7f832fe89b01cfc61c5da5857634.txt
2008_002720_jpg.rf.1559d0c8945b4a0707028d15aaf8559c.jpg,2008_002720_jpg.rf.1559d0c8945b4a0707028d15aaf8559c.txt
2009_002320_jpg.rf.3c7008a18b839d8cbe48db71a65b59f1.jpg,2009_002320_jpg.rf.3c7008a18b839d8cbe48db71a65b59f1.txt
2008_003447_jpg.rf.66b06a433b50b084fb4c13c2f4f45fd1.jpg,2008_003447_jpg.rf.66b06a433b50b084fb4c13c2f4f45fd1.txt
2008_003932_jpg.rf.9743093abd2126df87cfd1aab11671fd.jpg,2008_003932_jpg.rf.9743093abd2126df87cfd1aab11671fd.txt
2008_007632_jpg.rf.d1625c94936b52f76d0b13e7ac3b02bc.jpg,2008_007632_jpg.rf.d1625c94936b52f76d0b13e7ac3b02bc.txt
2009_003710_jpg.rf.7c9301f755f4329b776aaa31c01d46a5.jpg,2009_003710_jpg.rf.7c9301f755f4329b776aaa31c01d46a5.txt
2008_007938_jpg.rf.8cc0279d5165544b914e713e4b1c7df4.jpg,2008_007938_jpg.rf.8cc0279d5165544b914e713e4b1c7df4.txt
2008_002834_jpg.rf.6e7798fb95fa289fdf6656f54b7f7c74.jpg,2008_002834_jpg.rf.6e7798fb95fa289fdf6656f54b7f7c74.txt
2009_004857_jpg.rf.6b034a3ef811d6ad5aeebadf4f1465a8.jpg,2009_004857_jpg.rf.6b034a3ef811d6ad5aeebadf4f1465a8.txt
2008_007332_jpg.rf.3b6c6fb4d99215da95ba35612ab503d0.jpg,2008_007332_jpg.rf.3b6c6fb4d99215da95ba35612ab503d0.txt
2009_003540_jpg.rf.f12facc9ff14e165e6c8eefbcd16df84.jpg,2009_003540_jpg.rf.f12facc9ff14e165e6c8eefbcd16df84.txt
2011_004874_jpg.rf.bcfe0fd210efdcbe0bddefc4534d9e70.jpg,2011_004874_jpg.rf.bcfe0fd210efdcbe0bddefc4534d9e70.txt
2009_004199_jpg.rf.89ac3a8cf59950467b2b57ff8086a1ca.jpg,2009_004199_jpg.rf.89ac3a8cf59950467b2b57ff8086a1ca.txt
2011_004733_jpg.rf.9636ce75954c927406b95eba03ab4f90.jpg,2011_004733_jpg.rf.9636ce75954c927406b95eba03ab4f90.txt
2008_003892_jpg.rf.8f437c8dfd5780f9041e306fc894679c.jpg,2008_003892_jpg.rf.8f437c8dfd5780f9041e306fc894679c.txt
2011_003900_jpg.rf.1b0cff5290e2faab776c464909215ee1.jpg,2011_003900_jpg.rf.1b0cff5290e2faab776c464909215ee1.txt
2009_003666_jpg.rf.5b4db3397bcf1e6a5554e85de0d4a07f.jpg,2009_003666_jpg.rf.5b4db3397bcf1e6a5554e85de0d4a07f.txt
2011_003913_jpg.rf.4438e06b65b90b53dcf0a0319de50c1c.jpg,2011_003913_jpg.rf.4438e06b65b90b53dcf0a0319de50c1c.txt
2009_002235_jpg.rf.7b0a0b2cb914785677b9af5ad910ce25.jpg,2009_002235_jpg.rf.7b0a0b2cb914785677b9af5ad910ce25.txt
2011_004755_jpg.rf.08e4aaeab50b90eb90c4df7ca1d1ccf2.jpg,2011_004755_jpg.rf.08e4aaeab50b90eb90c4df7ca1d1ccf2.txt
2009_002611_jpg.rf.63d07a9fe847a02b5c0d68e97415ce6f.jpg,2009_002611_jpg.rf.63d07a9fe847a02b5c0d68e97415ce6f.txt
2009_005051_jpg.rf.a5308aa399decb09eee1eed4b27d7c5d.jpg,2009_005051_jpg.rf.a5308aa399decb09eee1eed4b27d7c5d.txt
2008_007123_jpg.rf.580f9cd40083b159c1a0406cd22c364b.jpg,2008_007123_jpg.rf.580f9cd40083b159c1a0406cd22c364b.txt
2009_003300_jpg.rf.49ce4d5dced748616d97cce3231caf66.jpg,2009_003300_jpg.rf.49ce4d5dced748616d97cce3231caf66.txt
2008_008092_jpg.rf.d048e11647493a8475b9aecf059f837f.jpg,2008_008092_jpg.rf.d048e11647493a8475b9aecf059f837f.txt
2009_004972_jpg.rf.ffde8c01f81477e5d08ca0d9103e2a69.jpg,2009_004972_jpg.rf.ffde8c01f81477e5d08ca0d9103e2a69.txt
2011_004630_jpg.rf.67ae575550290e9532856896eabc97bd.jpg,2011_004630_jpg.rf.67ae575550290e9532856896eabc97bd.txt
2009_004619_jpg.rf.50827df101b638505d498cd4d5d7988e.jpg,2009_004619_jpg.rf.50827df101b638505d498cd4d5d7988e.txt
2011_004239_jpg.rf.05c6f847735c13e281f94143ec6bc4d9.jpg,2011_004239_jpg.rf.05c6f847735c13e281f94143ec6bc4d9.txt
2009_003097_jpg.rf.a7a418b850c6b501e8e8500b8632d79e.jpg,2009_003097_jpg.rf.a7a418b850c6b501e8e8500b8632d79e.txt
2011_004688_jpg.rf.2ded1777a6b7ada92578940d1d039de9.jpg,2011_004688_jpg.rf.2ded1777a6b7ada92578940d1d039de9.txt
2009_003455_jpg.rf.48c141f848663d8649fdcf34a57007cc.jpg,2009_003455_jpg.rf.48c141f848663d8649fdcf34a57007cc.txt
2011_004213_jpg.rf.615eac79ee980de7a8bae26a16cf50ea.jpg,2011_004213_jpg.rf.615eac79ee980de7a8bae26a16cf50ea.txt
2011_004771_jpg.rf.a31781f199f17359e5f3cb11fe50c02b.jpg,2011_004771_jpg.rf.a31781f199f17359e5f3cb11fe50c02b.txt
2011_004377_jpg.rf.0d86e0a8ed9a1b57324e31364b340401.jpg,2011_004377_jpg.rf.0d86e0a8ed9a1b57324e31364b340401.txt
2009_002803_jpg.rf.972e3e5905bae6b66e86aa77cfbadae5.jpg,2009_002803_jpg.rf.972e3e5905bae6b66e86aa77cfbadae5.txt
2008_006617_jpg.rf.2fc31606e6075c97be3cf15f7d438541.jpg,2008_006617_jpg.rf.2fc31606e6075c97be3cf15f7d438541.txt
2008_003263_jpg.rf.0c78f6d72cb25100d4e18761efc7c2b9.jpg,2008_003263_jpg.rf.0c78f6d72cb25100d4e18761efc7c2b9.txt
2008_003048_jpg.rf.79c7a920e1eece9c085500ca2ea7fe8d.jpg,2008_003048_jpg.rf.79c7a920e1eece9c085500ca2ea7fe8d.txt
2009_005019_jpg.rf.bcf48cb326ebed2050facb7f9af798b2.jpg,2009_005019_jpg.rf.bcf48cb326ebed2050facb7f9af798b2.txt
2008_006800_jpg.rf.73c55fa418881ca7fd717a26de47cad4.jpg,2008_006800_jpg.rf.73c55fa418881ca7fd717a26de47cad4.txt
2009_003056_jpg.rf.213410e8a09fb73d0b5c115f0646730a.jpg,2009_003056_jpg.rf.213410e8a09fb73d0b5c115f0646730a.txt
2008_007701_jpg.rf.1286ee3bc25b91b3dc0b5b97f6a2d47a.jpg,2008_007701_jpg.rf.1286ee3bc25b91b3dc0b5b97f6a2d47a.txt
2009_002271_jpg.rf.54ac79103f6c4bf80765e28b9ac68278.jpg,2009_002271_jpg.rf.54ac79103f6c4bf80765e28b9ac68278.txt
2011_003561_jpg.rf.a1d2f9e062357188eab848b290417cf6.jpg,2011_003561_jpg.rf.a1d2f9e062357188eab848b290417cf6.txt
2008_006903_jpg.rf.60830f9ec40a40b4f5a94f2a19734290.jpg,2008_006903_jpg.rf.60830f9ec40a40b4f5a94f2a19734290.txt
2009_004684_jpg.rf.d2814d293f340fff8146b61d201f6afb.jpg,2009_004684_jpg.rf.d2814d293f340fff8146b61d201f6afb.txt
2008_006910_jpg.rf.f8f7e26bf4509c1501426fff784d2d2c.jpg,2008_006910_jpg.rf.f8f7e26bf4509c1501426fff784d2d2c.txt
2008_006638_jpg.rf.3503258f22244c4d75315c04a0196781.jpg,2008_006638_jpg.rf.3503258f22244c4d75315c04a0196781.txt
2008_007690_jpg.rf.362484814c1b3165e8999fdfad505317.jpg,2008_007690_jpg.rf.362484814c1b3165e8999fdfad505317.txt
2009_004494_jpg.rf.fb87ee8ec3eb9afd2f4daead7c34fcec.jpg,2009_004494_jpg.rf.fb87ee8ec3eb9afd2f4daead7c34fcec.txt
2009_002626_jpg.rf.2f95705ef7ba5256a80712a87101b982.jpg,2009_002626_jpg.rf.2f95705ef7ba5256a80712a87101b982.txt
2008_003073_jpg.rf.cc67ccde90f4db5c5f08ca1b3c9f5cb5.jpg,2008_003073_jpg.rf.cc67ccde90f4db5c5f08ca1b3c9f5cb5.txt
2011_004983_jpg.rf.4caaabbd7c6c9693467295122d5f2560.jpg,2011_004983_jpg.rf.4caaabbd7c6c9693467295122d5f2560.txt
2008_003744_jpg.rf.c079f3c56e64cbea248f911614620f3e.jpg,2008_003744_jpg.rf.c079f3c56e64cbea248f911614620f3e.txt
2008_007060_jpg.rf.9737ad1c3285029d71771ff514168b26.jpg,2008_007060_jpg.rf.9737ad1c3285029d71771ff514168b26.txt
2011_003294_jpg.rf.af24a3deaa450a974471a604bbd286d1.jpg,2011_003294_jpg.rf.af24a3deaa450a974471a604bbd286d1.txt
2008_008231_jpg.rf.e8e4225b6b5c822f657a0a0499f158ab.jpg,2008_008231_jpg.rf.e8e4225b6b5c822f657a0a0499f158ab.txt
2008_002850_jpg.rf.86d7fc7920646856b33d7b918f492159.jpg,2008_002850_jpg.rf.86d7fc7920646856b33d7b918f492159.txt
2008_003815_jpg.rf.9c2e0cdab5728b262a9573bd6b6f496c.jpg,2008_003815_jpg.rf.9c2e0cdab5728b262a9573bd6b6f496c.txt
2008_008257_jpg.rf.457edcc3cacaf4425d75dc8747513f11.jpg,2008_008257_jpg.rf.457edcc3cacaf4425d75dc8747513f11.txt
2008_008444_jpg.rf.637634136e94cfd9d14448ef6638cb5f.jpg,2008_008444_jpg.rf.637634136e94cfd9d14448ef6638cb5f.txt
2008_007714_jpg.rf.27e4acdaa3939d0f5d19943a19e3714d.jpg,2008_007714_jpg.rf.27e4acdaa3939d0f5d19943a19e3714d.txt
2009_002697_jpg.rf.b8a2491b9716fd2019ae2d8f1e93bd91.jpg,2009_002697_jpg.rf.b8a2491b9716fd2019ae2d8f1e93bd91.txt
2009_004705_jpg.rf.24418d09f4fe651835bce5b16ebc6077.jpg,2009_004705_jpg.rf.24418d09f4fe651835bce5b16ebc6077.txt
2009_003671_jpg.rf.00eeb9e9df598efb6644acc59b29eebb.jpg,2009_003671_jpg.rf.00eeb9e9df598efb6644acc59b29eebb.txt
2009_002409_jpg.rf.66febc0d8489516da3dd97070ee15314.jpg,2009_002409_jpg.rf.66febc0d8489516da3dd97070ee15314.txt
2009_003058_jpg.rf.856d4e1ecdaaec8d52a6af371dfed0b9.jpg,2009_003058_jpg.rf.856d4e1ecdaaec8d52a6af371dfed0b9.txt
2011_004626_jpg.rf.14d46aafe5f1dacda60e9098001d8e4d.jpg,2011_004626_jpg.rf.14d46aafe5f1dacda60e9098001d8e4d.txt
2008_008583_jpg.rf.9323b629e64d89177c199f74c02d5c40.jpg,2008_008583_jpg.rf.9323b629e64d89177c199f74c02d5c40.txt
2008_003748_jpg.rf.50617a10d868d1632c6c6980fab91ad4.jpg,2008_003748_jpg.rf.50617a10d868d1632c6c6980fab91ad4.txt
2009_002360_jpg.rf.2c0c83db1f48c4f32347e486eea2c8bb.jpg,2009_002360_jpg.rf.2c0c83db1f48c4f32347e486eea2c8bb.txt
2008_003065_jpg.rf.8b2eb7909d4176d2c8445371cbd13103.jpg,2008_003065_jpg.rf.8b2eb7909d4176d2c8445371cbd13103.txt
2009_003003_jpg.rf.6219bc7f3b468e410c42648aca78c758.jpg,2009_003003_jpg.rf.6219bc7f3b468e410c42648aca78c758.txt
2011_004533_jpg.rf.f1ddccbecddce16203827337d0500a36.jpg,2011_004533_jpg.rf.f1ddccbecddce16203827337d0500a36.txt
2008_006750_jpg.rf.6dd1fe579ecdba157b95507524fd9b70.jpg,2008_006750_jpg.rf.6dd1fe579ecdba157b95507524fd9b70.txt
2008_007059_jpg.rf.262f0dd2753e78e7a8be447d7da5a958.jpg,2008_007059_jpg.rf.262f0dd2753e78e7a8be447d7da5a958.txt
2011_003613_jpg.rf.984772741cf0b26430bd2c04d4ce9eed.jpg,2011_003613_jpg.rf.984772741cf0b26430bd2c04d4ce9eed.txt
2008_008070_jpg.rf.f66b5a62ad19c46ebcb2060ff73af3d4.jpg,2008_008070_jpg.rf.f66b5a62ad19c46ebcb2060ff73af3d4.txt
2009_003123_jpg.rf.209649212401ef8d147ae1674f254349.jpg,2009_003123_jpg.rf.209649212401ef8d147ae1674f254349.txt
2009_003282_jpg.rf.7172f338d7c4fb579af044668610f15f.jpg,2009_003282_jpg.rf.7172f338d7c4fb579af044668610f15f.txt
2008_002801_jpg.rf.a5fb485edb1c4ed7240dc9b7c4942d0c.jpg,2008_002801_jpg.rf.a5fb485edb1c4ed7240dc9b7c4942d0c.txt
2008_007494_jpg.rf.1ef88e32c0fffeb6132f5d9eab553cf1.jpg,2008_007494_jpg.rf.1ef88e32c0fffeb6132f5d9eab553cf1.txt
2011_005056_jpg.rf.082ce72f4c0cba8296ae495824807746.jpg,2011_005056_jpg.rf.082ce72f4c0cba8296ae495824807746.txt
2009_004784_jpg.rf.b2557ed22e33ab63499c314dba6e94d1.jpg,2009_004784_jpg.rf.b2557ed22e33ab63499c314dba6e94d1.txt
2008_003469_jpg.rf.08475dc8fe12ad2607b6bd641357b894.jpg,2008_003469_jpg.rf.08475dc8fe12ad2607b6bd641357b894.txt
2011_003677_jpg.rf.e9afce097f6d9517614e081fdcc5e1ca.jpg,2011_003677_jpg.rf.e9afce097f6d9517614e081fdcc5e1ca.txt
2008_003266_jpg.rf.428b3b611d459c64da8910bfa8794b19.jpg,2008_003266_jpg.rf.428b3b611d459c64da8910bfa8794b19.txt
2011_004892_jpg.rf.d77878bd26065a75bb02a727300a285f.jpg,2011_004892_jpg.rf.d77878bd26065a75bb02a727300a285f.txt
2008_003665_jpg.rf.67f08df66722e26652cae9fedfd382ed.jpg,2008_003665_jpg.rf.67f08df66722e26652cae9fedfd382ed.txt
2009_004465_jpg.rf.a7674f7cba9a1019f15429df2e682fbf.jpg,2009_004465_jpg.rf.a7674f7cba9a1019f15429df2e682fbf.txt
2009_004806_jpg.rf.ebc5d462021b355d050c146f4c40c68c.jpg,2009_004806_jpg.rf.ebc5d462021b355d050c146f4c40c68c.txt
2009_002504_jpg.rf.f7475a3b165df3345c0c178d90119816.jpg,2009_002504_jpg.rf.f7475a3b165df3345c0c178d90119816.txt
2008_003277_jpg.rf.7da44b45d5e8130b9e09b561b2fccfaa.jpg,2008_003277_jpg.rf.7da44b45d5e8130b9e09b561b2fccfaa.txt
2009_004764_jpg.rf.9195f6553082745138cbb2828352d7d2.jpg,2009_004764_jpg.rf.9195f6553082745138cbb2828352d7d2.txt
2008_008322_jpg.rf.5212a6884606e8a5e41f9a1e2b5d08de.jpg,2008_008322_jpg.rf.5212a6884606e8a5e41f9a1e2b5d08de.txt
2008_006708_jpg.rf.583c9df9b40ea802724664121386fd6f.jpg,2008_006708_jpg.rf.583c9df9b40ea802724664121386fd6f.txt
2009_003415_jpg.rf.27afd6899b6034b987f9f89211d36ec6.jpg,2009_003415_jpg.rf.27afd6899b6034b987f9f89211d36ec6.txt
2011_004991_jpg.rf.e482fc5110120f5aeb4107d7a8519ea8.jpg,2011_004991_jpg.rf.e482fc5110120f5aeb4107d7a8519ea8.txt
2008_008116_jpg.rf.1554318646b3050d014a84c4cba722da.jpg,2008_008116_jpg.rf.1554318646b3050d014a84c4cba722da.txt
2011_004764_jpg.rf.61a32d6fb06f214e4c6866cb682c100a.jpg,2011_004764_jpg.rf.61a32d6fb06f214e4c6866cb682c100a.txt
2009_002961_jpg.rf.0f4d568a800b8bfba4b44458150b370f.jpg,2009_002961_jpg.rf.0f4d568a800b8bfba4b44458150b370f.txt
2008_003122_jpg.rf.1126fbce42f057f8278d142169ae7255.jpg,2008_003122_jpg.rf.1126fbce42f057f8278d142169ae7255.txt
2009_004934_jpg.rf.4089a6c3cd496f742eba06f01862ee50.jpg,2009_004934_jpg.rf.4089a6c3cd496f742eba06f01862ee50.txt
2011_004517_jpg.rf.182dd60adf01e33dc91af438b72e469a.jpg,2011_004517_jpg.rf.182dd60adf01e33dc91af438b72e469a.txt
2008_003443_jpg.rf.17e96d2cffabf15b6c8e480ccd89e12a.jpg,2008_003443_jpg.rf.17e96d2cffabf15b6c8e480ccd89e12a.txt
2009_004647_jpg.rf.7df826ad182b6943a210c5561d9cc4da.jpg,2009_004647_jpg.rf.7df826ad182b6943a210c5561d9cc4da.txt
2011_003731_jpg.rf.38a5db57268dba3556cee744a25a1787.jpg,2011_003731_jpg.rf.38a5db57268dba3556cee744a25a1787.txt
2009_004620_jpg.rf.8f002da163a8f407db5797c27f31dfc2.jpg,2009_004620_jpg.rf.8f002da163a8f407db5797c27f31dfc2.txt
2009_004409_jpg.rf.2f9d9c6c4628210eec594c97d8f33dd2.jpg,2009_004409_jpg.rf.2f9d9c6c4628210eec594c97d8f33dd2.txt
2008_002922_jpg.rf.6e5004a863f26c34e2d3728e15c922b0.jpg,2008_002922_jpg.rf.6e5004a863f26c34e2d3728e15c922b0.txt
2009_003858_jpg.rf.fbb4df88cc7251a43d0b06b0363a721d.jpg,2009_003858_jpg.rf.fbb4df88cc7251a43d0b06b0363a721d.txt
2009_002338_jpg.rf.daa31a744e3987413962a5f61418d992.jpg,2009_002338_jpg.rf.daa31a744e3987413962a5f61418d992.txt
2008_008211_jpg.rf.2949f9615eae33ae67e8d8b52cd6342f.jpg,2008_008211_jpg.rf.2949f9615eae33ae67e8d8b52cd6342f.txt
2008_003608_jpg.rf.c9bb9fe5e7635b65919f36f0f183ff52.jpg,2008_003608_jpg.rf.c9bb9fe5e7635b65919f36f0f183ff52.txt
2008_003886_jpg.rf.afc7eac381c5be44fc4c8fabdc0adabf.jpg,2008_003886_jpg.rf.afc7eac381c5be44fc4c8fabdc0adabf.txt
2008_003533_jpg.rf.662ae0b31f8fae03e226dfb8e6cf9346.jpg,2008_003533_jpg.rf.662ae0b31f8fae03e226dfb8e6cf9346.txt
2008_007928_jpg.rf.def2513036a6e8e53c05774327baf182.jpg,2008_007928_jpg.rf.def2513036a6e8e53c05774327baf182.txt
2009_004594_jpg.rf.af3d26d33d124070e6f73eedee45c84f.jpg,2009_004594_jpg.rf.af3d26d33d124070e6f73eedee45c84f.txt
2008_007843_jpg.rf.e61525982cc1609bfc997004de4d492d.jpg,2008_007843_jpg.rf.e61525982cc1609bfc997004de4d492d.txt
2009_002995_jpg.rf.c7e25db3a56a70d4c2b838e8a486bda7.jpg,2009_002995_jpg.rf.c7e25db3a56a70d4c2b838e8a486bda7.txt
2008_008330_jpg.rf.a34afa1b1763bee88a660bde13eff4da.jpg,2008_008330_jpg.rf.a34afa1b1763bee88a660bde13eff4da.txt
2009_002153_jpg.rf.33411c68bdd7cc30e2cb1840b4958f97.jpg,2009_002153_jpg.rf.33411c68bdd7cc30e2cb1840b4958f97.txt
2009_002958_jpg.rf.c19c089a10dc9e1fe45ac11fd30bd49f.jpg,2009_002958_jpg.rf.c19c089a10dc9e1fe45ac11fd30bd49f.txt
2011_004048_jpg.rf.d63b260503c12ad6c421b7ec4cadd3a7.jpg,2011_004048_jpg.rf.d63b260503c12ad6c421b7ec4cadd3a7.txt
2009_005082_jpg.rf.874a36d05b80136747e7894592745c01.jpg,2009_005082_jpg.rf.874a36d05b80136747e7894592745c01.txt
2008_003560_jpg.rf.f99197f152e27ad8cb30535c325a54a0.jpg,2008_003560_jpg.rf.f99197f152e27ad8cb30535c325a54a0.txt
2009_002147_jpg.rf.8489052ff953ee625c2ccc435d8dd07a.jpg,2009_002147_jpg.rf.8489052ff953ee625c2ccc435d8dd07a.txt
2008_007514_jpg.rf.49a3c83e6b3911968250e3876d5aaa38.jpg,2008_007514_jpg.rf.49a3c83e6b3911968250e3876d5aaa38.txt
2011_004080_jpg.rf.2afb236e128ec9fafe87825397e562e5.jpg,2011_004080_jpg.rf.2afb236e128ec9fafe87825397e562e5.txt
2008_008272_jpg.rf.c7484c6653679b81d5ef6ecdce125627.jpg,2008_008272_jpg.rf.c7484c6653679b81d5ef6ecdce125627.txt
2008_003008_jpg.rf.750fa4bce7bfc60354e174e23659d155.jpg,2008_003008_jpg.rf.750fa4bce7bfc60354e174e23659d155.txt
2008_003520_jpg.rf.6b9d14674ed41a76b49127ad1214f998.jpg,2008_003520_jpg.rf.6b9d14674ed41a76b49127ad1214f998.txt
2011_004264_jpg.rf.fcf10d274918244b802f6bc94c3b5493.jpg,2011_004264_jpg.rf.fcf10d274918244b802f6bc94c3b5493.txt
2011_004014_jpg.rf.0db26e3b727b4eebf4f8603601040d8b.jpg,2011_004014_jpg.rf.0db26e3b727b4eebf4f8603601040d8b.txt
2011_004625_jpg.rf.c00ab3d0db4909ca12a922ee608fd195.jpg,2011_004625_jpg.rf.c00ab3d0db4909ca12a922ee608fd195.txt
2011_004912_jpg.rf.44ecb8099366dd4d93ee0bab3165c6b7.jpg,2011_004912_jpg.rf.44ecb8099366dd4d93ee0bab3165c6b7.txt
2011_004049_jpg.rf.59f6b29ec03ab4ea6942aa8004bd23b8.jpg,2011_004049_jpg.rf.59f6b29ec03ab4ea6942aa8004bd23b8.txt
2009_004980_jpg.rf.14c2b95887a40ebe6b86dbe7ef6363ca.jpg,2009_004980_jpg.rf.14c2b95887a40ebe6b86dbe7ef6363ca.txt
2008_007871_jpg.rf.e702e83e262dda356ec70fef0818e17f.jpg,2008_007871_jpg.rf.e702e83e262dda356ec70fef0818e17f.txt
2011_003316_jpg.rf.b6be97754c671a416e394fbd5aec3d44.jpg,2011_003316_jpg.rf.b6be97754c671a416e394fbd5aec3d44.txt
2011_004916_jpg.rf.8bb7a8d9f9f65e15233774ae85c03845.jpg,2011_004916_jpg.rf.8bb7a8d9f9f65e15233774ae85c03845.txt
2009_004483_jpg.rf.8ca0c187747989ecf11611ee8a1e1f49.jpg,2009_004483_jpg.rf.8ca0c187747989ecf11611ee8a1e1f49.txt
2008_008384_jpg.rf.17c61507b3ee3eaf30db38e2ff2c42d6.jpg,2008_008384_jpg.rf.17c61507b3ee3eaf30db38e2ff2c42d6.txt
2008_007805_jpg.rf.aa3f498e81ff367d8e033cbde915516e.jpg,2008_007805_jpg.rf.aa3f498e81ff367d8e033cbde915516e.txt
2008_006623_jpg.rf.80c48e03c818f96da732940d9ddd77f2.jpg,2008_006623_jpg.rf.80c48e03c818f96da732940d9ddd77f2.txt
2011_004045_jpg.rf.b2e591432e76e0c859549813d8650314.jpg,2011_004045_jpg.rf.b2e591432e76e0c859549813d8650314.txt
2008_006696_jpg.rf.e1af8b35405b0e49baffda1f3f9064b7.jpg,2008_006696_jpg.rf.e1af8b35405b0e49baffda1f3f9064b7.txt
2008_008275_jpg.rf.1493a8a708113eaefae6b7414852425b.jpg,2008_008275_jpg.rf.1493a8a708113eaefae6b7414852425b.txt
2009_004142_jpg.rf.ab11dad6855e304f15ed38caecb160f5.jpg,2009_004142_jpg.rf.ab11dad6855e304f15ed38caecb160f5.txt
2008_003362_jpg.rf.13a380d978182e4b3028ddfb6c1542eb.jpg,2008_003362_jpg.rf.13a380d978182e4b3028ddfb6c1542eb.txt
2008_007239_jpg.rf.4c8dafe03887dcf0d08948286066d99f.jpg,2008_007239_jpg.rf.4c8dafe03887dcf0d08948286066d99f.txt
2009_004962_jpg.rf.330591164480ec7a0549fbb1663b1442.jpg,2009_004962_jpg.rf.330591164480ec7a0549fbb1663b1442.txt
2008_003144_jpg.rf.14d2787029390f002922a44aebb669dc.jpg,2008_003144_jpg.rf.14d2787029390f002922a44aebb669dc.txt
2008_002966_jpg.rf.37aea73c6304516ff6cc5872aa884cde.jpg,2008_002966_jpg.rf.37aea73c6304516ff6cc5872aa884cde.txt
2008_003295_jpg.rf.4afffdb94e19d930c2071f95f2732697.jpg,2008_003295_jpg.rf.4afffdb94e19d930c2071f95f2732697.txt
2011_004274_jpg.rf.ba9925f59bdb8e946c4404f0056258f3.jpg,2011_004274_jpg.rf.ba9925f59bdb8e946c4404f0056258f3.txt
2008_006944_jpg.rf.cec9ea2c28c765cad5454f473df97740.jpg,2008_006944_jpg.rf.cec9ea2c28c765cad5454f473df97740.txt
2011_003274_jpg.rf.8f2721c9bcc55adfd0c0590493292682.jpg,2011_003274_jpg.rf.8f2721c9bcc55adfd0c0590493292682.txt
2008_002936_jpg.rf.9cfde2c832067395523808a4241ebe3b.jpg,2008_002936_jpg.rf.9cfde2c832067395523808a4241ebe3b.txt
2008_003202_jpg.rf.ce1d789c3131b8aaf1f88848e1aa2a82.jpg,2008_003202_jpg.rf.ce1d789c3131b8aaf1f88848e1aa2a82.txt
2011_004100_jpg.rf.5b286fe879127864e82b5160dc715fdd.jpg,2011_004100_jpg.rf.5b286fe879127864e82b5160dc715fdd.txt
2011_003572_jpg.rf.80f05d4bb6e2e361ccb9dde9b5be9f7a.jpg,2011_003572_jpg.rf.80f05d4bb6e2e361ccb9dde9b5be9f7a.txt
2008_003405_jpg.rf.7118fcc41c2c76c28860f65d5b391b49.jpg,2008_003405_jpg.rf.7118fcc41c2c76c28860f65d5b391b49.txt
2009_003224_jpg.rf.04387d801a22c678f07f03b18b404c08.jpg,2009_003224_jpg.rf.04387d801a22c678f07f03b18b404c08.txt
2009_002667_jpg.rf.4bc636c993a25dcde5e34315a4ba8109.jpg,2009_002667_jpg.rf.4bc636c993a25dcde5e34315a4ba8109.txt
2008_002749_jpg.rf.0676e83187a39f733f8a31883dc2c1df.jpg,2008_002749_jpg.rf.0676e83187a39f733f8a31883dc2c1df.txt
2009_002898_jpg.rf.784cbce0ffa656f84fadf1585de1075e.jpg,2009_002898_jpg.rf.784cbce0ffa656f84fadf1585de1075e.txt
2008_003245_jpg.rf.23de3cd2780711f991531bead9a85bf3.jpg,2008_003245_jpg.rf.23de3cd2780711f991531bead9a85bf3.txt
2008_008192_jpg.rf.f47caaaab8279785a67d02d1b73b71ba.jpg,2008_008192_jpg.rf.f47caaaab8279785a67d02d1b73b71ba.txt
2008_006774_jpg.rf.e5773cc81c17c5d246fe9061d369c550.jpg,2008_006774_jpg.rf.e5773cc81c17c5d246fe9061d369c550.txt
2008_008208_jpg.rf.5a3c4d7cb6c23d57dc7f2b8b66e4a084.jpg,2008_008208_jpg.rf.5a3c4d7cb6c23d57dc7f2b8b66e4a084.txt
2008_007948_jpg.rf.3c90ca6fa65c77b058d76c27a981cae6.jpg,2008_007948_jpg.rf.3c90ca6fa65c77b058d76c27a981cae6.txt
2009_002204_jpg.rf.34582833bca41124bdb39336f0a870b8.jpg,2009_002204_jpg.rf.34582833bca41124bdb39336f0a870b8.txt
2008_007456_jpg.rf.73d375e3e3f4055e0cf6dbbd52efa642.jpg,2008_007456_jpg.rf.73d375e3e3f4055e0cf6dbbd52efa642.txt
2008_007245_jpg.rf.da67205a165253f46133e84f74fb51be.jpg,2008_007245_jpg.rf.da67205a165253f46133e84f74fb51be.txt
2008_007641_jpg.rf.2725137158087e5b34fcf19c7c92ec80.jpg,2008_007641_jpg.rf.2725137158087e5b34fcf19c7c92ec80.txt
2009_004258_jpg.rf.4a4bca383a9248017cbc3523b362b9a2.jpg,2009_004258_jpg.rf.4a4bca383a9248017cbc3523b362b9a2.txt
2008_008193_jpg.rf.d99ea6f33063939a761a9d4196c76a49.jpg,2008_008193_jpg.rf.d99ea6f33063939a761a9d4196c76a49.txt
2009_002335_jpg.rf.1a7192f5ee4af1b68fb75b2a8dd10d5f.jpg,2009_002335_jpg.rf.1a7192f5ee4af1b68fb75b2a8dd10d5f.txt
2009_004248_jpg.rf.c97f02bee5334b3dcf2ae37d550e99af.jpg,2009_004248_jpg.rf.c97f02bee5334b3dcf2ae37d550e99af.txt
2009_004285_jpg.rf.111abe24f3e9ece9d0325784c512d71f.jpg,2009_004285_jpg.rf.111abe24f3e9ece9d0325784c512d71f.txt
2009_003348_jpg.rf.88480552820b3937236cabe2c124132b.jpg,2009_003348_jpg.rf.88480552820b3937236cabe2c124132b.txt
2008_008533_jpg.rf.5b2e2753e3e7eea83a2515fa47f87d0d.jpg,2008_008533_jpg.rf.5b2e2753e3e7eea83a2515fa47f87d0d.txt
2008_007509_jpg.rf.f7229d776802fef1c3b88f5b8739887c.jpg,2008_007509_jpg.rf.f7229d776802fef1c3b88f5b8739887c.txt
2008_007143_jpg.rf.688bc3a60f53a9af4f919f8a43e7cbbf.jpg,2008_007143_jpg.rf.688bc3a60f53a9af4f919f8a43e7cbbf.txt
2011_004296_jpg.rf.7b37016f83a6a6cce76f09cd61c9bd7b.jpg,2011_004296_jpg.rf.7b37016f83a6a6cce76f09cd61c9bd7b.txt
2011_004147_jpg.rf.858a2ce5f6bf7ad7aee747332742a638.jpg,2011_004147_jpg.rf.858a2ce5f6bf7ad7aee747332742a638.txt
2009_002476_jpg.rf.3f03008550bddabfed980c4dba0e68cf.jpg,2009_002476_jpg.rf.3f03008550bddabfed980c4dba0e68cf.txt
2011_003314_jpg.rf.72010d18380dfaeedfa68f4f991b9901.jpg,2011_003314_jpg.rf.72010d18380dfaeedfa68f4f991b9901.txt
2011_003937_jpg.rf.c6f750cceb258ace2f6449ddc0ac31ff.jpg,2011_003937_jpg.rf.c6f750cceb258ace2f6449ddc0ac31ff.txt
2008_008162_jpg.rf.a6bee939ffdfb2c532dba0f67a53a4d5.jpg,2008_008162_jpg.rf.a6bee939ffdfb2c532dba0f67a53a4d5.txt
2008_002857_jpg.rf.518491dbeed1a4cbd2836a9ca73c4ebf.jpg,2008_002857_jpg.rf.518491dbeed1a4cbd2836a9ca73c4ebf.txt
2008_007814_jpg.rf.daca955a30638e42fa7b2a6b89706bd9.jpg,2008_007814_jpg.rf.daca955a30638e42fa7b2a6b89706bd9.txt
2008_003280_jpg.rf.e499dbe1e740fc9be9a91a3b3d049ce2.jpg,2008_003280_jpg.rf.e499dbe1e740fc9be9a91a3b3d049ce2.txt
2008_006604_jpg.rf.606fe3c977f422332e0d257ad0308e94.jpg,2008_006604_jpg.rf.606fe3c977f422332e0d257ad0308e94.txt
2009_004411_jpg.rf.c980ce5e2814daf75ec2fe0cf8447e50.jpg,2009_004411_jpg.rf.c980ce5e2814daf75ec2fe0cf8447e50.txt
2009_005068_jpg.rf.b533c8cad3edd3a1027232de1f63dac0.jpg,2009_005068_jpg.rf.b533c8cad3edd3a1027232de1f63dac0.txt
2011_003817_jpg.rf.dccf9c5d63f93b3d9efb01e6aed520c5.jpg,2011_003817_jpg.rf.dccf9c5d63f93b3d9efb01e6aed520c5.txt
2011_004584_jpg.rf.816cecbe15fec99e2d3d8fc11d67c80a.jpg,2011_004584_jpg.rf.816cecbe15fec99e2d3d8fc11d67c80a.txt
2008_007664_jpg.rf.5f5fc475bb40768b573da37a0f2ba600.jpg,2008_007664_jpg.rf.5f5fc475bb40768b573da37a0f2ba600.txt
2009_005130_jpg.rf.330461571bb7e1851d7a87616aeaf29e.jpg,2009_005130_jpg.rf.330461571bb7e1851d7a87616aeaf29e.txt
2008_007933_jpg.rf.09a3dac8e7a90e845c54e63b5dab0e78.jpg,2008_007933_jpg.rf.09a3dac8e7a90e845c54e63b5dab0e78.txt
2009_002683_jpg.rf.14b8cf633c3e8d7aad3c8e81517165e2.jpg,2009_002683_jpg.rf.14b8cf633c3e8d7aad3c8e81517165e2.txt
2008_008537_jpg.rf.5e35e3a1240a654730682015101e175d.jpg,2008_008537_jpg.rf.5e35e3a1240a654730682015101e175d.txt
2009_002625_jpg.rf.91fddcbe12284de24f799473356aada6.jpg,2009_002625_jpg.rf.91fddcbe12284de24f799473356aada6.txt
2009_004719_jpg.rf.138567f33fd4beed9d06b2f1f26b0937.jpg,2009_004719_jpg.rf.138567f33fd4beed9d06b2f1f26b0937.txt
2008_003860_jpg.rf.008cd4cfe041485323a311e672653beb.jpg,2008_003860_jpg.rf.008cd4cfe041485323a311e672653beb.txt
2009_002380_jpg.rf.b0801000bb8fe1b866fad84b58a95443.jpg,2009_002380_jpg.rf.b0801000bb8fe1b866fad84b58a95443.txt
2011_003712_jpg.rf.95650682404a0b5e2b58bff855956bb8.jpg,2011_003712_jpg.rf.95650682404a0b5e2b58bff855956bb8.txt
2008_003287_jpg.rf.981c0256a224cad8d19cb7e2842349a4.jpg,2008_003287_jpg.rf.981c0256a224cad8d19cb7e2842349a4.txt
2009_003076_jpg.rf.bbd894f18c9ffa90c551f73bdd059d1d.jpg,2009_003076_jpg.rf.bbd894f18c9ffa90c551f73bdd059d1d.txt
2009_005095_jpg.rf.aad43d5f008c7cef2d00f2f1c2bf80b0.jpg,2009_005095_jpg.rf.aad43d5f008c7cef2d00f2f1c2bf80b0.txt
2011_004457_jpg.rf.bb9a6fd4b19d08bd4f4ca1d23571b325.jpg,2011_004457_jpg.rf.bb9a6fd4b19d08bd4f4ca1d23571b325.txt
2011_003754_jpg.rf.5a7cd10b2b63075338fe717d15994167.jpg,2011_003754_jpg.rf.5a7cd10b2b63075338fe717d15994167.txt
2008_006969_jpg.rf.8d75270988981fd77e88f879d148cbfc.jpg,2008_006969_jpg.rf.8d75270988981fd77e88f879d148cbfc.txt
2008_008467_jpg.rf.f3b4ab33d9ab5aa66e52d2f4ce0097b3.jpg,2008_008467_jpg.rf.f3b4ab33d9ab5aa66e52d2f4ce0097b3.txt
2008_003676_jpg.rf.0c825d5abbb8ede9b7debca7093db576.jpg,2008_003676_jpg.rf.0c825d5abbb8ede9b7debca7093db576.txt
2009_002197_jpg.rf.8954a427b114027da51b8a1d0684ddee.jpg,2009_002197_jpg.rf.8954a427b114027da51b8a1d0684ddee.txt
2011_004060_jpg.rf.3a07619dcb2b0c8aaa5112eb1d1d80ca.jpg,2011_004060_jpg.rf.3a07619dcb2b0c8aaa5112eb1d1d80ca.txt
2009_005141_jpg.rf.d2fd15755622345cf5a97e9c284335a7.jpg,2009_005141_jpg.rf.d2fd15755622345cf5a97e9c284335a7.txt
2008_006546_jpg.rf.70394ca86d65d19ea3ee811c590fdff6.jpg,2008_006546_jpg.rf.70394ca86d65d19ea3ee811c590fdff6.txt
2009_002312_jpg.rf.8af6563642fce9352d529a07799c0e9d.jpg,2009_002312_jpg.rf.8af6563642fce9352d529a07799c0e9d.txt
2011_004728_jpg.rf.9292af494d779afe72d2524dee8ab51c.jpg,2011_004728_jpg.rf.9292af494d779afe72d2524dee8ab51c.txt
2008_008435_jpg.rf.043b3ad8bf5ef6c195892ec7d9cf3039.jpg,2008_008435_jpg.rf.043b3ad8bf5ef6c195892ec7d9cf3039.txt
2009_003753_jpg.rf.a72e0e8bfb8dfdc9e21744e22db97f88.jpg,2009_003753_jpg.rf.a72e0e8bfb8dfdc9e21744e22db97f88.txt
2009_002595_jpg.rf.794314e92766aa1f7e56b2abf14cb008.jpg,2009_002595_jpg.rf.794314e92766aa1f7e56b2abf14cb008.txt
2008_002955_jpg.rf.64f5df38e96241fe6d32c0e7c0532fae.jpg,2008_002955_jpg.rf.64f5df38e96241fe6d32c0e7c0532fae.txt
2011_003778_jpg.rf.e76c7d16d99ffcb9dd894e4f03b4ff50.jpg,2011_003778_jpg.rf.e76c7d16d99ffcb9dd894e4f03b4ff50.txt
2009_004886_jpg.rf.4811139987455ed4ced406f739a25a60.jpg,2009_004886_jpg.rf.4811139987455ed4ced406f739a25a60.txt
2009_003564_jpg.rf.0ac147ce672d2f98ba63559071346611.jpg,2009_003564_jpg.rf.0ac147ce672d2f98ba63559071346611.txt
2008_007877_jpg.rf.89906e406e58a26600f0703568ad87cb.jpg,2008_007877_jpg.rf.89906e406e58a26600f0703568ad87cb.txt
2008_007893_jpg.rf.2fed11c48bb8873aed683bff205210fa.jpg,2008_007893_jpg.rf.2fed11c48bb8873aed683bff205210fa.txt
2008_007201_jpg.rf.6edf30b2ddde4b0c84cde1472f3d69c9.jpg,2008_007201_jpg.rf.6edf30b2ddde4b0c84cde1472f3d69c9.txt
2008_002698_jpg.rf.b015d70ea42497bd9856f637c606523d.jpg,2008_002698_jpg.rf.b015d70ea42497bd9856f637c606523d.txt
2009_004432_jpg.rf.d48d05b3cef5ac39eaf51ed62a0f7669.jpg,2009_004432_jpg.rf.d48d05b3cef5ac39eaf51ed62a0f7669.txt
2009_003118_jpg.rf.6d4c93ec11923e227fdc95c1f1dca8d0.jpg,2009_003118_jpg.rf.6d4c93ec11923e227fdc95c1f1dca8d0.txt
2011_003650_jpg.rf.c6d31e8cc4181cdfd7a2d5231c788bb4.jpg,2011_003650_jpg.rf.c6d31e8cc4181cdfd7a2d5231c788bb4.txt
2011_004328_jpg.rf.a868c8c748755827692b65ba896ef262.jpg,2011_004328_jpg.rf.a868c8c748755827692b65ba896ef262.txt
2009_005098_jpg.rf.1ad8e1e4ebf3d3645166cdea403fb7f8.jpg,2009_005098_jpg.rf.1ad8e1e4ebf3d3645166cdea403fb7f8.txt
2008_006656_jpg.rf.f931427651ad0303f40c49bf09563882.jpg,2008_006656_jpg.rf.f931427651ad0303f40c49bf09563882.txt
2008_003794_jpg.rf.9d3cc0a735c33c81fec2e416faddff39.jpg,2008_003794_jpg.rf.9d3cc0a735c33c81fec2e416faddff39.txt
2011_004745_jpg.rf.36a4a974b2995e83eee3154f5d1d5682.jpg,2011_004745_jpg.rf.36a4a974b2995e83eee3154f5d1d5682.txt
2008_008252_jpg.rf.2891dfc4cd3951fd6b9baa6267140f9c.jpg,2008_008252_jpg.rf.2891dfc4cd3951fd6b9baa6267140f9c.txt
2009_004525_jpg.rf.8a73cc3c517e183be0ef535441a7af72.jpg,2009_004525_jpg.rf.8a73cc3c517e183be0ef535441a7af72.txt
2009_002448_jpg.rf.85b25e220eba37a7614986d7a0f263a2.jpg,2009_002448_jpg.rf.85b25e220eba37a7614986d7a0f263a2.txt
2008_007022_jpg.rf.4941a28c446eddf74f64ac634fbd1b08.jpg,2008_007022_jpg.rf.4941a28c446eddf74f64ac634fbd1b08.txt
2008_007833_jpg.rf.3ab48db4857c07781122454146701d87.jpg,2008_007833_jpg.rf.3ab48db4857c07781122454146701d87.txt
2011_003641_jpg.rf.92cebbd7871a120541dd2dc31a6d8b55.jpg,2011_003641_jpg.rf.92cebbd7871a120541dd2dc31a6d8b55.txt
2011_003471_jpg.rf.d2a87162c0d5881b159812493c2f6225.jpg,2011_003471_jpg.rf.d2a87162c0d5881b159812493c2f6225.txt
2009_004203_jpg.rf.448f17ecac83d1aa4910a6655cfac1d9.jpg,2009_004203_jpg.rf.448f17ecac83d1aa4910a6655cfac1d9.txt
2008_007710_jpg.rf.6c49ae29a8c868b2f62abe9fe801851a.jpg,2008_007710_jpg.rf.6c49ae29a8c868b2f62abe9fe801851a.txt
2011_005017_jpg.rf.894b34b625227be8364329bd4eacd1f3.jpg,2011_005017_jpg.rf.894b34b625227be8364329bd4eacd1f3.txt
2009_005064_jpg.rf.445595988214ed7ff2d6934c3fb76ff6.jpg,2009_005064_jpg.rf.445595988214ed7ff2d6934c3fb76ff6.txt
2008_007759_jpg.rf.e749f8f7dc2cf595618602978ad1da56.jpg,2008_007759_jpg.rf.e749f8f7dc2cf595618602978ad1da56.txt
2011_005031_jpg.rf.33bda8367da2959ee55dabd82ad15f1c.jpg,2011_005031_jpg.rf.33bda8367da2959ee55dabd82ad15f1c.txt
2009_004797_jpg.rf.7198a3ad3024a4b7a24fde329b6bf578.jpg,2009_004797_jpg.rf.7198a3ad3024a4b7a24fde329b6bf578.txt
2009_002862_jpg.rf.ce9913b02deeac9dd253e66760bb3091.jpg,2009_002862_jpg.rf.ce9913b02deeac9dd253e66760bb3091.txt
2011_003494_jpg.rf.1765bcc6010b9942f637545255a61669.jpg,2011_003494_jpg.rf.1765bcc6010b9942f637545255a61669.txt
2011_005085_jpg.rf.5b4ae6f972052dc41b531b532c1fa3a6.jpg,2011_005085_jpg.rf.5b4ae6f972052dc41b531b532c1fa3a6.txt
2008_008416_jpg.rf.f9287b3b93b7a8da2d7857224e37e822.jpg,2008_008416_jpg.rf.f9287b3b93b7a8da2d7857224e37e822.txt
2008_007923_jpg.rf.1b8a19d62f5456d9ebfec8b975137af0.jpg,2008_007923_jpg.rf.1b8a19d62f5456d9ebfec8b975137af0.txt
2008_007697_jpg.rf.2587f4011822d28dd902d86ea2157730.jpg,2008_007697_jpg.rf.2587f4011822d28dd902d86ea2157730.txt
2009_005242_jpg.rf.f93368b743245b61af111fc95bb4e42b.jpg,2009_005242_jpg.rf.f93368b743245b61af111fc95bb4e42b.txt
2009_004093_jpg.rf.6c64ee06ee0ce32e066674c05e1a293f.jpg,2009_004093_jpg.rf.6c64ee06ee0ce32e066674c05e1a293f.txt
2009_002373_jpg.rf.0400acb9e25a2267fa976a18c6c3235a.jpg,2009_002373_jpg.rf.0400acb9e25a2267fa976a18c6c3235a.txt
2008_006477_jpg.rf.4784940d3bb720ce0af5f4012b8425b5.jpg,2008_006477_jpg.rf.4784940d3bb720ce0af5f4012b8425b5.txt
2011_004717_jpg.rf.60543b9bced7c4dbf05c8c094715d67c.jpg,2011_004717_jpg.rf.60543b9bced7c4dbf05c8c094715d67c.txt
2009_002311_jpg.rf.ddc6964793018e244f6f8be516055b66.jpg,2009_002311_jpg.rf.ddc6964793018e244f6f8be516055b66.txt
2011_004454_jpg.rf.524fc505d7a0dad379923dfcd33eef62.jpg,2011_004454_jpg.rf.524fc505d7a0dad379923dfcd33eef62.txt
2008_008554_jpg.rf.93b53211704716d0d4598adb82b42466.jpg,2008_008554_jpg.rf.93b53211704716d0d4598adb82b42466.txt
2008_003093_jpg.rf.634feed48ba67bcc01ccbaab0501c91c.jpg,2008_003093_jpg.rf.634feed48ba67bcc01ccbaab0501c91c.txt
2008_007909_jpg.rf.606ed41bda96409d40a40a7d72ab955a.jpg,2008_007909_jpg.rf.606ed41bda96409d40a40a7d72ab955a.txt
2011_004878_jpg.rf.f66212d8e6f2d1219137175a76eae838.jpg,2011_004878_jpg.rf.f66212d8e6f2d1219137175a76eae838.txt
2009_004271_jpg.rf.57308c34def984eecd7cd30b86df0d1f.jpg,2009_004271_jpg.rf.57308c34def984eecd7cd30b86df0d1f.txt
2009_002932_jpg.rf.94445e7715efa017bcd6afc0818c9d5d.jpg,2009_002932_jpg.rf.94445e7715efa017bcd6afc0818c9d5d.txt
2008_002684_jpg.rf.7c73bfc81382335c000deff165ca8bb8.jpg,2008_002684_jpg.rf.7c73bfc81382335c000deff165ca8bb8.txt
2008_006767_jpg.rf.54db2b7c1004fb28e7dbba081fc76613.jpg,2008_006767_jpg.rf.54db2b7c1004fb28e7dbba081fc76613.txt
2008_003290_jpg.rf.1cc9a408cb2abae09b4e1c0b8db77563.jpg,2008_003290_jpg.rf.1cc9a408cb2abae09b4e1c0b8db77563.txt
2008_007274_jpg.rf.bcf9af94bd27ae998de724d8a778ff29.jpg,2008_007274_jpg.rf.bcf9af94bd27ae998de724d8a778ff29.txt
2008_006503_jpg.rf.0b0990d59e116a7fb366801b29e11af7.jpg,2008_006503_jpg.rf.0b0990d59e116a7fb366801b29e11af7.txt
2009_002920_jpg.rf.ca166d32c8b7ad2f3a93c3c8cf0bd727.jpg,2009_002920_jpg.rf.ca166d32c8b7ad2f3a93c3c8cf0bd727.txt
2011_004934_jpg.rf.b7c1867b21285433eb4cc9e3e66d6281.jpg,2011_004934_jpg.rf.b7c1867b21285433eb4cc9e3e66d6281.txt
2009_005119_jpg.rf.8ae193663d0cf4d774ee19de7fae26a2.jpg,2009_005119_jpg.rf.8ae193663d0cf4d774ee19de7fae26a2.txt
2009_002524_jpg.rf.ba12c94ceec96beac16d29b924f06220.jpg,2009_002524_jpg.rf.ba12c94ceec96beac16d29b924f06220.txt
2008_007195_jpg.rf.b1a05e499065a76eaf3d7c39767015d8.jpg,2008_007195_jpg.rf.b1a05e499065a76eaf3d7c39767015d8.txt
2011_004441_jpg.rf.3fa29f4e12283b96bef28fd53102632e.jpg,2011_004441_jpg.rf.3fa29f4e12283b96bef28fd53102632e.txt
2011_005072_jpg.rf.4c83f14598706837e50a3c55f7653cc9.jpg,2011_005072_jpg.rf.4c83f14598706837e50a3c55f7653cc9.txt
2008_003844_jpg.rf.9c345548a66a9b6f44d21037998bae1b.jpg,2008_003844_jpg.rf.9c345548a66a9b6f44d21037998bae1b.txt
2009_003166_jpg.rf.7483867b05e8f4be76502144d4269657.jpg,2009_003166_jpg.rf.7483867b05e8f4be76502144d4269657.txt
2008_003017_jpg.rf.e98b61be7f72eb02ac3a49cbf01e1d89.jpg,2008_003017_jpg.rf.e98b61be7f72eb02ac3a49cbf01e1d89.txt
2009_004255_jpg.rf.3e6f17bcf835a6f41dbe24519aeb41fc.jpg,2009_004255_jpg.rf.3e6f17bcf835a6f41dbe24519aeb41fc.txt
2011_005034_jpg.rf.8be65aac4a552072785f676b78d536c9.jpg,2011_005034_jpg.rf.8be65aac4a552072785f676b78d536c9.txt
2008_008025_jpg.rf.22f066ea1caa1d1adae6b02699bd6cb6.jpg,2008_008025_jpg.rf.22f066ea1caa1d1adae6b02699bd6cb6.txt
2009_004592_jpg.rf.3628e0a9d7c2f2d00e96a155d82dedb0.jpg,2009_004592_jpg.rf.3628e0a9d7c2f2d00e96a155d82dedb0.txt
2008_007223_jpg.rf.466646ec2aaf19211549fd798bbd48cc.jpg,2008_007223_jpg.rf.466646ec2aaf19211549fd798bbd48cc.txt
2009_004022_jpg.rf.fcd48b1341ba0ba3e260e36e37e9b884.jpg,2009_004022_jpg.rf.fcd48b1341ba0ba3e260e36e37e9b884.txt
2008_008287_jpg.rf.fba34ffdb6f54f344d0e275850cba501.jpg,2008_008287_jpg.rf.fba34ffdb6f54f344d0e275850cba501.txt
2011_003287_jpg.rf.4e788d7853793330fa1c3db21a8f5764.jpg,2011_003287_jpg.rf.4e788d7853793330fa1c3db21a8f5764.txt
2011_004348_jpg.rf.0296a62b933f0f2ab793b6e64d2902e0.jpg,2011_004348_jpg.rf.0296a62b933f0f2ab793b6e64d2902e0.txt
2011_004333_jpg.rf.8a1c345e4ba5be53673cc7c636256216.jpg,2011_004333_jpg.rf.8a1c345e4ba5be53673cc7c636256216.txt
2009_002558_jpg.rf.2cdc8a19e017e5a27f7cc376fe7e3ebe.jpg,2009_002558_jpg.rf.2cdc8a19e017e5a27f7cc376fe7e3ebe.txt
2008_006779_jpg.rf.50b51a0922cd116f8185d2819e8f45de.jpg,2008_006779_jpg.rf.50b51a0922cd116f8185d2819e8f45de.txt
2011_004662_jpg.rf.a92ec0a261f25ca0d8634a6b0306800b.jpg,2011_004662_jpg.rf.a92ec0a261f25ca0d8634a6b0306800b.txt
2008_008464_jpg.rf.7550f9d4f9dda036fffa6e13569e8a20.jpg,2008_008464_jpg.rf.7550f9d4f9dda036fffa6e13569e8a20.txt
2008_002730_jpg.rf.1c0c7617d1865c9ba8a8a49bdeab33f3.jpg,2008_002730_jpg.rf.1c0c7617d1865c9ba8a8a49bdeab33f3.txt
2008_008112_jpg.rf.8d92c5bc885abf3487130adcfa206712.jpg,2008_008112_jpg.rf.8d92c5bc885abf3487130adcfa206712.txt
2008_007459_jpg.rf.996dc9e76aaefb73e1f821d059731274.jpg,2008_007459_jpg.rf.996dc9e76aaefb73e1f821d059731274.txt
2011_004062_jpg.rf.bb8f5397ebb1e07ad806e96b90bd4405.jpg,2011_004062_jpg.rf.bb8f5397ebb1e07ad806e96b90bd4405.txt
2008_003255_jpg.rf.2d4e35f43be8479c976a2b55a93ec120.jpg,2008_003255_jpg.rf.2d4e35f43be8479c976a2b55a93ec120.txt
2008_003239_jpg.rf.8d161fd62e5dc08131594724deadb35d.jpg,2008_003239_jpg.rf.8d161fd62e5dc08131594724deadb35d.txt
2011_004973_jpg.rf.c806ac7d5cb78c01a90158abfa25ad87.jpg,2011_004973_jpg.rf.c806ac7d5cb78c01a90158abfa25ad87.txt
2009_004323_jpg.rf.ab525711ee879587086496d373c52c50.jpg,2009_004323_jpg.rf.ab525711ee879587086496d373c52c50.txt
2008_007730_jpg.rf.baedfbeb128666ba32594e51f3f36396.jpg,2008_007730_jpg.rf.baedfbeb128666ba32594e51f3f36396.txt
2009_004232_jpg.rf.67072583ebed177c0536818260c2c9b1.jpg,2009_004232_jpg.rf.67072583ebed177c0536818260c2c9b1.txt
2009_004316_jpg.rf.15edfc0d29e5e31968c13890d49126f1.jpg,2009_004316_jpg.rf.15edfc0d29e5e31968c13890d49126f1.txt
2008_003729_jpg.rf.68112d6a608b701be761fbf4931caa94.jpg,2008_003729_jpg.rf.68112d6a608b701be761fbf4931caa94.txt
2009_005031_jpg.rf.3ad9dd70fc2f06b31dd5f8f2a9d797fd.jpg,2009_005031_jpg.rf.3ad9dd70fc2f06b31dd5f8f2a9d797fd.txt
2011_004766_jpg.rf.23534d67661f005a70442f91c3c19195.jpg,2011_004766_jpg.rf.23534d67661f005a70442f91c3c19195.txt
2009_004150_jpg.rf.4e67664083fecd8557667513638778b6.jpg,2009_004150_jpg.rf.4e67664083fecd8557667513638778b6.txt
2009_004817_jpg.rf.b3732d548e42aa53db3a7debf98b2a4e.jpg,2009_004817_jpg.rf.b3732d548e42aa53db3a7debf98b2a4e.txt
2009_004307_jpg.rf.327a4fb976118791f4168b00f4f81c90.jpg,2009_004307_jpg.rf.327a4fb976118791f4168b00f4f81c90.txt
2009_003732_jpg.rf.3410d01002619f7479fc5e4b1cb45c7a.jpg,2009_003732_jpg.rf.3410d01002619f7479fc5e4b1cb45c7a.txt
2009_002274_jpg.rf.3ff009693414007d29ef5c3fa3261f83.jpg,2009_002274_jpg.rf.3ff009693414007d29ef5c3fa3261f83.txt
2011_004873_jpg.rf.25022cfb45097d3172b506ec582fc6cc.jpg,2011_004873_jpg.rf.25022cfb45097d3172b506ec582fc6cc.txt
2009_002408_jpg.rf.08c39a969083ba87fb73a20210451081.jpg,2009_002408_jpg.rf.08c39a969083ba87fb73a20210451081.txt
2008_002961_jpg.rf.a6baeaec8a3c54b61c1c5300a803d6f1.jpg,2008_002961_jpg.rf.a6baeaec8a3c54b61c1c5300a803d6f1.txt
2009_004134_jpg.rf.3c40ef5ea8eb555fd3b160d434357141.jpg,2009_004134_jpg.rf.3c40ef5ea8eb555fd3b160d434357141.txt
2008_006452_jpg.rf.75281488d99246e63fa13548d24b9f2e.jpg,2008_006452_jpg.rf.75281488d99246e63fa13548d24b9f2e.txt
2011_004590_jpg.rf.94354a34fc6d5aa59e9583c3bf3b5abc.jpg,2011_004590_jpg.rf.94354a34fc6d5aa59e9583c3bf3b5abc.txt
2011_003681_jpg.rf.da4fb11a0a464037d0796df74c6c54f5.jpg,2011_003681_jpg.rf.da4fb11a0a464037d0796df74c6c54f5.txt
2008_003043_jpg.rf.c8e8031ca568581bf7e952f231a3cbf1.jpg,2008_003043_jpg.rf.c8e8031ca568581bf7e952f231a3cbf1.txt
2009_003441_jpg.rf.aed4744f1a91abc453365da74f2da47e.jpg,2009_003441_jpg.rf.aed4744f1a91abc453365da74f2da47e.txt
2008_003433_jpg.rf.f8ea1b402caa1dac2f0c01e9afed5380.jpg,2008_003433_jpg.rf.f8ea1b402caa1dac2f0c01e9afed5380.txt
2009_002849_jpg.rf.4258cebe5daf50f37563e73fc0a4933b.jpg,2009_002849_jpg.rf.4258cebe5daf50f37563e73fc0a4933b.txt
2009_005055_jpg.rf.a137bd5d12fa372ffe57e351d07bcc42.jpg,2009_005055_jpg.rf.a137bd5d12fa372ffe57e351d07bcc42.txt
2009_004225_jpg.rf.b9fb75144c68c5708e11d3ac260c42d1.jpg,2009_004225_jpg.rf.b9fb75144c68c5708e11d3ac260c42d1.txt
2009_003259_jpg.rf.c1ca5a5afaa48f8dad345a5ba2985044.jpg,2009_003259_jpg.rf.c1ca5a5afaa48f8dad345a5ba2985044.txt
2008_002965_jpg.rf.4531769ea4ec697f796b3874e45712d2.jpg,2008_002965_jpg.rf.4531769ea4ec697f796b3874e45712d2.txt
2009_004839_jpg.rf.d7caeae20f31457c55344ec57c995cbe.jpg,2009_004839_jpg.rf.d7caeae20f31457c55344ec57c995cbe.txt
2008_008130_jpg.rf.1bd658ccd44306973374d9e6f571e61a.jpg,2008_008130_jpg.rf.1bd658ccd44306973374d9e6f571e61a.txt
2011_004752_jpg.rf.23e0b262b2e08dfa55c7d5f138f2d51d.jpg,2011_004752_jpg.rf.23e0b262b2e08dfa55c7d5f138f2d51d.txt
2008_007124_jpg.rf.ac5e649a517be4acbf64b6c2ac8d6ad3.jpg,2008_007124_jpg.rf.ac5e649a517be4acbf64b6c2ac8d6ad3.txt
2011_004607_jpg.rf.90e189b268eadbe09ac762af98164c21.jpg,2011_004607_jpg.rf.90e189b268eadbe09ac762af98164c21.txt
2008_008347_jpg.rf.867a30bce84b322bbc55280964840fd7.jpg,2008_008347_jpg.rf.867a30bce84b322bbc55280964840fd7.txt
2009_003481_jpg.rf.e9da1b6afa820dad9c5ea16337d43ff6.jpg,2009_003481_jpg.rf.e9da1b6afa820dad9c5ea16337d43ff6.txt
2011_004672_jpg.rf.49333db2f8e661f740a6a01c7e16dc16.jpg,2011_004672_jpg.rf.49333db2f8e661f740a6a01c7e16dc16.txt
2009_004643_jpg.rf.691d26648e0beaa97cd9b3054cfdafda.jpg,2009_004643_jpg.rf.691d26648e0beaa97cd9b3054cfdafda.txt
2011_004081_jpg.rf.6a3d30d2b2bc5b9b9e4d349b04b8fc96.jpg,2011_004081_jpg.rf.6a3d30d2b2bc5b9b9e4d349b04b8fc96.txt
2009_004830_jpg.rf.d605bf1d560d313735939f5133e290a9.jpg,2009_004830_jpg.rf.d605bf1d560d313735939f5133e290a9.txt
2011_003846_jpg.rf.d62f2c22a347f799e0bb7a645e0ecc03.jpg,2011_003846_jpg.rf.d62f2c22a347f799e0bb7a645e0ecc03.txt
2008_008309_jpg.rf.31647b7a7d372a2c8f325f69eb440d3b.jpg,2008_008309_jpg.rf.31647b7a7d372a2c8f325f69eb440d3b.txt
2008_008037_jpg.rf.491699268c99dbfb0458ea76a8226f3f.jpg,2008_008037_jpg.rf.491699268c99dbfb0458ea76a8226f3f.txt
2009_004656_jpg.rf.1e8b7bd3f1f9e3c7ed8fa98042253543.jpg,2009_004656_jpg.rf.1e8b7bd3f1f9e3c7ed8fa98042253543.txt
2009_002976_jpg.rf.a72a52c918934b645dcce8358c93ec8d.jpg,2009_002976_jpg.rf.a72a52c918934b645dcce8358c93ec8d.txt
2008_008429_jpg.rf.75c7e3154e3ec42d782782e1187d3a14.jpg,2008_008429_jpg.rf.75c7e3154e3ec42d782782e1187d3a14.txt
2009_002629_jpg.rf.8306eba1408b820d2d67e4e631e76637.jpg,2009_002629_jpg.rf.8306eba1408b820d2d67e4e631e76637.txt
2008_003763_jpg.rf.7ce162fee1ef5113cf61f6b461a6b21a.jpg,2008_003763_jpg.rf.7ce162fee1ef5113cf61f6b461a6b21a.txt
2009_003105_jpg.rf.9bbb9e5ec5022c9c3bbadbff148dbd20.jpg,2009_003105_jpg.rf.9bbb9e5ec5022c9c3bbadbff148dbd20.txt
2008_003180_jpg.rf.5c89692255ae6fe90403f96390d54a4f.jpg,2008_003180_jpg.rf.5c89692255ae6fe90403f96390d54a4f.txt
2009_004975_jpg.rf.f82a14e7c969c6a627d2e312459009b3.jpg,2009_004975_jpg.rf.f82a14e7c969c6a627d2e312459009b3.txt
2009_003528_jpg.rf.02635bd16514e0c414ed06d7bce2e886.jpg,2009_003528_jpg.rf.02635bd16514e0c414ed06d7bce2e886.txt
2011_003589_jpg.rf.f395e21a70e3e5f1937235fd906939ea.jpg,2011_003589_jpg.rf.f395e21a70e3e5f1937235fd906939ea.txt
2008_008530_jpg.rf.4807e701bdc307d2d6a2959aa238aa1e.jpg,2008_008530_jpg.rf.4807e701bdc307d2d6a2959aa238aa1e.txt
2011_003325_jpg.rf.d95a27cb589f60c165c8fdb825fda5cc.jpg,2011_003325_jpg.rf.d95a27cb589f60c165c8fdb825fda5cc.txt
2009_004590_jpg.rf.e09f66e9e8c19aafa27ef67082eb2e43.jpg,2009_004590_jpg.rf.e09f66e9e8c19aafa27ef67082eb2e43.txt
2009_004332_jpg.rf.9014d4d3cb3309a07e387921356f91c6.jpg,2009_004332_jpg.rf.9014d4d3cb3309a07e387921356f91c6.txt
2009_004845_jpg.rf.fa83796c1d937e5c34087cde413df424.jpg,2009_004845_jpg.rf.fa83796c1d937e5c34087cde413df424.txt
2011_003773_jpg.rf.ccb0bf5046e8cd0a1514d0fdffc16500.jpg,2011_003773_jpg.rf.ccb0bf5046e8cd0a1514d0fdffc16500.txt
2011_003364_jpg.rf.b7030d19f95858d1c3c0af3e5d562707.jpg,2011_003364_jpg.rf.b7030d19f95858d1c3c0af3e5d562707.txt
2008_006441_jpg.rf.0bdc6f4b6648832633350d2954bd7818.jpg,2008_006441_jpg.rf.0bdc6f4b6648832633350d2954bd7818.txt
2008_007873_jpg.rf.72d1c8f146a557c7f901ff4d2058ce0c.jpg,2008_007873_jpg.rf.72d1c8f146a557c7f901ff4d2058ce0c.txt
2009_003087_jpg.rf.d639f2c7b392b2625c6623580601e2a8.jpg,2009_003087_jpg.rf.d639f2c7b392b2625c6623580601e2a8.txt
2009_004207_jpg.rf.3708d1a52a3500074c5070057c8c7286.jpg,2009_004207_jpg.rf.3708d1a52a3500074c5070057c8c7286.txt
2009_003126_jpg.rf.94ee869976737c4a02ac6ce0aac0e395.jpg,2009_003126_jpg.rf.94ee869976737c4a02ac6ce0aac0e395.txt
2011_004332_jpg.rf.fb7de16de17ea4b8705f8ff7bd319b3c.jpg,2011_004332_jpg.rf.fb7de16de17ea4b8705f8ff7bd319b3c.txt
2011_004453_jpg.rf.7aa1134afea6b02777d4a800a9b2f78a.jpg,2011_004453_jpg.rf.7aa1134afea6b02777d4a800a9b2f78a.txt
2011_004254_jpg.rf.06fbe43fa0e407bcc33ff004ebe5cdc1.jpg,2011_004254_jpg.rf.06fbe43fa0e407bcc33ff004ebe5cdc1.txt
2008_003722_jpg.rf.5d7c0762bf056eb4ae33a2db12d626b3.jpg,2008_003722_jpg.rf.5d7c0762bf056eb4ae33a2db12d626b3.txt
2008_007030_jpg.rf.678e56bfcc5e73cf32622cef587d78dd.jpg,2008_007030_jpg.rf.678e56bfcc5e73cf32622cef587d78dd.txt
2008_007733_jpg.rf.d13cf25746163989966576e0c2cd8153.jpg,2008_007733_jpg.rf.d13cf25746163989966576e0c2cd8153.txt
2008_007164_jpg.rf.7dde9bef5e30e69be16f906619812367.jpg,2008_007164_jpg.rf.7dde9bef5e30e69be16f906619812367.txt
2008_003155_jpg.rf.e65a8c02c2f5fdbd081d636812b1b547.jpg,2008_003155_jpg.rf.e65a8c02c2f5fdbd081d636812b1b547.txt
2008_006889_jpg.rf.902e42bea0165205fd409924aedfc5b4.jpg,2008_006889_jpg.rf.902e42bea0165205fd409924aedfc5b4.txt
2011_003280_jpg.rf.79f4a1a72bf56ce1701b026cccd90af5.jpg,2011_003280_jpg.rf.79f4a1a72bf56ce1701b026cccd90af5.txt
2009_002122_jpg.rf.3870c3c43050fd33d82f9fd3035bb923.jpg,2009_002122_jpg.rf.3870c3c43050fd33d82f9fd3035bb923.txt
2011_003344_jpg.rf.41c8336559b1a8915e66b632c9c7f124.jpg,2011_003344_jpg.rf.41c8336559b1a8915e66b632c9c7f124.txt
2009_002295_jpg.rf.7478f4281f0d047c5f6eedd68e21acdb.jpg,2009_002295_jpg.rf.7478f4281f0d047c5f6eedd68e21acdb.txt
2009_004738_jpg.rf.c47e351a4230030e8b266661e40510d6.jpg,2009_004738_jpg.rf.c47e351a4230030e8b266661e40510d6.txt
2009_003786_jpg.rf.3dc06deec94c9a6778bae94c371ceedd.jpg,2009_003786_jpg.rf.3dc06deec94c9a6778bae94c371ceedd.txt
2009_003233_jpg.rf.03b443edeaa560e06cfaa0741f01d6da.jpg,2009_003233_jpg.rf.03b443edeaa560e06cfaa0741f01d6da.txt
2008_008321_jpg.rf.51a9a8f4d366765bd99640e563008d74.jpg,2008_008321_jpg.rf.51a9a8f4d366765bd99640e563008d74.txt
2008_003051_jpg.rf.356c062e1d8442e731642852dcd2cb23.jpg,2008_003051_jpg.rf.356c062e1d8442e731642852dcd2cb23.txt
2008_006847_jpg.rf.d258a1054a5262b4c33f746d3e71e620.jpg,2008_006847_jpg.rf.d258a1054a5262b4c33f746d3e71e620.txt
2011_004008_jpg.rf.b543ba63af186fab8d50aab5ba707bd1.jpg,2011_004008_jpg.rf.b543ba63af186fab8d50aab5ba707bd1.txt
2008_006813_jpg.rf.8f863bc4755064ba5929576d857c06f0.jpg,2008_006813_jpg.rf.8f863bc4755064ba5929576d857c06f0.txt
2011_003933_jpg.rf.df719f48b1408b7a05ffce64ac81b48e.jpg,2011_003933_jpg.rf.df719f48b1408b7a05ffce64ac81b48e.txt
2008_007435_jpg.rf.1c67a8852dd7218e978e7ea7b729fa35.jpg,2008_007435_jpg.rf.1c67a8852dd7218e978e7ea7b729fa35.txt
2008_007279_jpg.rf.d82e8316c5e17b171684c2d761afa18e.jpg,2008_007279_jpg.rf.d82e8316c5e17b171684c2d761afa18e.txt
2008_006819_jpg.rf.dc3e8f96e5689cf49e7b93b70c578df4.jpg,2008_006819_jpg.rf.dc3e8f96e5689cf49e7b93b70c578df4.txt
2009_003993_jpg.rf.556a0366775a3a0f29ebdacaa82b2fca.jpg,2009_003993_jpg.rf.556a0366775a3a0f29ebdacaa82b2fca.txt
2011_004386_jpg.rf.27f9cca45eda6ee1052caef21bb3b28c.jpg,2011_004386_jpg.rf.27f9cca45eda6ee1052caef21bb3b28c.txt
2008_007064_jpg.rf.b1708a0bdd2f94b1a3bafbcdb557456c.jpg,2008_007064_jpg.rf.b1708a0bdd2f94b1a3bafbcdb557456c.txt
2008_006781_jpg.rf.1ff3d436b18708aae87957bd505306e2.jpg,2008_006781_jpg.rf.1ff3d436b18708aae87957bd505306e2.txt
2011_003708_jpg.rf.2daea132ce6ba1c4084dd22ba55eb491.jpg,2011_003708_jpg.rf.2daea132ce6ba1c4084dd22ba55eb491.txt
2009_004977_jpg.rf.6b67137d91cc09bacff6e5811bb2f8b9.jpg,2009_004977_jpg.rf.6b67137d91cc09bacff6e5811bb2f8b9.txt
2008_007478_jpg.rf.844dcd32378a1629ca840ede1564605c.jpg,2008_007478_jpg.rf.844dcd32378a1629ca840ede1564605c.txt
2011_003440_jpg.rf.af9ed7eeca721c65381b7dabb2b30631.jpg,2011_003440_jpg.rf.af9ed7eeca721c65381b7dabb2b30631.txt
2011_004894_jpg.rf.a3a3cdbc6af26b83e420b7fdc88d0cb6.jpg,2011_004894_jpg.rf.a3a3cdbc6af26b83e420b7fdc88d0cb6.txt
2011_003409_jpg.rf.db21c60ae0ae6e9e5c30d51b19ce493b.jpg,2011_003409_jpg.rf.db21c60ae0ae6e9e5c30d51b19ce493b.txt
2008_007823_jpg.rf.7584c6a4c1bad6a26fea84453a86978d.jpg,2008_007823_jpg.rf.7584c6a4c1bad6a26fea84453a86978d.txt
2008_007352_jpg.rf.982621752be8750af8d3a8315a699134.jpg,2008_007352_jpg.rf.982621752be8750af8d3a8315a699134.txt
2008_006961_jpg.rf.84b583dd00abb1df791ce61b5a7d7518.jpg,2008_006961_jpg.rf.84b583dd00abb1df791ce61b5a7d7518.txt
2011_004782_jpg.rf.7c420d79163ef9cf389954d2f60225fe.jpg,2011_004782_jpg.rf.7c420d79163ef9cf389954d2f60225fe.txt
2009_003816_jpg.rf.01a9eec5e991c4df7cddda50056bce7c.jpg,2009_003816_jpg.rf.01a9eec5e991c4df7cddda50056bce7c.txt
2011_003644_jpg.rf.76e772436ef68f817f17452012921aa1.jpg,2011_003644_jpg.rf.76e772436ef68f817f17452012921aa1.txt
2009_003539_jpg.rf.3898f8da8e5bf90773656f2adc99b422.jpg,2009_003539_jpg.rf.3898f8da8e5bf90773656f2adc99b422.txt
2009_004168_jpg.rf.b61b3ba63c58e2afd55008dff2733e5d.jpg,2009_004168_jpg.rf.b61b3ba63c58e2afd55008dff2733e5d.txt
2008_007114_jpg.rf.094f5e9e8434bb617afac6cd811078d0.jpg,2008_007114_jpg.rf.094f5e9e8434bb617afac6cd811078d0.txt
2009_002704_jpg.rf.f2b5f0840c9152f3e9c27265b929d4e0.jpg,2009_002704_jpg.rf.f2b5f0840c9152f3e9c27265b929d4e0.txt
2009_002397_jpg.rf.d83dda2fe302c8368ac361b7d4287a3e.jpg,2009_002397_jpg.rf.d83dda2fe302c8368ac361b7d4287a3e.txt
2008_006844_jpg.rf.191534d5146fefb6aebfee9e971c5802.jpg,2008_006844_jpg.rf.191534d5146fefb6aebfee9e971c5802.txt
2008_007314_jpg.rf.a71e23b5d82282ace36bfc0a974f0b05.jpg,2008_007314_jpg.rf.a71e23b5d82282ace36bfc0a974f0b05.txt
2009_002308_jpg.rf.0b12e578e603563ffdf3cd417a846f87.jpg,2009_002308_jpg.rf.0b12e578e603563ffdf3cd417a846f87.txt
2011_003658_jpg.rf.c32f78193862c84cadb25ad3ad8d20f7.jpg,2011_003658_jpg.rf.c32f78193862c84cadb25ad3ad8d20f7.txt
2008_007831_jpg.rf.c460a1c738b7cf313bf3b0f47cdf7c24.jpg,2008_007831_jpg.rf.c460a1c738b7cf313bf3b0f47cdf7c24.txt
2008_007990_jpg.rf.d43253e8e19bec23c6616b348318383d.jpg,2008_007990_jpg.rf.d43253e8e19bec23c6616b348318383d.txt
2009_003164_jpg.rf.2d56fd2d7c53ff6284eeff0a0bd2d65c.jpg,2009_003164_jpg.rf.2d56fd2d7c53ff6284eeff0a0bd2d65c.txt
2009_003143_jpg.rf.dd6f0ebea6665d1ea3bf38d301467d2c.jpg,2009_003143_jpg.rf.dd6f0ebea6665d1ea3bf38d301467d2c.txt
2009_003703_jpg.rf.2fbd9210fa0e87479004762672db9e1f.jpg,2009_003703_jpg.rf.2fbd9210fa0e87479004762672db9e1f.txt
2008_006602_jpg.rf.12c3c2823ffe0d2c3bf63f2c91b98f38.jpg,2008_006602_jpg.rf.12c3c2823ffe0d2c3bf63f2c91b98f38.txt
2008_003719_jpg.rf.a76474e51f0be8032cb488249661bc2f.jpg,2008_003719_jpg.rf.a76474e51f0be8032cb488249661bc2f.txt
2009_004708_jpg.rf.afab2a247213e9e34640ca0f53e38869.jpg,2009_004708_jpg.rf.afab2a247213e9e34640ca0f53e38869.txt
2011_004371_jpg.rf.c049fda3568398734cf167d3d6c42d91.jpg,2011_004371_jpg.rf.c049fda3568398734cf167d3d6c42d91.txt
2011_004478_jpg.rf.51100457759f51357894d5080f3d3f22.jpg,2011_004478_jpg.rf.51100457759f51357894d5080f3d3f22.txt
2008_002869_jpg.rf.c72ceb6e910f939f55a8d732729b2d20.jpg,2008_002869_jpg.rf.c72ceb6e910f939f55a8d732729b2d20.txt
2011_003495_jpg.rf.deab92f03c9d5e5a6a0d8f2ddb6a6152.jpg,2011_003495_jpg.rf.deab92f03c9d5e5a6a0d8f2ddb6a6152.txt
2009_003042_jpg.rf.27fc77fa813c0b01592e05b8ebb58e40.jpg,2009_003042_jpg.rf.27fc77fa813c0b01592e05b8ebb58e40.txt
2009_004535_jpg.rf.5d0a6365b35583648a111fa6ca9332e0.jpg,2009_004535_jpg.rf.5d0a6365b35583648a111fa6ca9332e0.txt
2008_002930_jpg.rf.5871d1e983bf5d4c60820bb7f127071c.jpg,2008_002930_jpg.rf.5871d1e983bf5d4c60820bb7f127071c.txt
2009_004478_jpg.rf.20db4ad28e664a727965b9fad0556975.jpg,2009_004478_jpg.rf.20db4ad28e664a727965b9fad0556975.txt
2009_002703_jpg.rf.ee2861f53f6e092f3a12589ed02c5eb7.jpg,2009_002703_jpg.rf.ee2861f53f6e092f3a12589ed02c5eb7.txt
2008_003712_jpg.rf.ec0ba05c55df6e217f3d4b3e55e56723.jpg,2008_003712_jpg.rf.ec0ba05c55df6e217f3d4b3e55e56723.txt
2011_004052_jpg.rf.250d3ff958391128bc4af7ac26b44c63.jpg,2011_004052_jpg.rf.250d3ff958391128bc4af7ac26b44c63.txt
2011_003556_jpg.rf.ded70ea0e41e85a7ce7fed91cb899aa4.jpg,2011_003556_jpg.rf.ded70ea0e41e85a7ce7fed91cb899aa4.txt
2009_003865_jpg.rf.0cde5c2a8b057ecd948b91f669de6bf7.jpg,2009_003865_jpg.rf.0cde5c2a8b057ecd948b91f669de6bf7.txt
2009_003521_jpg.rf.87b4c99d03b7be0dfc5afff999cec521.jpg,2009_003521_jpg.rf.87b4c99d03b7be0dfc5afff999cec521.txt
2009_003310_jpg.rf.52f5dd78a0c97b590250655bd2d4ada2.jpg,2009_003310_jpg.rf.52f5dd78a0c97b590250655bd2d4ada2.txt
2008_003167_jpg.rf.2c6084c8e87b6f8b17f09978a209d670.jpg,2008_003167_jpg.rf.2c6084c8e87b6f8b17f09978a209d670.txt
2008_007473_jpg.rf.c002db5e7624506fa191ed8e083d34da.jpg,2008_007473_jpg.rf.c002db5e7624506fa191ed8e083d34da.txt
2011_004953_jpg.rf.16d74c192de9595a07acf7b02da24893.jpg,2011_004953_jpg.rf.16d74c192de9595a07acf7b02da24893.txt
2008_003313_jpg.rf.6253738a50c930c9b2f83fcb6c0b79ef.jpg,2008_003313_jpg.rf.6253738a50c930c9b2f83fcb6c0b79ef.txt
2011_003861_jpg.rf.d911afe7bc11b872cb7ccb66fdb5d5ae.jpg,2011_003861_jpg.rf.d911afe7bc11b872cb7ccb66fdb5d5ae.txt
2009_004406_jpg.rf.66dacdbf0ab9466deafcabc39d767897.jpg,2009_004406_jpg.rf.66dacdbf0ab9466deafcabc39d767897.txt
2008_003052_jpg.rf.c836d3ef82de648041a5b33447fbf1f3.jpg,2008_003052_jpg.rf.c836d3ef82de648041a5b33447fbf1f3.txt
2008_006925_jpg.rf.34f93d82443fcceef8f599b0ef212e94.jpg,2008_006925_jpg.rf.34f93d82443fcceef8f599b0ef212e94.txt
2009_003734_jpg.rf.12306727e816f38314d4678217bfac71.jpg,2009_003734_jpg.rf.12306727e816f38314d4678217bfac71.txt
2009_004947_jpg.rf.189d81054f59f5304ce9a93c36f8150d.jpg,2009_004947_jpg.rf.189d81054f59f5304ce9a93c36f8150d.txt
2011_003734_jpg.rf.2ce0c3a93cdd6a06f5f02c8766eb918e.jpg,2011_003734_jpg.rf.2ce0c3a93cdd6a06f5f02c8766eb918e.txt
2008_003374_jpg.rf.95a1a1448ce4cef790d90d49aa23dd4e.jpg,2008_003374_jpg.rf.95a1a1448ce4cef790d90d49aa23dd4e.txt
2011_004907_jpg.rf.baae1274c2f99eb89ccba207df43aa24.jpg,2011_004907_jpg.rf.baae1274c2f99eb89ccba207df43aa24.txt
2011_004810_jpg.rf.10d389461dcff7c2713fe85cb07b212f.jpg,2011_004810_jpg.rf.10d389461dcff7c2713fe85cb07b212f.txt
2008_007392_jpg.rf.298c6ec99692c1f33abf693ccefcdfab.jpg,2008_007392_jpg.rf.298c6ec99692c1f33abf693ccefcdfab.txt
2008_003852_jpg.rf.eeee08488ca66361763c91b769bd4aac.jpg,2008_003852_jpg.rf.eeee08488ca66361763c91b769bd4aac.txt
2008_006567_jpg.rf.06b4089c3d161ac4c08779ab4752b1e5.jpg,2008_006567_jpg.rf.06b4089c3d161ac4c08779ab4752b1e5.txt
2008_006427_jpg.rf.7910065e8fefe118efd67c8058bd2af6.jpg,2008_006427_jpg.rf.7910065e8fefe118efd67c8058bd2af6.txt
2008_007357_jpg.rf.1c3c52927a761f4316a6c3a01655f006.jpg,2008_007357_jpg.rf.1c3c52927a761f4316a6c3a01655f006.txt
2011_004957_jpg.rf.6b20ec919d75bd13ffc424dc4ec55139.jpg,2011_004957_jpg.rf.6b20ec919d75bd13ffc424dc4ec55139.txt
2011_004888_jpg.rf.5003ef04459aef0e1002536697d5fb5e.jpg,2011_004888_jpg.rf.5003ef04459aef0e1002536697d5fb5e.txt
2011_004689_jpg.rf.c140aaf31c54ef3e609162c0cfd0b47f.jpg,2011_004689_jpg.rf.c140aaf31c54ef3e609162c0cfd0b47f.txt
2009_002798_jpg.rf.d831dfce6ada3d065c68bf8aeabbe58f.jpg,2009_002798_jpg.rf.d831dfce6ada3d065c68bf8aeabbe58f.txt
2011_004553_jpg.rf.c7278cfea98fb75efd4ed18ae53b1a99.jpg,2011_004553_jpg.rf.c7278cfea98fb75efd4ed18ae53b1a99.txt
2011_004347_jpg.rf.72ec963181fc3e5a2835e6b14a39041b.jpg,2011_004347_jpg.rf.72ec963181fc3e5a2835e6b14a39041b.txt
2009_002549_jpg.rf.bc841e11cf5c0ec18214af26c54400ce.jpg,2009_002549_jpg.rf.bc841e11cf5c0ec18214af26c54400ce.txt
2009_004694_jpg.rf.df5f9e49021bf0c34534beed72b19e25.jpg,2009_004694_jpg.rf.df5f9e49021bf0c34534beed72b19e25.txt
2011_004038_jpg.rf.1ba8b62d426607deee88444bf10afafc.jpg,2011_004038_jpg.rf.1ba8b62d426607deee88444bf10afafc.txt
2011_004838_jpg.rf.6135ddfe17fd3a906aecda2eda81adc3.jpg,2011_004838_jpg.rf.6135ddfe17fd3a906aecda2eda81adc3.txt
2009_002221_jpg.rf.6be764335c8469e2b6519c3158417038.jpg,2009_002221_jpg.rf.6be764335c8469e2b6519c3158417038.txt
2008_003870_jpg.rf.745f95115cb8b52a0bd9b52afcab4776.jpg,2008_003870_jpg.rf.745f95115cb8b52a0bd9b52afcab4776.txt
2009_004092_jpg.rf.5493ad2eba58515ca9111afda1c4610f.jpg,2009_004092_jpg.rf.5493ad2eba58515ca9111afda1c4610f.txt
2008_003181_jpg.rf.a2103fd01958f06a5d5fabed1318f62b.jpg,2008_003181_jpg.rf.a2103fd01958f06a5d5fabed1318f62b.txt
2008_006491_jpg.rf.44774ac8d30d8811f0fe916150317ed5.jpg,2008_006491_jpg.rf.44774ac8d30d8811f0fe916150317ed5.txt
2008_007630_jpg.rf.e730d06d3aa6190c11b6d8344af6134b.jpg,2008_007630_jpg.rf.e730d06d3aa6190c11b6d8344af6134b.txt
2009_002921_jpg.rf.46bd65d5f29655fb93fda55488bda2ba.jpg,2009_002921_jpg.rf.46bd65d5f29655fb93fda55488bda2ba.txt
2009_002131_jpg.rf.b991b7c683a7203c6d115246302796cc.jpg,2009_002131_jpg.rf.b991b7c683a7203c6d115246302796cc.txt
2008_007742_jpg.rf.d54770d2aab9bef336b911c99eb91fea.jpg,2008_007742_jpg.rf.d54770d2aab9bef336b911c99eb91fea.txt
2011_004381_jpg.rf.8833594abee3e92ed3c2bfe8effe7136.jpg,2011_004381_jpg.rf.8833594abee3e92ed3c2bfe8effe7136.txt
2008_007617_jpg.rf.dc70acbc3138d8c0b6266b09c137dd0a.jpg,2008_007617_jpg.rf.dc70acbc3138d8c0b6266b09c137dd0a.txt
2009_004414_jpg.rf.99c43c7793d316c11c1e1a27a12f4d55.jpg,2009_004414_jpg.rf.99c43c7793d316c11c1e1a27a12f4d55.txt
2009_002415_jpg.rf.c1c293e3811fc39276204dc513c36719.jpg,2009_002415_jpg.rf.c1c293e3811fc39276204dc513c36719.txt
2009_004308_jpg.rf.59f3229704598f8f195abc552119bd68.jpg,2009_004308_jpg.rf.59f3229704598f8f195abc552119bd68.txt
2008_007118_jpg.rf.9d778b7d95e2ba57f4a95bd9599427b7.jpg,2008_007118_jpg.rf.9d778b7d95e2ba57f4a95bd9599427b7.txt
2008_007194_jpg.rf.b50ef95505830a9941b83a51782ec79d.jpg,2008_007194_jpg.rf.b50ef95505830a9941b83a51782ec79d.txt
2011_004428_jpg.rf.562680e41f007d5c141595a906a45a8a.jpg,2011_004428_jpg.rf.562680e41f007d5c141595a906a45a8a.txt
2008_002741_jpg.rf.8df8e837ef75a449e885445f67bc154f.jpg,2008_002741_jpg.rf.8df8e837ef75a449e885445f67bc154f.txt
2009_003696_jpg.rf.4ea67fc4d4642d92f28aee465ba8f099.jpg,2009_003696_jpg.rf.4ea67fc4d4642d92f28aee465ba8f099.txt
2009_002377_jpg.rf.9a1c1804aa64e5191c384b8cd0ec1c5a.jpg,2009_002377_jpg.rf.9a1c1804aa64e5191c384b8cd0ec1c5a.txt
2009_003821_jpg.rf.2eb8a65fd8c8de53bb6484b5de1bab10.jpg,2009_003821_jpg.rf.2eb8a65fd8c8de53bb6484b5de1bab10.txt
2011_004488_jpg.rf.78a8348793a87d6dd9fb376a4a24cda3.jpg,2011_004488_jpg.rf.78a8348793a87d6dd9fb376a4a24cda3.txt
2008_002906_jpg.rf.78138adddab2851719e3c36dee9b636b.jpg,2008_002906_jpg.rf.78138adddab2851719e3c36dee9b636b.txt
2011_004547_jpg.rf.0954384e8ee2a3dbf976075b983348fb.jpg,2011_004547_jpg.rf.0954384e8ee2a3dbf976075b983348fb.txt
2009_004383_jpg.rf.2a08221d68964f3f317e9d57ed8a60a0.jpg,2009_004383_jpg.rf.2a08221d68964f3f317e9d57ed8a60a0.txt
2011_004618_jpg.rf.2a34e1d3c095d1c4a0bb44493dbdc81e.jpg,2011_004618_jpg.rf.2a34e1d3c095d1c4a0bb44493dbdc81e.txt
2008_002746_jpg.rf.7de8e49de364e91f30afbabd18642f2b.jpg,2008_002746_jpg.rf.7de8e49de364e91f30afbabd18642f2b.txt
2008_007788_jpg.rf.4a2087ad815e1c02a2012118a8b47f05.jpg,2008_007788_jpg.rf.4a2087ad815e1c02a2012118a8b47f05.txt
2008_008055_jpg.rf.7f8a552ddbca365255df8c927b038caa.jpg,2008_008055_jpg.rf.7f8a552ddbca365255df8c927b038caa.txt
2009_003309_jpg.rf.839e65fe0ef0a1c60441d534e1eaa87e.jpg,2009_003309_jpg.rf.839e65fe0ef0a1c60441d534e1eaa87e.txt
2009_002150_jpg.rf.2a45b1a15fea64f5a005319ad9ebb194.jpg,2009_002150_jpg.rf.2a45b1a15fea64f5a005319ad9ebb194.txt
2008_007916_jpg.rf.c05f8ff8a65b54a7f872cc2a99bb8c40.jpg,2008_007916_jpg.rf.c05f8ff8a65b54a7f872cc2a99bb8c40.txt
2008_007095_jpg.rf.03a0ed4b5f42f91d5c1569a518d71866.jpg,2008_007095_jpg.rf.03a0ed4b5f42f91d5c1569a518d71866.txt
2009_002917_jpg.rf.61b0a8427b6ffc53e3a3ce6dfff7587e.jpg,2009_002917_jpg.rf.61b0a8427b6ffc53e3a3ce6dfff7587e.txt
2009_002438_jpg.rf.c0b87c2870053a72656ea8353cb94551.jpg,2009_002438_jpg.rf.c0b87c2870053a72656ea8353cb94551.txt
2008_007442_jpg.rf.66988e89a6f7f6bcd67b0232d30c93c1.jpg,2008_007442_jpg.rf.66988e89a6f7f6bcd67b0232d30c93c1.txt
2009_002439_jpg.rf.99e96be67fc790c42012c011b934c3d1.jpg,2009_002439_jpg.rf.99e96be67fc790c42012c011b934c3d1.txt
2008_006447_jpg.rf.24d7ba475980aefe42940bfb173f616b.jpg,2008_006447_jpg.rf.24d7ba475980aefe42940bfb173f616b.txt
2008_003147_jpg.rf.823c34fb4664a318836bd01881475931.jpg,2008_003147_jpg.rf.823c34fb4664a318836bd01881475931.txt
2008_008125_jpg.rf.b24640495517d2e8c185c5971851ee3f.jpg,2008_008125_jpg.rf.b24640495517d2e8c185c5971851ee3f.txt
2009_003204_jpg.rf.1131748f6565e19f827c9b8fe9984e0f.jpg,2009_003204_jpg.rf.1131748f6565e19f827c9b8fe9984e0f.txt
2011_004667_jpg.rf.813a293aa86d8eb2460e24a054a4a93c.jpg,2011_004667_jpg.rf.813a293aa86d8eb2460e24a054a4a93c.txt
2009_002568_jpg.rf.ea8e25b91f081276f5ff86e95c71c7b4.jpg,2009_002568_jpg.rf.ea8e25b91f081276f5ff86e95c71c7b4.txt
2009_003905_jpg.rf.572e2b87a931ac0213dd41534a1d98a5.jpg,2009_003905_jpg.rf.572e2b87a931ac0213dd41534a1d98a5.txt
2008_008093_jpg.rf.ff5a339f2d076d876483ebdf2a8f6762.jpg,2008_008093_jpg.rf.ff5a339f2d076d876483ebdf2a8f6762.txt
2009_002778_jpg.rf.dac3c82f828460313c9c5be75edac257.jpg,2009_002778_jpg.rf.dac3c82f828460313c9c5be75edac257.txt
2009_003430_jpg.rf.6998a537596036feef267c68729387d1.jpg,2009_003430_jpg.rf.6998a537596036feef267c68729387d1.txt
2009_003445_jpg.rf.d2db80b3863a9aebdd7403e9a22f8e37.jpg,2009_003445_jpg.rf.d2db80b3863a9aebdd7403e9a22f8e37.txt
2008_002973_jpg.rf.6ac9317347deb4ffda0a771eaced2b2d.jpg,2008_002973_jpg.rf.6ac9317347deb4ffda0a771eaced2b2d.txt
2008_007981_jpg.rf.13fc2eacc55bd93ac8eef13012058cab.jpg,2008_007981_jpg.rf.13fc2eacc55bd93ac8eef13012058cab.txt
2009_005234_jpg.rf.5141dfc654a9832bf65d1781900a70a9.jpg,2009_005234_jpg.rf.5141dfc654a9832bf65d1781900a70a9.txt
2011_004468_jpg.rf.16d09bcb0143167da16567dbd38f427a.jpg,2011_004468_jpg.rf.16d09bcb0143167da16567dbd38f427a.txt
2011_003450_jpg.rf.c883e677897bedd26939172d9d65ae39.jpg,2011_003450_jpg.rf.c883e677897bedd26939172d9d65ae39.txt
2009_003629_jpg.rf.45aebc8e36b6af3c27e6cd5c6fe4d25d.jpg,2009_003629_jpg.rf.45aebc8e36b6af3c27e6cd5c6fe4d25d.txt
2011_003636_jpg.rf.625350bfb28371bf5b06338280a4a648.jpg,2011_003636_jpg.rf.625350bfb28371bf5b06338280a4a648.txt
2008_006692_jpg.rf.91991bb1525fd90f4007ddaf5f6c68b7.jpg,2008_006692_jpg.rf.91991bb1525fd90f4007ddaf5f6c68b7.txt
2011_003456_jpg.rf.6710b6142271190895c6451c1ef9aefc.jpg,2011_003456_jpg.rf.6710b6142271190895c6451c1ef9aefc.txt
2009_003537_jpg.rf.a644837b89a998750a33b57eeb93cd3e.jpg,2009_003537_jpg.rf.a644837b89a998750a33b57eeb93cd3e.txt
2011_003279_jpg.rf.2d58ad421af1fe73ce9802144e5ad28d.jpg,2011_003279_jpg.rf.2d58ad421af1fe73ce9802144e5ad28d.txt
2008_008121_jpg.rf.b6fb674deef94f86ca5ce2477296e8ec.jpg,2008_008121_jpg.rf.b6fb674deef94f86ca5ce2477296e8ec.txt
2008_007611_jpg.rf.a6fff23501455e4c5e416216b6af8d3e.jpg,2008_007611_jpg.rf.a6fff23501455e4c5e416216b6af8d3e.txt
2008_008519_jpg.rf.136a59362cd34e118fa0cba332328cf2.jpg,2008_008519_jpg.rf.136a59362cd34e118fa0cba332328cf2.txt
2008_006528_jpg.rf.28c25e1d6cdc00f746ece8dd34db5ebf.jpg,2008_006528_jpg.rf.28c25e1d6cdc00f746ece8dd34db5ebf.txt
2008_006949_jpg.rf.c86b00fc8f8f9dd749c32febc3ad7f36.jpg,2008_006949_jpg.rf.c86b00fc8f8f9dd749c32febc3ad7f36.txt
2011_005058_jpg.rf.4d65ac6156a76eb64851265bd18cfb5f.jpg,2011_005058_jpg.rf.4d65ac6156a76eb64851265bd18cfb5f.txt
2008_007599_jpg.rf.b6dd4e418829338208598564bb7c9534.jpg,2008_007599_jpg.rf.b6dd4e418829338208598564bb7c9534.txt
2008_007997_jpg.rf.6996d37c78e69110ddd3673d27112592.jpg,2008_007997_jpg.rf.6996d37c78e69110ddd3673d27112592.txt
2008_007704_jpg.rf.9b25744be2d8635df9c81c5e9de14c5f.jpg,2008_007704_jpg.rf.9b25744be2d8635df9c81c5e9de14c5f.txt
2009_002978_jpg.rf.ab7e59875b26de936a44b1b08402097c.jpg,2009_002978_jpg.rf.ab7e59875b26de936a44b1b08402097c.txt
2009_004303_jpg.rf.60dfbf5adfcc2442b1ea5c6df03b7ffd.jpg,2009_004303_jpg.rf.60dfbf5adfcc2442b1ea5c6df03b7ffd.txt
2008_007222_jpg.rf.64799750de729c35c97a70463bc716e9.jpg,2008_007222_jpg.rf.64799750de729c35c97a70463bc716e9.txt
2011_003764_jpg.rf.242b0cb2bd3d835fd1798dbdb206d92c.jpg,2011_003764_jpg.rf.242b0cb2bd3d835fd1798dbdb206d92c.txt
2011_004199_jpg.rf.226a3ddc1673cff0d84420beaf44e7bc.jpg,2011_004199_jpg.rf.226a3ddc1673cff0d84420beaf44e7bc.txt
2009_003708_jpg.rf.a6b68f978b60b20d6da3d6bea8c7658b.jpg,2009_003708_jpg.rf.a6b68f978b60b20d6da3d6bea8c7658b.txt
2008_008276_jpg.rf.1f5d10bdd452dc69ccd2afe32dcc758f.jpg,2008_008276_jpg.rf.1f5d10bdd452dc69ccd2afe32dcc758f.txt
2008_007717_jpg.rf.1b6af920a65bbb8ffb8a2fca078aeb8b.jpg,2008_007717_jpg.rf.1b6af920a65bbb8ffb8a2fca078aeb8b.txt
2009_005150_jpg.rf.9a8591e80fabd0717b0e8f4157d43b9a.jpg,2009_005150_jpg.rf.9a8591e80fabd0717b0e8f4157d43b9a.txt
2011_003395_jpg.rf.31189eefd38fa2593ef0a8f8f2cc2f91.jpg,2011_003395_jpg.rf.31189eefd38fa2593ef0a8f8f2cc2f91.txt
2008_002847_jpg.rf.eb46d2f132a910756c3e6dc1b4331a35.jpg,2008_002847_jpg.rf.eb46d2f132a910756c3e6dc1b4331a35.txt
2008_007829_jpg.rf.a041c9ecc135e4fc4c98e1e6021dd548.jpg,2008_007829_jpg.rf.a041c9ecc135e4fc4c98e1e6021dd548.txt
2009_005144_jpg.rf.a80e743c6659ff6c6f16bc5bdcbf6b64.jpg,2009_005144_jpg.rf.a80e743c6659ff6c6f16bc5bdcbf6b64.txt
2011_004471_jpg.rf.25c4f46c9ec4d3cd0acd3a8380fae439.jpg,2011_004471_jpg.rf.25c4f46c9ec4d3cd0acd3a8380fae439.txt
2008_008433_jpg.rf.7cbe71817b7ce1b84b60d5a6e6b39212.jpg,2008_008433_jpg.rf.7cbe71817b7ce1b84b60d5a6e6b39212.txt
2009_005085_jpg.rf.5f5be5c1feb1b63efe94ec153f910f5b.jpg,2009_005085_jpg.rf.5f5be5c1feb1b63efe94ec153f910f5b.txt
2008_003272_jpg.rf.9eb3bc482c60b931a42ceb5aacafaa81.jpg,2008_003272_jpg.rf.9eb3bc482c60b931a42ceb5aacafaa81.txt
2011_003824_jpg.rf.f6b409002666afc998f20284bda58054.jpg,2011_003824_jpg.rf.f6b409002666afc998f20284bda58054.txt
2008_003305_jpg.rf.42c8d78697955260ef3eaa4b16e70c8a.jpg,2008_003305_jpg.rf.42c8d78697955260ef3eaa4b16e70c8a.txt
2011_004986_jpg.rf.44c9b5550c944b7b201cfc29aa45c1e0.jpg,2011_004986_jpg.rf.44c9b5550c944b7b201cfc29aa45c1e0.txt
2011_005121_jpg.rf.1bd65d8f39dcb40c5a3626a96565d219.jpg,2011_005121_jpg.rf.1bd65d8f39dcb40c5a3626a96565d219.txt
2008_007190_jpg.rf.0e6c0d90ea75c3c0c73ffbf4fce8acbb.jpg,2008_007190_jpg.rf.0e6c0d90ea75c3c0c73ffbf4fce8acbb.txt
2009_004477_jpg.rf.5ae3148f5ca59ed9ec72f51998de5637.jpg,2009_004477_jpg.rf.5ae3148f5ca59ed9ec72f51998de5637.txt
2008_007544_jpg.rf.80988afde5fea1a2c4ad776db61b9be2.jpg,2008_007544_jpg.rf.80988afde5fea1a2c4ad776db61b9be2.txt
2009_002297_jpg.rf.8e2c40cfda4617df05ec0a1d4225a1c9.jpg,2009_002297_jpg.rf.8e2c40cfda4617df05ec0a1d4225a1c9.txt
2008_003846_jpg.rf.a72ae02f4d79914b0ea15a1eb8e862e6.jpg,2008_003846_jpg.rf.a72ae02f4d79914b0ea15a1eb8e862e6.txt
2009_004312_jpg.rf.e10e35211a04c1b7b21ae6e6560304b4.jpg,2009_004312_jpg.rf.e10e35211a04c1b7b21ae6e6560304b4.txt
2009_002608_jpg.rf.085a4a1fc69cec88ddfcc30bff2f6cac.jpg,2009_002608_jpg.rf.085a4a1fc69cec88ddfcc30bff2f6cac.txt
2011_003422_jpg.rf.b8fe419ea1a7b9d9bda15b54f6795a01.jpg,2011_003422_jpg.rf.b8fe419ea1a7b9d9bda15b54f6795a01.txt
2009_003638_jpg.rf.b33e3918c792dfafc8c65968636fa4bf.jpg,2009_003638_jpg.rf.b33e3918c792dfafc8c65968636fa4bf.txt
2008_003691_jpg.rf.182a9c704568248ae73aa6ad28b3edf8.jpg,2008_003691_jpg.rf.182a9c704568248ae73aa6ad28b3edf8.txt
2009_004518_jpg.rf.9718f471549a7dc3b65e9dff7d93fae3.jpg,2009_004518_jpg.rf.9718f471549a7dc3b65e9dff7d93fae3.txt
2011_003300_jpg.rf.4dd9984dcd1454580903ca77059bed66.jpg,2011_003300_jpg.rf.4dd9984dcd1454580903ca77059bed66.txt
2008_003022_jpg.rf.329fcf17d881243bffa2180a55cbc40a.jpg,2008_003022_jpg.rf.329fcf17d881243bffa2180a55cbc40a.txt
2009_002185_jpg.rf.a893e4fe4daaf964279f1650904ce361.jpg,2009_002185_jpg.rf.a893e4fe4daaf964279f1650904ce361.txt
2008_003336_jpg.rf.c3be86511f3dd43c434364db3314ce39.jpg,2008_003336_jpg.rf.c3be86511f3dd43c434364db3314ce39.txt
2009_002333_jpg.rf.6c45feb5ddd4a66e6257a1ebc76e5103.jpg,2009_002333_jpg.rf.6c45feb5ddd4a66e6257a1ebc76e5103.txt
2009_004370_jpg.rf.5804933e61f58bbe0c4667a3b5b849aa.jpg,2009_004370_jpg.rf.5804933e61f58bbe0c4667a3b5b849aa.txt
2009_003002_jpg.rf.28e0cefab247a012a25ae467d479d2d1.jpg,2009_003002_jpg.rf.28e0cefab247a012a25ae467d479d2d1.txt
2009_002952_jpg.rf.545f2dbf2d96ed4b5d5fd18f63c3e41f.jpg,2009_002952_jpg.rf.545f2dbf2d96ed4b5d5fd18f63c3e41f.txt
2011_003862_jpg.rf.c2ab96d5aa43a0b221bba75a65bd18f9.jpg,2011_003862_jpg.rf.c2ab96d5aa43a0b221bba75a65bd18f9.txt
2009_004799_jpg.rf.1e05e6f8bb43e4c3ad030f33dd6d27d9.jpg,2009_004799_jpg.rf.1e05e6f8bb43e4c3ad030f33dd6d27d9.txt
2011_004473_jpg.rf.9e416d0d87f732d828944eb55fd6ba58.jpg,2011_004473_jpg.rf.9e416d0d87f732d828944eb55fd6ba58.txt
2009_003409_jpg.rf.e9cb4ab1bdc003a139eb4c11241d4e40.jpg,2009_003409_jpg.rf.e9cb4ab1bdc003a139eb4c11241d4e40.txt
2008_003701_jpg.rf.f48f096f3e4d8fd3ab47f44233be4645.jpg,2008_003701_jpg.rf.f48f096f3e4d8fd3ab47f44233be4645.txt
2008_008266_jpg.rf.bfa63799c6010018b976d93ce9e36415.jpg,2008_008266_jpg.rf.bfa63799c6010018b976d93ce9e36415.txt
2008_007646_jpg.rf.4514b596e211330ea2a1f648e699a754.jpg,2008_007646_jpg.rf.4514b596e211330ea2a1f648e699a754.txt
2009_004674_jpg.rf.971a0b120d7ca9259a9c39674cfcedc1.jpg,2009_004674_jpg.rf.971a0b120d7ca9259a9c39674cfcedc1.txt
2009_002519_jpg.rf.62091ef0bbc8b1372ffce3776553ddcf.jpg,2009_002519_jpg.rf.62091ef0bbc8b1372ffce3776553ddcf.txt
2008_002704_jpg.rf.195f47e4f1c9941845ec4e0d688f6b6a.jpg,2008_002704_jpg.rf.195f47e4f1c9941845ec4e0d688f6b6a.txt
2009_003147_jpg.rf.5be86315b5990bd0951336270f1e6346.jpg,2009_003147_jpg.rf.5be86315b5990bd0951336270f1e6346.txt
2011_004483_jpg.rf.c69fa9ab05cb71bb2ce024c3c421ad5d.jpg,2011_004483_jpg.rf.c69fa9ab05cb71bb2ce024c3c421ad5d.txt
2009_005118_jpg.rf.76378bf2a691246e40a34f05744924b3.jpg,2009_005118_jpg.rf.76378bf2a691246e40a34f05744924b3.txt
2009_002638_jpg.rf.38e3063288cb83d3d164e4d2996b314a.jpg,2009_002638_jpg.rf.38e3063288cb83d3d164e4d2996b314a.txt
2009_005229_jpg.rf.01a3d93906e28889d2910ea16b49d61c.jpg,2009_005229_jpg.rf.01a3d93906e28889d2910ea16b49d61c.txt
2011_004046_jpg.rf.2a54db89296465e3b07f61542a412e6b.jpg,2011_004046_jpg.rf.2a54db89296465e3b07f61542a412e6b.txt
2008_006831_jpg.rf.96731b96b83955b55cd94ab6fbeea6dd.jpg,2008_006831_jpg.rf.96731b96b83955b55cd94ab6fbeea6dd.txt
2011_003666_jpg.rf.3fa4b61fd5a8f639c0dc80e35aa3cd30.jpg,2011_003666_jpg.rf.3fa4b61fd5a8f639c0dc80e35aa3cd30.txt
2009_003457_jpg.rf.29cc4a3fbe91f4fad3cd5e07b1b09a00.jpg,2009_003457_jpg.rf.29cc4a3fbe91f4fad3cd5e07b1b09a00.txt
2008_002775_jpg.rf.90e392b146a329b39531b3583351e60c.jpg,2008_002775_jpg.rf.90e392b146a329b39531b3583351e60c.txt
2009_004582_jpg.rf.3fd09352ce6d527208cd8664f2cede5b.jpg,2009_004582_jpg.rf.3fd09352ce6d527208cd8664f2cede5b.txt
2009_002618_jpg.rf.b4dd2699fb1502f9b4efd67d43c9afc3.jpg,2009_002618_jpg.rf.b4dd2699fb1502f9b4efd67d43c9afc3.txt
2009_004979_jpg.rf.72824fe3f9c689a1bfaa5e812473da5c.jpg,2009_004979_jpg.rf.72824fe3f9c689a1bfaa5e812473da5c.txt
2009_005145_jpg.rf.cf933c07f92451b87ee137bb776a903f.jpg,2009_005145_jpg.rf.cf933c07f92451b87ee137bb776a903f.txt
2009_003468_jpg.rf.5c34840b2cff8bcb9ced629285548cd2.jpg,2009_003468_jpg.rf.5c34840b2cff8bcb9ced629285548cd2.txt
2008_008337_jpg.rf.5424400ec98d6e0a0ea624e78b862a9d.jpg,2008_008337_jpg.rf.5424400ec98d6e0a0ea624e78b862a9d.txt
2009_004961_jpg.rf.4cf6f90f5643510aebbac1b3b815caf6.jpg,2009_004961_jpg.rf.4cf6f90f5643510aebbac1b3b815caf6.txt
2008_006732_jpg.rf.6e9b531f2b70929ed71003a79bd3c2ba.jpg,2008_006732_jpg.rf.6e9b531f2b70929ed71003a79bd3c2ba.txt
2009_003626_jpg.rf.cdb42f100a7f2453587a265d6b521c30.jpg,2009_003626_jpg.rf.cdb42f100a7f2453587a265d6b521c30.txt
2011_004317_jpg.rf.605c73894e51dac8e058eae8cbf5b7f3.jpg,2011_004317_jpg.rf.605c73894e51dac8e058eae8cbf5b7f3.txt
2009_004334_jpg.rf.6a736c0940ed2ac8fd7ccc572d91ecf5.jpg,2009_004334_jpg.rf.6a736c0940ed2ac8fd7ccc572d91ecf5.txt
2009_004532_jpg.rf.d5ae2a866ea91ae6b4e91a427ff70a11.jpg,2009_004532_jpg.rf.d5ae2a866ea91ae6b4e91a427ff70a11.txt
2009_004529_jpg.rf.7811fe15f1b7002c5e6e2fc110859b93.jpg,2009_004529_jpg.rf.7811fe15f1b7002c5e6e2fc110859b93.txt
2009_005137_jpg.rf.47bd2c18fc3cb2aec3aec0f8213db2ba.jpg,2009_005137_jpg.rf.47bd2c18fc3cb2aec3aec0f8213db2ba.txt
2011_004410_jpg.rf.ca4f94cfadc0ec10f74a9226fef18a62.jpg,2011_004410_jpg.rf.ca4f94cfadc0ec10f74a9226fef18a62.txt
2009_004012_jpg.rf.c91528dc733273cd7bcef4446da4c74e.jpg,2009_004012_jpg.rf.c91528dc733273cd7bcef4446da4c74e.txt
2011_004486_jpg.rf.b223f578cdd836ac1e0db856abbfc7d0.jpg,2011_004486_jpg.rf.b223f578cdd836ac1e0db856abbfc7d0.txt
2011_003438_jpg.rf.5ed617ae7dc4d1b3d32e116c8a08c54e.jpg,2011_003438_jpg.rf.5ed617ae7dc4d1b3d32e116c8a08c54e.txt
2009_003752_jpg.rf.068e47f2e78ed81a3eef8059892b1f16.jpg,2009_003752_jpg.rf.068e47f2e78ed81a3eef8059892b1f16.txt
2008_002793_jpg.rf.954bfc3c9eba981c58981294e4d394dd.jpg,2008_002793_jpg.rf.954bfc3c9eba981c58981294e4d394dd.txt
2008_003749_jpg.rf.6d79e9aef46e3cb32186c4a328a97877.jpg,2008_003749_jpg.rf.6d79e9aef46e3cb32186c4a328a97877.txt
2008_006703_jpg.rf.f8b8950c02ac67368428705a6a97ab4a.jpg,2008_006703_jpg.rf.f8b8950c02ac67368428705a6a97ab4a.txt
2009_002202_jpg.rf.d3707ebef4ccb1c0ea72625ca7661efb.jpg,2009_002202_jpg.rf.d3707ebef4ccb1c0ea72625ca7661efb.txt
2011_004816_jpg.rf.7ebfd5ad8235175ae00b363ecb38c40e.jpg,2011_004816_jpg.rf.7ebfd5ad8235175ae00b363ecb38c40e.txt
2009_004706_jpg.rf.3a0041c33560efe9f83fe9619f149c5b.jpg,2009_004706_jpg.rf.3a0041c33560efe9f83fe9619f149c5b.txt
2009_004956_jpg.rf.d72f9dfe7fba128690380a147c0ce19e.jpg,2009_004956_jpg.rf.d72f9dfe7fba128690380a147c0ce19e.txt
2009_004921_jpg.rf.64f51f13f1639777a49602c604286f06.jpg,2009_004921_jpg.rf.64f51f13f1639777a49602c604286f06.txt
2008_007546_jpg.rf.1218593d97d80e0cb64ebe62762b131e.jpg,2008_007546_jpg.rf.1218593d97d80e0cb64ebe62762b131e.txt
2009_004183_jpg.rf.5f23ff398bfbcebb2a5ee5a6bc77d9e7.jpg,2009_004183_jpg.rf.5f23ff398bfbcebb2a5ee5a6bc77d9e7.txt
2011_003673_jpg.rf.8e2919fd2eb603be91dd501b3b139b45.jpg,2011_003673_jpg.rf.8e2919fd2eb603be91dd501b3b139b45.txt
2011_004742_jpg.rf.756600bc037bf3a7fdd16448e730c219.jpg,2011_004742_jpg.rf.756600bc037bf3a7fdd16448e730c219.txt
2011_004083_jpg.rf.c69107ede3732832d89dedb9b7ea27a1.jpg,2011_004083_jpg.rf.c69107ede3732832d89dedb9b7ea27a1.txt
2009_004315_jpg.rf.dd3b41e3dd12326185fe841cf9aa053d.jpg,2009_004315_jpg.rf.dd3b41e3dd12326185fe841cf9aa053d.txt
2011_004209_jpg.rf.4a70f8cdeb4b526f4077ff1abdd57654.jpg,2011_004209_jpg.rf.4a70f8cdeb4b526f4077ff1abdd57654.txt
2009_002728_jpg.rf.ed4ecdd1696a11136ff5c5f15c49aa8f.jpg,2009_002728_jpg.rf.ed4ecdd1696a11136ff5c5f15c49aa8f.txt
2011_004754_jpg.rf.839929bc61c7022c12fd7246b4417d17.jpg,2011_004754_jpg.rf.839929bc61c7022c12fd7246b4417d17.txt
2009_003232_jpg.rf.d385dfcdaa038ab228aea0723f243c3f.jpg,2009_003232_jpg.rf.d385dfcdaa038ab228aea0723f243c3f.txt
2011_004847_jpg.rf.c195c9658291b5501fe0b455160ea3ea.jpg,2011_004847_jpg.rf.c195c9658291b5501fe0b455160ea3ea.txt
2008_003420_jpg.rf.98594e5d95279ba80367342ab30fd8e1.jpg,2008_003420_jpg.rf.98594e5d95279ba80367342ab30fd8e1.txt
2008_006887_jpg.rf.014b3163eb8a756a94d24d0771bb8785.jpg,2008_006887_jpg.rf.014b3163eb8a756a94d24d0771bb8785.txt
2011_004054_jpg.rf.541e6549de9b6c4fecbe9db6106e572f.jpg,2011_004054_jpg.rf.541e6549de9b6c4fecbe9db6106e572f.txt
2009_003739_jpg.rf.c2906e4ffec0b76376ebaa1ab6687086.jpg,2009_003739_jpg.rf.c2906e4ffec0b76376ebaa1ab6687086.txt
2009_004556_jpg.rf.a5a996d6d75eea7383bb09cf59682231.jpg,2009_004556_jpg.rf.a5a996d6d75eea7383bb09cf59682231.txt
2009_002807_jpg.rf.a475f4430032e393ca3e0a29867561be.jpg,2009_002807_jpg.rf.a475f4430032e393ca3e0a29867561be.txt
2009_003773_jpg.rf.96d06dc67e3d7e2667972f08883361ef.jpg,2009_003773_jpg.rf.96d06dc67e3d7e2667972f08883361ef.txt
2008_003154_jpg.rf.542e617af4b36da34711aa717663c827.jpg,2008_003154_jpg.rf.542e617af4b36da34711aa717663c827.txt
2009_003607_jpg.rf.e07543c9f71a0f085cbb9fd8b6ccfde0.jpg,2009_003607_jpg.rf.e07543c9f71a0f085cbb9fd8b6ccfde0.txt
2008_002700_jpg.rf.e4566a5f6f0c99991f02b4d2d332a4a5.jpg,2008_002700_jpg.rf.e4566a5f6f0c99991f02b4d2d332a4a5.txt
2009_003814_jpg.rf.077122ed43fd633203236ab7d2611f62.jpg,2009_003814_jpg.rf.077122ed43fd633203236ab7d2611f62.txt
2011_004758_jpg.rf.45db1a526ea7831a5103a1ae266a4edc.jpg,2011_004758_jpg.rf.45db1a526ea7831a5103a1ae266a4edc.txt
2008_003087_jpg.rf.0cc839517571ef99b210be284948865f.jpg,2008_003087_jpg.rf.0cc839517571ef99b210be284948865f.txt
2008_006815_jpg.rf.9f7c6193b7ea64f62ee2a31b8e4ecc69.jpg,2008_006815_jpg.rf.9f7c6193b7ea64f62ee2a31b8e4ecc69.txt
2011_003275_jpg.rf.91f09c7fe1203bd9e783af85158f162c.jpg,2011_003275_jpg.rf.91f09c7fe1203bd9e783af85158f162c.txt
2011_003629_jpg.rf.af600c774f8dc6e660b8e0b5d0ee3d2f.jpg,2011_003629_jpg.rf.af600c774f8dc6e660b8e0b5d0ee3d2f.txt
2009_004631_jpg.rf.cc48e48e6dd436e1c9e5e3446f532e9f.jpg,2009_004631_jpg.rf.cc48e48e6dd436e1c9e5e3446f532e9f.txt
2008_002971_jpg.rf.315582a820c14d494aaebf74a70d8216.jpg,2008_002971_jpg.rf.315582a820c14d494aaebf74a70d8216.txt
2009_004131_jpg.rf.d8d7d7cd52b38883efde2353a8f9f0ca.jpg,2009_004131_jpg.rf.d8d7d7cd52b38883efde2353a8f9f0ca.txt
2008_006389_jpg.rf.9acf166127de857a02b92da6ad562bcc.jpg,2008_006389_jpg.rf.9acf166127de857a02b92da6ad562bcc.txt
2008_006863_jpg.rf.b09e2a7767d6752378aeabcaa3a6fc3d.jpg,2008_006863_jpg.rf.b09e2a7767d6752378aeabcaa3a6fc3d.txt
